Order_ID,Order_Date,City,State,Category,Quantity,Unit_Price_INR,Discount,Sales_INR,Profit_INR,Payment_Method,Channel
IN100001,2025-02-17,Kolkata,West Bengal,Grocery,5,810.48,0.2,3241.92,713.22,UPI,Online
IN100002,2025-10-06,Hyderabad,Telangana,Grocery,4,572.06,0.25,1716.18,377.56,UPI,Online
IN100003,2025-11-20,Ahmedabad,Gujarat,Electronics,3,2686.61,0.1,7253.85,1740.92,Net Banking,Online
IN100004,2025-12-05,Chennai,Tamil Nadu,Electronics,1,4142.83,0.2,3314.26,795.42,Credit Card,Online
IN100005,2024-09-22,Kolkata,West Bengal,Clothing,2,1675.24,0.05,3182.96,891.23,UPI,Online
IN100006,2025-07-25,Lucknow,Uttar Pradesh,Beauty,2,696.33,0.2,1114.13,356.52,Credit Card,Store
IN100007,2024-07-23,Bengaluru,Karnataka,Grocery,3,544.65,0.05,1552.25,341.49,UPI,Store
IN100008,2025-10-28,Kolkata,West Bengal,Home & Kitchen,5,1986.99,0.25,7451.21,2235.36,UPI,Online
IN100009,2025-08-06,Ahmedabad,Gujarat,Clothing,1,1361.67,0.05,1293.59,362.21,UPI,Online
IN100010,2024-06-04,Chennai,Tamil Nadu,Clothing,3,1438.8,0.0,4316.4,1208.59,Net Banking,Online
IN100011,2024-06-21,Hyderabad,Telangana,Electronics,3,4219.21,0.0,12657.63,3037.83,Debit Card,Online
IN100012,2024-11-03,Ahmedabad,Gujarat,Electronics,2,3114.09,0.0,6228.18,1494.76,Cash,Online
IN100013,2025-03-25,Ahmedabad,Gujarat,Home & Kitchen,4,2291.57,0.1,8249.65,2474.9,Net Banking,Store
IN100014,2024-03-02,Bengaluru,Karnataka,Grocery,4,734.16,0.1,2642.98,581.46,Net Banking,Store
IN100015,2025-01-07,Pune,Maharashtra,Clothing,5,1090.67,0.25,4090.01,1145.2,Debit Card,Online
IN100016,2025-04-04,Chennai,Tamil Nadu,Home & Kitchen,5,2131.07,0.1,9589.82,2876.95,Debit Card,Store
IN100017,2025-04-19,Delhi,Delhi,Clothing,3,1453.39,0.05,4142.16,1159.8,UPI,Store
IN100018,2025-01-15,Ahmedabad,Gujarat,Beauty,5,761.68,0.15,3237.14,1035.88,UPI,Online
IN100019,2025-12-17,Pune,Maharashtra,Clothing,4,1243.49,0.0,4973.96,1392.71,Credit Card,Store
IN100020,2025-07-25,Delhi,Delhi,Clothing,1,1487.17,0.2,1189.74,333.13,Credit Card,Store
IN100021,2024-03-26,Chennai,Tamil Nadu,Clothing,2,1527.55,0.1,2749.59,769.89,Net Banking,Store
IN100022,2024-05-22,Mumbai,Maharashtra,Electronics,4,4253.81,0.15,14462.95,3471.11,Credit Card,Online
IN100023,2024-01-07,Lucknow,Uttar Pradesh,Electronics,5,4017.82,0.0,20089.1,4821.38,Debit Card,Store
IN100024,2024-10-21,Pune,Maharashtra,Grocery,2,541.97,0.0,1083.94,238.47,Credit Card,Store
IN100025,2025-11-21,Jaipur,Rajasthan,Home & Kitchen,2,2165.57,0.2,3464.91,1039.47,UPI,Online
IN100026,2025-06-02,Mumbai,Maharashtra,Home & Kitchen,3,1269.7,0.1,3428.19,1028.46,Credit Card,Online
IN100027,2025-10-13,Lucknow,Uttar Pradesh,Electronics,5,2510.0,0.3,8785.0,2108.4,Credit Card,Online
IN100028,2025-06-09,Bengaluru,Karnataka,Grocery,3,539.37,0.1,1456.3,320.39,Credit Card,Store
IN100029,2024-02-03,Kolkata,West Bengal,Electronics,2,3482.17,0.2,5571.47,1337.15,Credit Card,Online
IN100030,2024-11-24,Hyderabad,Telangana,Electronics,3,2644.94,0.3,5554.37,1333.05,UPI,Store
IN100031,2025-08-31,Jaipur,Rajasthan,Grocery,5,609.33,0.05,2894.32,636.75,Credit Card,Online
IN100032,2025-09-29,Bengaluru,Karnataka,Grocery,4,557.57,0.2,1784.22,392.53,Debit Card,Online
IN100033,2024-02-03,Chennai,Tamil Nadu,Electronics,1,2941.83,0.0,2941.83,706.04,Credit Card,Online
IN100034,2025-02-09,Bengaluru,Karnataka,Electronics,4,4200.3,0.15,14281.02,3427.44,Credit Card,Online
IN100035,2024-01-18,Kolkata,West Bengal,Beauty,2,1213.47,0.15,2062.9,660.13,UPI,Online
IN100036,2025-03-05,Chennai,Tamil Nadu,Electronics,4,3666.3,0.1,13198.68,3167.68,UPI,Online
IN100037,2025-03-03,Jaipur,Rajasthan,Clothing,3,1500.8,0.0,4502.4,1260.67,UPI,Online
IN100038,2024-10-19,Kolkata,West Bengal,Grocery,5,754.32,0.15,3205.86,705.29,UPI,Online
IN100039,2025-08-02,Delhi,Delhi,Electronics,4,3845.04,0.2,12304.13,2952.99,Credit Card,Online
IN100040,2024-03-20,Hyderabad,Telangana,Electronics,4,3777.15,0.25,11331.45,2719.55,Cash,Online
IN100041,2024-03-26,Jaipur,Rajasthan,Clothing,5,1054.52,0.15,4481.71,1254.88,UPI,Store
IN100042,2025-07-25,Delhi,Delhi,Home & Kitchen,3,1623.04,0.05,4625.66,1387.7,UPI,Store
IN100043,2024-02-17,Lucknow,Uttar Pradesh,Grocery,1,600.1,0.2,480.08,105.62,Credit Card,Store
IN100044,2025-11-21,Jaipur,Rajasthan,Grocery,4,611.01,0.2,1955.23,430.15,Credit Card,Online
IN100045,2024-03-24,Lucknow,Uttar Pradesh,Beauty,2,831.42,0.05,1579.7,505.5,Credit Card,Online
IN100046,2025-08-29,Chennai,Tamil Nadu,Home & Kitchen,3,2180.9,0.0,6542.7,1962.81,Cash,Online
IN100047,2024-11-03,Delhi,Delhi,Clothing,3,1660.32,0.2,3984.77,1115.74,Cash,Online
IN100048,2024-09-08,Hyderabad,Telangana,Clothing,4,984.19,0.2,3149.41,881.83,UPI,Store
IN100049,2025-04-25,Kolkata,West Bengal,Grocery,5,580.22,0.0,2901.1,638.24,Net Banking,Online
IN100050,2024-06-28,Ahmedabad,Gujarat,Grocery,4,718.5,0.25,2155.5,474.21,UPI,Online
IN100051,2025-08-18,Bengaluru,Karnataka,Grocery,4,505.81,0.1,1820.92,400.6,Debit Card,Online
IN100052,2024-11-05,Mumbai,Maharashtra,Grocery,5,485.08,0.3,1697.78,373.51,Debit Card,Store
IN100053,2025-03-01,Hyderabad,Telangana,Electronics,2,3963.07,0.1,7133.53,1712.05,Debit Card,Store
IN100054,2025-04-30,Delhi,Delhi,Clothing,5,1391.94,0.1,6263.73,1753.84,UPI,Online
IN100055,2025-10-23,Ahmedabad,Gujarat,Clothing,4,1758.68,0.05,6682.98,1871.23,UPI,Online
IN100056,2024-02-08,Hyderabad,Telangana,Electronics,1,3952.99,0.2,3162.39,758.97,Credit Card,Store
IN100057,2024-10-05,Delhi,Delhi,Electronics,5,4098.21,0.1,18441.94,4426.07,UPI,Store
IN100058,2025-09-16,Pune,Maharashtra,Grocery,2,475.4,0.2,760.64,167.34,UPI,Online
IN100059,2025-01-10,Pune,Maharashtra,Grocery,5,533.64,0.0,2668.2,587.0,Credit Card,Online
IN100060,2025-09-30,Lucknow,Uttar Pradesh,Clothing,5,1249.49,0.2,4997.96,1399.43,Credit Card,Store
IN100061,2024-02-10,Hyderabad,Telangana,Grocery,3,512.56,0.1,1383.91,304.46,Debit Card,Store
IN100062,2025-10-31,Pune,Maharashtra,Grocery,3,660.11,0.0,1980.33,435.67,UPI,Online
IN100063,2025-12-18,Delhi,Delhi,Electronics,4,3901.87,0.05,14827.11,3558.51,Cash,Store
IN100064,2024-02-16,Lucknow,Uttar Pradesh,Grocery,4,856.87,0.0,3427.48,754.05,UPI,Store
IN100065,2025-04-28,Delhi,Delhi,Home & Kitchen,5,2300.8,0.15,9778.4,2933.52,Cash,Store
IN100066,2024-07-03,Lucknow,Uttar Pradesh,Home & Kitchen,1,1795.08,0.1,1615.57,484.67,Credit Card,Store
IN100067,2024-03-12,Hyderabad,Telangana,Grocery,4,723.92,0.0,2895.68,637.05,Credit Card,Store
IN100068,2025-07-22,Ahmedabad,Gujarat,Grocery,5,552.47,0.05,2624.23,577.33,Cash,Online
IN100069,2025-07-27,Kolkata,West Bengal,Electronics,5,3078.26,0.1,13852.17,3324.52,UPI,Store
IN100070,2024-12-07,Jaipur,Rajasthan,Clothing,5,1772.78,0.0,8863.9,2481.89,UPI,Online
IN100071,2025-07-22,Ahmedabad,Gujarat,Electronics,5,2300.73,0.1,10353.28,2484.79,Credit Card,Store
IN100072,2024-08-30,Chennai,Tamil Nadu,Beauty,5,941.66,0.15,4002.06,1280.66,UPI,Online
IN100073,2024-11-23,Delhi,Delhi,Electronics,3,4055.42,0.1,10949.63,2627.91,Credit Card,Store
IN100074,2025-09-27,Chennai,Tamil Nadu,Electronics,2,2493.78,0.1,4488.8,1077.31,UPI,Online
IN100075,2024-06-01,Ahmedabad,Gujarat,Beauty,2,1204.79,0.05,2289.1,732.51,Cash,Online
IN100076,2024-09-11,Lucknow,Uttar Pradesh,Beauty,5,637.25,0.0,3186.25,1019.6,Debit Card,Online
IN100077,2025-12-29,Jaipur,Rajasthan,Home & Kitchen,4,2296.76,0.2,7349.63,2204.89,UPI,Store
IN100078,2025-02-27,Jaipur,Rajasthan,Electronics,1,2975.64,0.25,2231.73,535.62,Cash,Store
IN100079,2024-08-19,Mumbai,Maharashtra,Electronics,5,2516.0,0.1,11322.0,2717.28,UPI,Store
IN100080,2025-06-12,Jaipur,Rajasthan,Clothing,1,1123.2,0.05,1067.04,298.77,UPI,Online
IN100081,2025-08-14,Kolkata,West Bengal,Electronics,3,3698.45,0.1,9985.81,2396.59,UPI,Online
IN100082,2025-05-10,Jaipur,Rajasthan,Electronics,2,4051.1,0.2,6481.76,1555.62,Debit Card,Store
IN100083,2024-06-24,Ahmedabad,Gujarat,Clothing,3,1563.37,0.15,3986.59,1116.25,Credit Card,Store
IN100084,2025-07-04,Mumbai,Maharashtra,Beauty,4,1173.3,0.2,3754.56,1201.46,Debit Card,Store
IN100085,2024-05-22,Ahmedabad,Gujarat,Clothing,4,1746.66,0.05,6637.31,1858.45,UPI,Store
IN100086,2024-01-17,Ahmedabad,Gujarat,Grocery,5,458.82,0.15,1949.98,429.0,Net Banking,Store
IN100087,2024-09-05,Bengaluru,Karnataka,Grocery,4,737.83,0.15,2508.62,551.9,Debit Card,Online
IN100088,2024-02-04,Mumbai,Maharashtra,Clothing,4,1257.22,0.1,4525.99,1267.28,UPI,Store
IN100089,2024-05-25,Ahmedabad,Gujarat,Grocery,3,647.03,0.1,1746.98,384.34,Debit Card,Store
IN100090,2025-12-27,Bengaluru,Karnataka,Electronics,1,2435.58,0.1,2192.02,526.08,Credit Card,Store
IN100091,2024-06-13,Bengaluru,Karnataka,Electronics,2,2826.77,0.2,4522.83,1085.48,UPI,Store
IN100092,2024-04-20,Mumbai,Maharashtra,Grocery,4,722.31,0.25,2166.93,476.72,UPI,Online
IN100093,2025-10-08,Chennai,Tamil Nadu,Electronics,4,2694.23,0.0,10776.92,2586.46,UPI,Online
IN100094,2024-03-14,Lucknow,Uttar Pradesh,Beauty,3,1008.81,0.1,2723.79,871.61,Cash,Online
IN100095,2025-10-29,Kolkata,West Bengal,Electronics,2,4159.91,0.25,6239.86,1497.57,Credit Card,Online
IN100096,2025-12-27,Lucknow,Uttar Pradesh,Grocery,3,457.09,0.0,1371.27,301.68,UPI,Store
IN100097,2024-12-19,Jaipur,Rajasthan,Clothing,1,1695.05,0.1,1525.54,427.15,UPI,Store
IN100098,2024-09-30,Kolkata,West Bengal,Electronics,3,3573.94,0.0,10721.82,2573.24,Credit Card,Online
IN100099,2024-10-05,Jaipur,Rajasthan,Electronics,2,2337.0,0.0,4674.0,1121.76,Credit Card,Online
IN100100,2025-10-21,Ahmedabad,Gujarat,Grocery,2,788.85,0.25,1183.28,260.32,Debit Card,Store
IN100101,2024-01-31,Delhi,Delhi,Home & Kitchen,4,1522.69,0.1,5481.68,1644.5,Net Banking,Store
IN100102,2025-06-09,Mumbai,Maharashtra,Home & Kitchen,1,1571.01,0.15,1335.36,400.61,Credit Card,Online
IN100103,2025-06-18,Kolkata,West Bengal,Grocery,5,494.51,0.0,2472.55,543.96,UPI,Store
IN100104,2025-05-24,Kolkata,West Bengal,Home & Kitchen,4,1885.22,0.0,7540.88,2262.26,UPI,Online
IN100105,2025-05-28,Ahmedabad,Gujarat,Grocery,3,665.5,0.2,1597.2,351.38,Cash,Online
IN100106,2024-06-26,Chennai,Tamil Nadu,Home & Kitchen,3,1666.19,0.1,4498.71,1349.61,UPI,Online
IN100107,2024-11-24,Bengaluru,Karnataka,Grocery,2,526.3,0.0,1052.6,231.57,UPI,Online
IN100108,2025-07-24,Ahmedabad,Gujarat,Grocery,2,809.04,0.3,1132.66,249.19,Debit Card,Online
IN100109,2025-11-18,Pune,Maharashtra,Home & Kitchen,2,2285.36,0.1,4113.65,1234.1,UPI,Store
IN100110,2024-06-20,Bengaluru,Karnataka,Clothing,5,1471.93,0.1,6623.68,1854.63,UPI,Store
IN100111,2025-01-30,Mumbai,Maharashtra,Home & Kitchen,5,1545.74,0.15,6569.4,1970.82,Debit Card,Online
IN100112,2025-08-17,Bengaluru,Karnataka,Grocery,4,495.61,0.0,1982.44,436.14,UPI,Online
IN100113,2024-02-04,Chennai,Tamil Nadu,Electronics,5,4046.57,0.1,18209.57,4370.3,UPI,Online
IN100114,2024-10-23,Bengaluru,Karnataka,Electronics,2,2439.79,0.15,4147.64,995.43,Credit Card,Store
IN100115,2025-04-13,Mumbai,Maharashtra,Clothing,4,991.99,0.05,3769.56,1055.48,Credit Card,Store
IN100116,2025-05-09,Chennai,Tamil Nadu,Grocery,4,653.32,0.15,2221.29,488.68,UPI,Online
IN100117,2025-09-13,Lucknow,Uttar Pradesh,Home & Kitchen,1,2115.59,0.05,2009.81,602.94,Net Banking,Online
IN100118,2024-08-22,Kolkata,West Bengal,Electronics,5,3191.68,0.15,13564.64,3255.51,UPI,Store
IN100119,2024-02-08,Kolkata,West Bengal,Home & Kitchen,3,1320.15,0.0,3960.45,1188.14,Debit Card,Online
IN100120,2024-08-06,Jaipur,Rajasthan,Home & Kitchen,3,2067.33,0.25,4651.49,1395.45,UPI,Online
IN100121,2024-08-04,Lucknow,Uttar Pradesh,Electronics,1,3576.05,0.2,2860.84,686.6,Credit Card,Store
IN100122,2025-12-06,Lucknow,Uttar Pradesh,Home & Kitchen,2,2057.39,0.0,4114.78,1234.43,UPI,Online
IN100123,2025-11-05,Bengaluru,Karnataka,Beauty,1,753.55,0.25,565.16,180.85,UPI,Online
IN100124,2025-09-19,Kolkata,West Bengal,Home & Kitchen,2,2190.97,0.1,3943.75,1183.13,UPI,Online
IN100125,2025-11-03,Mumbai,Maharashtra,Home & Kitchen,5,1820.63,0.15,7737.68,2321.3,Credit Card,Online
IN100126,2025-08-23,Hyderabad,Telangana,Beauty,5,943.77,0.2,3775.08,1208.03,Credit Card,Store
IN100127,2025-02-23,Hyderabad,Telangana,Grocery,4,685.61,0.0,2742.44,603.34,UPI,Store
IN100128,2025-10-14,Chennai,Tamil Nadu,Clothing,4,1240.99,0.0,4963.96,1389.91,Net Banking,Store
IN100129,2024-06-22,Kolkata,West Bengal,Home & Kitchen,4,1552.66,0.05,5900.11,1770.03,UPI,Store
IN100130,2025-12-13,Kolkata,West Bengal,Grocery,4,457.01,0.1,1645.24,361.95,Credit Card,Store
IN100131,2024-04-22,Hyderabad,Telangana,Grocery,3,622.57,0.05,1774.32,390.35,UPI,Store
IN100132,2024-06-22,Kolkata,West Bengal,Clothing,4,1421.44,0.1,5117.18,1432.81,Credit Card,Store
IN100133,2024-03-14,Bengaluru,Karnataka,Home & Kitchen,4,2129.08,0.0,8516.32,2554.9,Debit Card,Online
IN100134,2025-09-28,Pune,Maharashtra,Electronics,4,2378.58,0.15,8087.17,1940.92,Credit Card,Online
IN100135,2025-06-19,Delhi,Delhi,Beauty,2,1170.53,0.0,2341.06,749.14,UPI,Store
IN100136,2024-02-01,Lucknow,Uttar Pradesh,Clothing,4,1220.2,0.05,4636.76,1298.29,UPI,Store
IN100137,2024-09-10,Jaipur,Rajasthan,Electronics,1,3002.78,0.0,3002.78,720.67,Debit Card,Online
IN100138,2025-05-11,Chennai,Tamil Nadu,Clothing,4,1024.01,0.15,3481.63,974.86,UPI,Store
IN100139,2024-04-22,Pune,Maharashtra,Electronics,4,3598.52,0.2,11515.26,2763.66,UPI,Store
IN100140,2024-07-13,Hyderabad,Telangana,Grocery,3,754.52,0.0,2263.56,497.98,UPI,Online
IN100141,2025-06-11,Lucknow,Uttar Pradesh,Beauty,4,1173.34,0.2,3754.69,1201.5,UPI,Store
IN100142,2025-03-16,Kolkata,West Bengal,Home & Kitchen,2,1654.09,0.2,2646.54,793.96,UPI,Online
IN100143,2025-05-03,Jaipur,Rajasthan,Electronics,5,2775.33,0.3,9713.65,2331.28,Cash,Store
IN100144,2025-05-11,Kolkata,West Bengal,Electronics,4,3750.26,0.1,13500.94,3240.23,Debit Card,Online
IN100145,2025-12-24,Mumbai,Maharashtra,Home & Kitchen,4,2086.96,0.05,7930.45,2379.14,Credit Card,Store
IN100146,2025-09-11,Mumbai,Maharashtra,Beauty,4,1178.22,0.05,4477.24,1432.72,UPI,Online
IN100147,2024-01-24,Jaipur,Rajasthan,Clothing,3,1166.84,0.05,3325.49,931.14,Credit Card,Online
IN100148,2024-10-16,Jaipur,Rajasthan,Grocery,5,752.99,0.15,3200.21,704.05,Credit Card,Store
IN100149,2024-11-03,Hyderabad,Telangana,Clothing,3,1040.85,0.1,2810.29,786.88,Credit Card,Online
IN100150,2024-10-30,Jaipur,Rajasthan,Beauty,3,911.02,0.15,2323.1,743.39,UPI,Online
IN100151,2025-09-22,Bengaluru,Karnataka,Grocery,3,505.44,0.0,1516.32,333.59,Net Banking,Online
IN100152,2025-11-23,Kolkata,West Bengal,Clothing,2,1574.36,0.0,3148.72,881.64,Credit Card,Store
IN100153,2024-02-07,Pune,Maharashtra,Clothing,5,1527.33,0.3,5345.66,1496.78,Net Banking,Store
IN100154,2025-01-20,Ahmedabad,Gujarat,Beauty,2,658.57,0.3,922.0,295.04,UPI,Online
IN100155,2025-08-03,Jaipur,Rajasthan,Electronics,2,2904.81,0.15,4938.18,1185.16,UPI,Store
IN100156,2024-03-22,Chennai,Tamil Nadu,Clothing,5,1339.48,0.05,6362.53,1781.51,UPI,Store
IN100157,2024-04-27,Mumbai,Maharashtra,Grocery,2,559.81,0.25,839.71,184.74,Debit Card,Store
IN100158,2024-02-19,Bengaluru,Karnataka,Electronics,5,2320.43,0.05,11022.04,2645.29,UPI,Online
IN100159,2025-10-30,Lucknow,Uttar Pradesh,Electronics,4,2903.15,0.15,9870.71,2368.97,Cash,Store
IN100160,2024-03-14,Ahmedabad,Gujarat,Home & Kitchen,3,2187.37,0.0,6562.11,1968.63,Cash,Online
IN100161,2025-11-25,Pune,Maharashtra,Beauty,2,840.66,0.15,1429.12,457.32,Debit Card,Online
IN100162,2024-04-15,Ahmedabad,Gujarat,Home & Kitchen,5,1638.34,0.15,6962.94,2088.88,Debit Card,Online
IN100163,2025-12-01,Jaipur,Rajasthan,Beauty,1,1180.93,0.2,944.74,302.32,Debit Card,Online
IN100164,2025-08-21,Hyderabad,Telangana,Grocery,2,472.59,0.15,803.4,176.75,Debit Card,Online
IN100165,2024-11-21,Mumbai,Maharashtra,Home & Kitchen,2,2157.73,0.25,3236.6,970.98,UPI,Store
IN100166,2025-11-14,Mumbai,Maharashtra,Clothing,5,1419.62,0.1,6388.29,1788.72,Debit Card,Online
IN100167,2024-12-21,Lucknow,Uttar Pradesh,Grocery,1,854.04,0.15,725.93,159.7,Cash,Online
IN100168,2025-04-12,Hyderabad,Telangana,Beauty,1,860.18,0.05,817.17,261.49,UPI,Online
IN100169,2025-10-17,Kolkata,West Bengal,Clothing,4,1624.32,0.0,6497.28,1819.24,Net Banking,Online
IN100170,2024-10-10,Delhi,Delhi,Clothing,2,1043.64,0.15,1774.19,496.77,UPI,Online
IN100171,2024-07-03,Bengaluru,Karnataka,Grocery,3,847.41,0.2,2033.78,447.43,UPI,Online
IN100172,2024-06-02,Mumbai,Maharashtra,Electronics,2,2956.65,0.0,5913.3,1419.19,UPI,Online
IN100173,2024-04-27,Chennai,Tamil Nadu,Electronics,3,3329.93,0.0,9989.79,2397.55,UPI,Online
IN100174,2024-09-23,Mumbai,Maharashtra,Home & Kitchen,3,1422.02,0.0,4266.06,1279.82,Cash,Online
IN100175,2025-01-19,Ahmedabad,Gujarat,Beauty,5,1183.15,0.2,4732.6,1514.43,Net Banking,Online
IN100176,2024-09-11,Mumbai,Maharashtra,Clothing,2,1592.4,0.05,3025.56,847.16,Debit Card,Store
IN100177,2024-08-28,Mumbai,Maharashtra,Electronics,5,2352.21,0.05,11173.0,2681.52,Net Banking,Store
IN100178,2024-06-19,Delhi,Delhi,Electronics,4,2562.83,0.0,10251.32,2460.32,UPI,Store
IN100179,2025-09-08,Delhi,Delhi,Beauty,3,863.9,0.05,2462.11,787.88,UPI,Online
IN100180,2025-07-01,Pune,Maharashtra,Clothing,1,1177.26,0.15,1000.67,280.19,Credit Card,Store
IN100181,2025-07-31,Kolkata,West Bengal,Clothing,3,1257.21,0.25,2828.72,792.04,Cash,Store
IN100182,2024-07-03,Chennai,Tamil Nadu,Grocery,4,876.44,0.05,3330.47,732.7,UPI,Online
IN100183,2025-12-02,Mumbai,Maharashtra,Clothing,3,1579.37,0.05,4501.2,1260.34,Net Banking,Online
IN100184,2025-10-28,Mumbai,Maharashtra,Grocery,5,844.64,0.2,3378.56,743.28,Debit Card,Online
IN100185,2025-02-13,Bengaluru,Karnataka,Home & Kitchen,2,1769.88,0.2,2831.81,849.54,Net Banking,Online
IN100186,2025-10-14,Delhi,Delhi,Grocery,1,755.09,0.05,717.34,157.81,UPI,Online
IN100187,2025-08-10,Chennai,Tamil Nadu,Grocery,5,649.22,0.0,3246.1,714.14,Credit Card,Store
IN100188,2024-05-25,Lucknow,Uttar Pradesh,Clothing,2,1278.68,0.3,1790.15,501.24,Debit Card,Online
IN100189,2024-02-07,Pune,Maharashtra,Home & Kitchen,1,1867.43,0.15,1587.32,476.2,Cash,Store
IN100190,2025-05-04,Kolkata,West Bengal,Grocery,4,635.54,0.25,1906.62,419.46,UPI,Online
IN100191,2024-09-18,Hyderabad,Telangana,Electronics,3,4279.52,0.05,12196.63,2927.19,Net Banking,Online
IN100192,2024-05-05,Kolkata,West Bengal,Grocery,1,664.63,0.15,564.94,124.29,Cash,Store
IN100193,2025-08-26,Ahmedabad,Gujarat,Clothing,4,1718.11,0.15,5841.57,1635.64,UPI,Store
IN100194,2024-12-10,Mumbai,Maharashtra,Home & Kitchen,2,2040.18,0.2,3264.29,979.29,UPI,Online
IN100195,2024-09-17,Pune,Maharashtra,Clothing,1,1416.46,0.3,991.52,277.63,Credit Card,Online
IN100196,2025-03-18,Ahmedabad,Gujarat,Beauty,4,907.38,0.0,3629.52,1161.45,Credit Card,Store
IN100197,2024-04-17,Chennai,Tamil Nadu,Electronics,2,2951.13,0.15,5016.92,1204.06,Debit Card,Online
IN100198,2025-07-10,Hyderabad,Telangana,Home & Kitchen,5,1385.17,0.05,6579.56,1973.87,UPI,Online
IN100199,2025-03-12,Delhi,Delhi,Grocery,3,776.72,0.2,1864.13,410.11,Debit Card,Store
IN100200,2025-05-28,Pune,Maharashtra,Home & Kitchen,4,2334.17,0.15,7936.18,2380.85,Debit Card,Online
IN100201,2025-12-13,Pune,Maharashtra,Clothing,5,1178.34,0.2,4713.36,1319.74,UPI,Online
IN100202,2024-03-30,Mumbai,Maharashtra,Grocery,2,846.1,0.05,1607.59,353.67,Credit Card,Online
IN100203,2024-08-02,Jaipur,Rajasthan,Home & Kitchen,1,1531.8,0.0,1531.8,459.54,UPI,Online
IN100204,2025-09-18,Pune,Maharashtra,Clothing,3,1462.37,0.0,4387.11,1228.39,UPI,Store
IN100205,2024-11-14,Bengaluru,Karnataka,Clothing,2,1292.7,0.05,2456.13,687.72,Credit Card,Online
IN100206,2025-08-26,Hyderabad,Telangana,Grocery,4,503.38,0.05,1912.84,420.82,Net Banking,Store
IN100207,2025-11-28,Hyderabad,Telangana,Grocery,3,477.32,0.25,1073.97,236.27,UPI,Online
IN100208,2025-10-31,Bengaluru,Karnataka,Clothing,5,1312.47,0.1,5906.12,1653.71,UPI,Online
IN100209,2024-02-26,Lucknow,Uttar Pradesh,Clothing,3,1023.08,0.1,2762.32,773.45,UPI,Online
IN100210,2025-07-12,Bengaluru,Karnataka,Clothing,5,1074.83,0.2,4299.32,1203.81,UPI,Store
IN100211,2025-02-05,Bengaluru,Karnataka,Home & Kitchen,2,1426.49,0.2,2282.38,684.71,UPI,Store
IN100212,2024-08-09,Hyderabad,Telangana,Grocery,1,455.81,0.1,410.23,90.25,Debit Card,Online
IN100213,2025-04-19,Kolkata,West Bengal,Home & Kitchen,3,1439.31,0.0,4317.93,1295.38,UPI,Online
IN100214,2024-04-17,Hyderabad,Telangana,Beauty,1,967.71,0.05,919.32,294.18,Net Banking,Online
IN100215,2024-06-28,Jaipur,Rajasthan,Grocery,1,801.25,0.1,721.12,158.65,UPI,Store
IN100216,2024-06-25,Mumbai,Maharashtra,Electronics,3,2642.33,0.15,6737.94,1617.11,Cash,Online
IN100217,2025-05-01,Ahmedabad,Gujarat,Electronics,3,2408.22,0.15,6140.96,1473.83,Cash,Store
IN100218,2025-02-17,Kolkata,West Bengal,Clothing,1,1643.86,0.15,1397.28,391.24,Credit Card,Store
IN100219,2025-11-22,Delhi,Delhi,Beauty,4,634.78,0.2,2031.3,650.02,UPI,Online
IN100220,2024-02-06,Ahmedabad,Gujarat,Grocery,4,765.18,0.2,2448.58,538.69,Credit Card,Online
IN100221,2025-07-28,Mumbai,Maharashtra,Clothing,3,1099.32,0.3,2308.57,646.4,Debit Card,Online
IN100222,2024-09-24,Jaipur,Rajasthan,Clothing,1,1187.74,0.2,950.19,266.05,Cash,Store
IN100223,2025-01-22,Jaipur,Rajasthan,Grocery,1,505.73,0.0,505.73,111.26,Credit Card,Store
IN100224,2024-12-19,Delhi,Delhi,Grocery,2,559.5,0.0,1119.0,246.18,UPI,Online
IN100225,2024-09-26,Kolkata,West Bengal,Electronics,1,3900.21,0.1,3510.19,842.45,Cash,Online
IN100226,2024-09-25,Lucknow,Uttar Pradesh,Beauty,4,707.54,0.15,2405.64,769.8,Net Banking,Online
IN100227,2025-03-17,Bengaluru,Karnataka,Grocery,2,875.03,0.15,1487.55,327.26,Debit Card,Store
IN100228,2024-10-31,Kolkata,West Bengal,Electronics,4,2920.36,0.05,11097.37,2663.37,Cash,Online
IN100229,2024-09-02,Lucknow,Uttar Pradesh,Beauty,5,1169.35,0.2,4677.4,1496.77,Credit Card,Online
IN100230,2024-06-26,Jaipur,Rajasthan,Electronics,3,2635.27,0.05,7510.52,1802.52,Debit Card,Online
IN100231,2024-03-07,Hyderabad,Telangana,Beauty,5,739.92,0.25,2774.7,887.9,Debit Card,Online
IN100232,2024-10-03,Mumbai,Maharashtra,Beauty,3,960.72,0.1,2593.94,830.06,Debit Card,Online
IN100233,2024-07-26,Delhi,Delhi,Grocery,4,476.38,0.0,1905.52,419.21,UPI,Online
IN100234,2024-11-02,Mumbai,Maharashtra,Home & Kitchen,4,2197.17,0.0,8788.68,2636.6,Credit Card,Online
IN100235,2025-07-03,Chennai,Tamil Nadu,Clothing,5,1380.05,0.0,6900.25,1932.07,Credit Card,Store
IN100236,2025-09-22,Chennai,Tamil Nadu,Beauty,3,1039.03,0.0,3117.09,997.47,UPI,Online
IN100237,2025-06-21,Kolkata,West Bengal,Grocery,3,528.78,0.15,1348.39,296.65,UPI,Online
IN100238,2025-06-01,Jaipur,Rajasthan,Home & Kitchen,2,2011.56,0.0,4023.12,1206.94,Debit Card,Store
IN100239,2024-09-30,Jaipur,Rajasthan,Beauty,1,977.53,0.2,782.02,250.25,Credit Card,Online
IN100240,2024-08-20,Bengaluru,Karnataka,Beauty,2,1072.06,0.05,2036.91,651.81,UPI,Store
IN100241,2024-04-23,Bengaluru,Karnataka,Home & Kitchen,4,1607.96,0.0,6431.84,1929.55,Cash,Online
IN100242,2024-05-13,Bengaluru,Karnataka,Clothing,5,1829.18,0.2,7316.72,2048.68,Cash,Online
IN100243,2025-02-28,Hyderabad,Telangana,Beauty,3,1192.36,0.1,3219.37,1030.2,Credit Card,Online
IN100244,2025-11-20,Ahmedabad,Gujarat,Grocery,2,821.78,0.1,1479.2,325.42,UPI,Online
IN100245,2024-01-25,Pune,Maharashtra,Beauty,5,964.64,0.05,4582.04,1466.25,Net Banking,Store
IN100246,2025-07-13,Ahmedabad,Gujarat,Grocery,5,632.57,0.0,3162.85,695.83,Cash,Online
IN100247,2024-10-06,Mumbai,Maharashtra,Clothing,1,1032.77,0.05,981.13,274.72,UPI,Online
IN100248,2024-12-08,Ahmedabad,Gujarat,Clothing,3,1841.98,0.1,4973.35,1392.54,UPI,Online
IN100249,2024-03-12,Hyderabad,Telangana,Grocery,5,857.13,0.0,4285.65,942.84,Credit Card,Online
IN100250,2024-07-19,Mumbai,Maharashtra,Home & Kitchen,3,1281.87,0.1,3461.05,1038.32,Debit Card,Online
IN100251,2024-11-21,Ahmedabad,Gujarat,Clothing,2,1304.77,0.2,2087.63,584.54,UPI,Online
IN100252,2024-02-02,Hyderabad,Telangana,Grocery,5,826.82,0.05,3927.4,864.03,Credit Card,Online
IN100253,2024-04-06,Pune,Maharashtra,Clothing,5,1053.58,0.25,3950.92,1106.26,Credit Card,Store
IN100254,2025-07-10,Ahmedabad,Gujarat,Home & Kitchen,2,1489.98,0.0,2979.96,893.99,Cash,Online
IN100255,2024-09-19,Hyderabad,Telangana,Clothing,3,1870.6,0.2,4489.44,1257.04,Credit Card,Store
IN100256,2024-03-10,Bengaluru,Karnataka,Electronics,3,4002.36,0.2,9605.66,2305.36,Credit Card,Store
IN100257,2024-10-19,Jaipur,Rajasthan,Electronics,5,4137.09,0.05,19651.18,4716.28,Net Banking,Online
IN100258,2025-12-30,Bengaluru,Karnataka,Electronics,2,2535.68,0.25,3803.52,912.84,UPI,Store
IN100259,2024-07-25,Jaipur,Rajasthan,Grocery,4,544.28,0.1,1959.41,431.07,UPI,Store
IN100260,2024-06-20,Delhi,Delhi,Electronics,3,3499.27,0.0,10497.81,2519.47,Cash,Online
IN100261,2025-01-29,Delhi,Delhi,Electronics,4,3283.62,0.1,11821.03,2837.05,UPI,Store
IN100262,2024-09-12,Delhi,Delhi,Beauty,5,804.62,0.3,2816.17,901.17,Cash,Online
IN100263,2024-09-20,Pune,Maharashtra,Home & Kitchen,4,2294.1,0.2,7341.12,2202.34,UPI,Online
IN100264,2024-09-20,Bengaluru,Karnataka,Clothing,4,1800.26,0.05,6840.99,1915.48,UPI,Store
IN100265,2025-05-31,Jaipur,Rajasthan,Beauty,3,800.64,0.1,2161.73,691.75,Net Banking,Online
IN100266,2024-01-10,Hyderabad,Telangana,Electronics,5,2563.97,0.0,12819.85,3076.76,Credit Card,Online
IN100267,2024-09-27,Mumbai,Maharashtra,Grocery,4,517.99,0.1,1864.76,410.25,Debit Card,Online
IN100268,2024-11-07,Hyderabad,Telangana,Grocery,3,659.67,0.1,1781.11,391.84,UPI,Store
IN100269,2025-01-04,Mumbai,Maharashtra,Clothing,4,1100.96,0.05,4183.65,1171.42,UPI,Store
IN100270,2025-07-20,Chennai,Tamil Nadu,Clothing,3,1410.74,0.1,3809.0,1066.52,Cash,Online
IN100271,2025-07-06,Hyderabad,Telangana,Clothing,5,1400.36,0.25,5251.35,1470.38,UPI,Store
IN100272,2025-10-11,Ahmedabad,Gujarat,Clothing,2,1784.54,0.1,3212.17,899.41,Credit Card,Online
IN100273,2025-01-25,Ahmedabad,Gujarat,Home & Kitchen,3,1606.57,0.2,3855.77,1156.73,UPI,Online
IN100274,2024-04-24,Kolkata,West Bengal,Electronics,3,3406.16,0.05,9707.56,2329.81,UPI,Store
IN100275,2025-07-28,Bengaluru,Karnataka,Electronics,4,3786.48,0.3,10602.14,2544.51,Debit Card,Store
IN100276,2024-12-09,Mumbai,Maharashtra,Electronics,5,3479.5,0.0,17397.5,4175.4,Cash,Online
IN100277,2025-02-13,Mumbai,Maharashtra,Clothing,1,1848.2,0.1,1663.38,465.75,Debit Card,Online
IN100278,2025-06-29,Bengaluru,Karnataka,Grocery,1,709.46,0.2,567.57,124.87,Debit Card,Store
IN100279,2025-01-12,Pune,Maharashtra,Electronics,2,4115.87,0.2,6585.39,1580.49,Credit Card,Store
IN100280,2025-03-31,Kolkata,West Bengal,Home & Kitchen,5,1546.72,0.0,7733.6,2320.08,Credit Card,Store
IN100281,2025-02-26,Pune,Maharashtra,Clothing,3,1490.29,0.1,4023.78,1126.66,Debit Card,Online
IN100282,2025-03-19,Pune,Maharashtra,Electronics,1,3370.08,0.15,2864.57,687.5,UPI,Store
IN100283,2024-07-15,Pune,Maharashtra,Grocery,2,873.04,0.05,1658.78,364.93,UPI,Store
IN100284,2024-12-28,Bengaluru,Karnataka,Electronics,5,2665.37,0.15,11327.82,2718.68,Net Banking,Online
IN100285,2025-02-13,Pune,Maharashtra,Grocery,2,514.57,0.05,977.68,215.09,UPI,Store
IN100286,2025-07-27,Ahmedabad,Gujarat,Grocery,1,713.43,0.05,677.76,149.11,UPI,Store
IN100287,2025-01-28,Delhi,Delhi,Electronics,4,2705.28,0.0,10821.12,2597.07,Credit Card,Store
IN100288,2025-05-23,Chennai,Tamil Nadu,Electronics,4,3569.44,0.0,14277.76,3426.66,Debit Card,Store
IN100289,2025-07-19,Mumbai,Maharashtra,Clothing,5,1864.97,0.2,7459.88,2088.77,Credit Card,Store
IN100290,2025-11-01,Mumbai,Maharashtra,Electronics,2,4208.73,0.1,7575.71,1818.17,UPI,Store
IN100291,2024-10-20,Chennai,Tamil Nadu,Electronics,3,2720.69,0.1,7345.86,1763.01,Net Banking,Online
IN100292,2024-01-25,Bengaluru,Karnataka,Clothing,1,1135.52,0.05,1078.74,302.05,Debit Card,Store
IN100293,2024-08-24,Hyderabad,Telangana,Clothing,4,1490.27,0.0,5961.08,1669.1,Cash,Store
IN100294,2025-04-05,Bengaluru,Karnataka,Grocery,4,702.91,0.1,2530.48,556.71,UPI,Store
IN100295,2024-11-16,Mumbai,Maharashtra,Grocery,2,734.8,0.05,1396.12,307.15,UPI,Online
IN100296,2024-04-09,Mumbai,Maharashtra,Grocery,4,768.28,0.2,2458.5,540.87,UPI,Online
IN100297,2025-11-20,Chennai,Tamil Nadu,Electronics,2,3489.99,0.3,4885.99,1172.64,UPI,Online
IN100298,2025-02-11,Pune,Maharashtra,Electronics,1,2472.45,0.2,1977.96,474.71,UPI,Store
IN100299,2024-06-03,Bengaluru,Karnataka,Home & Kitchen,2,2184.48,0.1,3932.06,1179.62,UPI,Store
IN100300,2025-03-09,Jaipur,Rajasthan,Grocery,4,488.6,0.15,1661.24,365.47,Credit Card,Online
IN100301,2025-03-09,Chennai,Tamil Nadu,Home & Kitchen,2,1283.39,0.25,1925.08,577.52,Debit Card,Online
IN100302,2024-05-22,Ahmedabad,Gujarat,Clothing,4,1680.39,0.1,6049.4,1693.83,Debit Card,Online
IN100303,2025-06-12,Mumbai,Maharashtra,Grocery,5,686.68,0.15,2918.39,642.05,UPI,Online
IN100304,2024-10-11,Chennai,Tamil Nadu,Grocery,4,750.15,0.15,2550.51,561.11,Credit Card,Store
IN100305,2024-01-05,Bengaluru,Karnataka,Clothing,4,1328.3,0.15,4516.22,1264.54,UPI,Online
IN100306,2025-06-06,Mumbai,Maharashtra,Clothing,4,990.09,0.15,3366.31,942.57,Credit Card,Online
IN100307,2025-12-20,Hyderabad,Telangana,Grocery,5,594.85,0.15,2528.11,556.18,Credit Card,Online
IN100308,2025-03-11,Chennai,Tamil Nadu,Electronics,3,3504.92,0.15,8937.55,2145.01,Credit Card,Online
IN100309,2025-02-21,Kolkata,West Bengal,Clothing,4,1185.39,0.2,3793.25,1062.11,Cash,Store
IN100310,2024-03-21,Mumbai,Maharashtra,Home & Kitchen,3,2064.73,0.1,5574.77,1672.43,Cash,Online
IN100311,2025-06-28,Bengaluru,Karnataka,Beauty,1,1094.72,0.15,930.51,297.76,Debit Card,Store
IN100312,2025-01-11,Delhi,Delhi,Clothing,2,1393.38,0.0,2786.76,780.29,Cash,Online
IN100313,2024-06-07,Jaipur,Rajasthan,Clothing,3,1776.91,0.2,4264.58,1194.08,Debit Card,Online
IN100314,2025-09-18,Lucknow,Uttar Pradesh,Electronics,1,4018.02,0.05,3817.12,916.11,Cash,Online
IN100315,2024-08-04,Pune,Maharashtra,Grocery,2,825.98,0.1,1486.76,327.09,Credit Card,Store
IN100316,2025-10-31,Lucknow,Uttar Pradesh,Clothing,4,1581.54,0.2,5060.93,1417.06,Credit Card,Online
IN100317,2024-02-14,Bengaluru,Karnataka,Beauty,4,808.3,0.15,2748.22,879.43,Debit Card,Store
IN100318,2025-09-23,Ahmedabad,Gujarat,Clothing,4,1417.94,0.05,5388.17,1508.69,UPI,Store
IN100319,2024-08-02,Ahmedabad,Gujarat,Clothing,5,1626.56,0.05,7726.16,2163.32,Debit Card,Online
IN100320,2025-05-25,Delhi,Delhi,Grocery,5,543.96,0.25,2039.85,448.77,Net Banking,Store
IN100321,2024-05-07,Pune,Maharashtra,Home & Kitchen,5,2124.45,0.0,10622.25,3186.68,Debit Card,Store
IN100322,2024-09-10,Kolkata,West Bengal,Clothing,5,1478.76,0.0,7393.8,2070.26,UPI,Online
IN100323,2025-07-03,Delhi,Delhi,Clothing,1,1067.38,0.15,907.27,254.04,UPI,Online
IN100324,2025-12-22,Lucknow,Uttar Pradesh,Beauty,1,956.01,0.15,812.61,260.04,Cash,Store
IN100325,2024-12-17,Delhi,Delhi,Electronics,4,2378.89,0.15,8088.23,1941.18,Net Banking,Online
IN100326,2025-08-28,Lucknow,Uttar Pradesh,Beauty,2,638.37,0.15,1085.23,347.27,UPI,Store
IN100327,2025-06-24,Mumbai,Maharashtra,Electronics,5,4090.43,0.2,16361.72,3926.81,Cash,Online
IN100328,2024-06-12,Ahmedabad,Gujarat,Home & Kitchen,2,1833.2,0.25,2749.8,824.94,Cash,Online
IN100329,2025-10-10,Mumbai,Maharashtra,Grocery,1,684.54,0.15,581.86,128.01,UPI,Store
IN100330,2025-06-18,Jaipur,Rajasthan,Clothing,5,1234.74,0.05,5865.02,1642.21,Cash,Store
IN100331,2024-05-10,Pune,Maharashtra,Home & Kitchen,1,1895.01,0.1,1705.51,511.65,UPI,Online
IN100332,2025-08-20,Kolkata,West Bengal,Electronics,1,2591.25,0.15,2202.56,528.61,Credit Card,Store
IN100333,2025-11-26,Lucknow,Uttar Pradesh,Clothing,3,1658.54,0.1,4478.06,1253.86,Credit Card,Online
IN100334,2025-05-18,Kolkata,West Bengal,Grocery,1,802.87,0.0,802.87,176.63,Debit Card,Online
IN100335,2025-02-27,Lucknow,Uttar Pradesh,Clothing,4,1758.85,0.1,6331.86,1772.92,Debit Card,Store
IN100336,2024-07-02,Bengaluru,Karnataka,Grocery,1,500.06,0.2,400.05,88.01,Credit Card,Online
IN100337,2025-11-01,Delhi,Delhi,Electronics,5,3400.13,0.1,15300.58,3672.14,Cash,Online
IN100338,2025-06-06,Jaipur,Rajasthan,Electronics,4,3922.2,0.15,13335.48,3200.52,Cash,Online
IN100339,2025-07-07,Ahmedabad,Gujarat,Electronics,1,2506.69,0.15,2130.69,511.37,Cash,Store
IN100340,2024-08-22,Lucknow,Uttar Pradesh,Electronics,4,2447.01,0.05,9298.64,2231.67,Credit Card,Online
IN100341,2024-05-10,Kolkata,West Bengal,Clothing,1,1723.42,0.1,1551.08,434.3,UPI,Store
IN100342,2025-11-27,Jaipur,Rajasthan,Home & Kitchen,4,2192.18,0.05,8330.28,2499.08,Credit Card,Store
IN100343,2024-01-14,Hyderabad,Telangana,Beauty,2,892.49,0.1,1606.48,514.07,Cash,Online
IN100344,2025-10-20,Hyderabad,Telangana,Home & Kitchen,3,1388.36,0.2,3332.06,999.62,UPI,Store
IN100345,2025-01-14,Mumbai,Maharashtra,Electronics,4,3313.54,0.15,11266.04,2703.85,Net Banking,Store
IN100346,2024-02-29,Ahmedabad,Gujarat,Clothing,5,1339.27,0.05,6361.53,1781.23,Cash,Online
IN100347,2024-10-18,Bengaluru,Karnataka,Electronics,3,3318.58,0.0,9955.74,2389.38,Debit Card,Online
IN100348,2024-06-08,Kolkata,West Bengal,Clothing,3,1380.3,0.2,3312.72,927.56,Debit Card,Online
IN100349,2025-03-22,Delhi,Delhi,Grocery,1,695.2,0.05,660.44,145.3,Credit Card,Store
IN100350,2025-06-21,Delhi,Delhi,Electronics,4,3752.43,0.0,15009.72,3602.33,Debit Card,Store
IN100351,2025-07-30,Kolkata,West Bengal,Electronics,3,3851.71,0.1,10399.62,2495.91,Credit Card,Online
IN100352,2025-01-20,Pune,Maharashtra,Beauty,5,1009.65,0.15,4291.01,1373.12,Cash,Online
IN100353,2024-03-10,Bengaluru,Karnataka,Clothing,5,1161.04,0.2,4644.16,1300.36,Debit Card,Online
IN100354,2025-01-16,Jaipur,Rajasthan,Clothing,5,1341.38,0.3,4694.83,1314.55,Debit Card,Online
IN100355,2025-11-15,Lucknow,Uttar Pradesh,Electronics,1,2388.15,0.0,2388.15,573.16,Cash,Online
IN100356,2024-08-12,Pune,Maharashtra,Clothing,2,1391.02,0.05,2642.94,740.02,UPI,Store
IN100357,2025-05-22,Lucknow,Uttar Pradesh,Home & Kitchen,4,2395.3,0.15,8144.02,2443.21,UPI,Online
IN100358,2025-10-26,Lucknow,Uttar Pradesh,Electronics,3,3574.8,0.2,8579.52,2059.08,Cash,Store
IN100359,2024-02-09,Pune,Maharashtra,Clothing,4,1120.7,0.05,4258.66,1192.42,UPI,Online
IN100360,2024-05-25,Mumbai,Maharashtra,Electronics,3,2798.64,0.1,7556.33,1813.52,Credit Card,Store
IN100361,2024-12-31,Hyderabad,Telangana,Grocery,1,482.28,0.1,434.05,95.49,Credit Card,Online
IN100362,2025-09-01,Lucknow,Uttar Pradesh,Electronics,4,2619.42,0.15,8906.03,2137.45,UPI,Store
IN100363,2024-09-04,Pune,Maharashtra,Home & Kitchen,1,1830.77,0.05,1739.23,521.77,UPI,Online
IN100364,2024-01-12,Pune,Maharashtra,Home & Kitchen,1,1663.48,0.25,1247.61,374.28,Cash,Online
IN100365,2025-06-19,Chennai,Tamil Nadu,Home & Kitchen,4,1498.64,0.1,5395.1,1618.53,Debit Card,Online
IN100366,2025-05-24,Mumbai,Maharashtra,Clothing,4,1113.4,0.05,4230.92,1184.66,Credit Card,Store
IN100367,2024-09-01,Ahmedabad,Gujarat,Home & Kitchen,3,2027.6,0.05,5778.66,1733.6,Net Banking,Online
IN100368,2024-06-19,Chennai,Tamil Nadu,Grocery,5,690.8,0.0,3454.0,759.88,UPI,Online
IN100369,2024-02-01,Chennai,Tamil Nadu,Clothing,1,1746.8,0.15,1484.78,415.74,UPI,Store
IN100370,2025-09-17,Kolkata,West Bengal,Grocery,2,532.42,0.15,905.11,199.12,Debit Card,Store
IN100371,2025-12-21,Hyderabad,Telangana,Electronics,3,4003.81,0.0,12011.43,2882.74,Debit Card,Online
IN100372,2025-03-04,Pune,Maharashtra,Electronics,3,3442.06,0.1,9293.56,2230.45,UPI,Store
IN100373,2024-02-04,Hyderabad,Telangana,Home & Kitchen,5,1571.48,0.2,6285.92,1885.78,Net Banking,Online
IN100374,2024-07-23,Bengaluru,Karnataka,Clothing,5,1228.93,0.05,5837.42,1634.48,Net Banking,Store
IN100375,2025-01-18,Kolkata,West Bengal,Grocery,1,619.94,0.1,557.95,122.75,UPI,Store
IN100376,2024-09-22,Ahmedabad,Gujarat,Clothing,3,1398.72,0.05,3986.35,1116.18,UPI,Online
IN100377,2025-07-30,Hyderabad,Telangana,Home & Kitchen,3,1356.53,0.05,3866.11,1159.83,Cash,Store
IN100378,2025-03-18,Delhi,Delhi,Beauty,2,1122.57,0.1,2020.63,646.6,UPI,Online
IN100379,2025-09-01,Lucknow,Uttar Pradesh,Beauty,1,701.1,0.0,701.1,224.35,UPI,Online
IN100380,2025-11-27,Bengaluru,Karnataka,Clothing,1,1419.95,0.1,1277.96,357.83,Cash,Store
IN100381,2025-04-29,Mumbai,Maharashtra,Electronics,5,3036.57,0.25,11387.14,2732.91,Credit Card,Store
IN100382,2025-04-14,Ahmedabad,Gujarat,Grocery,1,671.44,0.0,671.44,147.72,Credit Card,Online
IN100383,2024-09-22,Bengaluru,Karnataka,Electronics,2,4085.96,0.0,8171.92,1961.26,UPI,Online
IN100384,2024-04-18,Lucknow,Uttar Pradesh,Electronics,1,4297.3,0.15,3652.7,876.65,Debit Card,Online
IN100385,2025-05-03,Kolkata,West Bengal,Grocery,4,463.56,0.0,1854.24,407.93,Credit Card,Store
IN100386,2024-06-26,Lucknow,Uttar Pradesh,Grocery,4,621.14,0.05,2360.33,519.27,UPI,Store
IN100387,2024-09-05,Chennai,Tamil Nadu,Beauty,2,1108.3,0.1,1994.94,638.38,UPI,Store
IN100388,2024-01-05,Lucknow,Uttar Pradesh,Electronics,5,2919.33,0.25,10947.49,2627.4,Credit Card,Online
IN100389,2024-06-05,Chennai,Tamil Nadu,Clothing,3,1570.62,0.0,4711.86,1319.32,Net Banking,Store
IN100390,2024-08-17,Kolkata,West Bengal,Electronics,1,4303.9,0.25,3227.92,774.7,Net Banking,Store
IN100391,2025-09-19,Jaipur,Rajasthan,Beauty,5,1008.36,0.15,4285.53,1371.37,UPI,Store
IN100392,2024-09-17,Chennai,Tamil Nadu,Home & Kitchen,5,1390.09,0.15,5907.88,1772.36,Debit Card,Online
IN100393,2024-11-16,Mumbai,Maharashtra,Home & Kitchen,1,2246.23,0.15,1909.3,572.79,Debit Card,Online
IN100394,2024-05-06,Lucknow,Uttar Pradesh,Beauty,3,1195.49,0.0,3586.47,1147.67,Cash,Store
IN100395,2024-01-28,Lucknow,Uttar Pradesh,Grocery,1,756.03,0.0,756.03,166.33,Credit Card,Store
IN100396,2025-05-24,Mumbai,Maharashtra,Clothing,3,1361.35,0.05,3879.85,1086.36,UPI,Online
IN100397,2024-08-15,Delhi,Delhi,Clothing,2,1843.04,0.0,3686.08,1032.1,Debit Card,Store
IN100398,2025-10-02,Pune,Maharashtra,Grocery,3,864.22,0.3,1814.86,399.27,UPI,Online
IN100399,2025-06-24,Jaipur,Rajasthan,Clothing,5,1830.96,0.1,8239.32,2307.01,UPI,Store
IN100400,2024-06-27,Ahmedabad,Gujarat,Clothing,2,1354.76,0.1,2438.57,682.8,Debit Card,Online
IN100401,2025-11-06,Chennai,Tamil Nadu,Beauty,4,1091.98,0.2,3494.34,1118.19,Net Banking,Online
IN100402,2025-11-02,Mumbai,Maharashtra,Beauty,2,1012.69,0.3,1417.77,453.69,UPI,Online
IN100403,2024-10-14,Kolkata,West Bengal,Home & Kitchen,3,1470.26,0.25,3308.08,992.42,Debit Card,Online
IN100404,2025-05-08,Chennai,Tamil Nadu,Home & Kitchen,2,1886.55,0.2,3018.48,905.54,UPI,Online
IN100405,2024-09-21,Pune,Maharashtra,Grocery,2,770.9,0.05,1464.71,322.24,Cash,Store
IN100406,2025-04-11,Kolkata,West Bengal,Electronics,4,4103.5,0.0,16414.0,3939.36,Credit Card,Online
IN100407,2025-01-29,Bengaluru,Karnataka,Electronics,3,4034.2,0.0,12102.6,2904.62,UPI,Online
IN100408,2025-03-07,Lucknow,Uttar Pradesh,Grocery,5,520.34,0.0,2601.7,572.37,UPI,Online
IN100409,2025-03-10,Bengaluru,Karnataka,Home & Kitchen,2,1831.0,0.0,3662.0,1098.6,Credit Card,Online
IN100410,2025-01-22,Chennai,Tamil Nadu,Electronics,1,3234.8,0.25,2426.1,582.26,UPI,Online
IN100411,2025-06-20,Pune,Maharashtra,Beauty,5,1155.76,0.25,4334.1,1386.91,UPI,Online
IN100412,2024-05-24,Jaipur,Rajasthan,Electronics,2,2244.03,0.15,3814.85,915.56,Debit Card,Store
IN100413,2024-06-23,Chennai,Tamil Nadu,Clothing,5,1652.23,0.15,7021.98,1966.15,UPI,Online
IN100414,2025-06-03,Mumbai,Maharashtra,Grocery,1,716.38,0.1,644.74,141.84,Debit Card,Store
IN100415,2024-11-09,Hyderabad,Telangana,Electronics,5,4156.87,0.05,19745.13,4738.83,UPI,Online
IN100416,2025-09-12,Chennai,Tamil Nadu,Electronics,5,3190.39,0.25,11963.96,2871.35,Debit Card,Online
IN100417,2024-05-08,Lucknow,Uttar Pradesh,Clothing,1,1578.48,0.05,1499.56,419.88,Credit Card,Online
IN100418,2025-05-28,Lucknow,Uttar Pradesh,Home & Kitchen,1,2398.11,0.15,2038.39,611.52,UPI,Store
IN100419,2024-01-10,Chennai,Tamil Nadu,Clothing,1,1656.95,0.05,1574.1,440.75,Credit Card,Store
IN100420,2024-12-12,Kolkata,West Bengal,Grocery,4,483.47,0.2,1547.1,340.36,UPI,Store
IN100421,2024-04-26,Hyderabad,Telangana,Grocery,1,525.78,0.15,446.91,98.32,Cash,Online
IN100422,2025-02-14,Mumbai,Maharashtra,Electronics,5,3948.62,0.15,16781.63,4027.59,Debit Card,Store
IN100423,2025-01-31,Chennai,Tamil Nadu,Beauty,1,825.86,0.0,825.86,264.28,Credit Card,Online
IN100424,2024-01-11,Kolkata,West Bengal,Electronics,2,3708.31,0.1,6674.96,1601.99,UPI,Online
IN100425,2025-02-01,Lucknow,Uttar Pradesh,Beauty,1,1039.4,0.1,935.46,299.35,UPI,Store
IN100426,2025-08-30,Lucknow,Uttar Pradesh,Grocery,1,874.84,0.05,831.1,182.84,Credit Card,Online
IN100427,2024-04-02,Pune,Maharashtra,Beauty,3,904.88,0.2,2171.71,694.95,Debit Card,Store
IN100428,2024-04-11,Chennai,Tamil Nadu,Electronics,5,3774.69,0.2,15098.76,3623.7,UPI,Online
IN100429,2024-04-07,Hyderabad,Telangana,Grocery,5,475.6,0.1,2140.2,470.84,UPI,Store
IN100430,2024-10-08,Delhi,Delhi,Electronics,2,3202.19,0.05,6084.16,1460.2,UPI,Store
IN100431,2025-10-29,Hyderabad,Telangana,Electronics,4,2628.3,0.2,8410.56,2018.53,Credit Card,Online
IN100432,2025-10-18,Lucknow,Uttar Pradesh,Grocery,3,810.14,0.0,2430.42,534.69,UPI,Online
IN100433,2025-02-24,Lucknow,Uttar Pradesh,Electronics,2,3987.01,0.0,7974.02,1913.76,Credit Card,Online
IN100434,2024-12-29,Bengaluru,Karnataka,Grocery,2,554.86,0.0,1109.72,244.14,UPI,Store
IN100435,2024-07-29,Lucknow,Uttar Pradesh,Electronics,5,2902.03,0.0,14510.15,3482.44,Credit Card,Online
IN100436,2025-10-28,Mumbai,Maharashtra,Clothing,3,1619.25,0.1,4371.98,1224.15,UPI,Store
IN100437,2025-05-22,Ahmedabad,Gujarat,Home & Kitchen,5,2123.77,0.05,10087.91,3026.37,Debit Card,Store
IN100438,2024-03-16,Chennai,Tamil Nadu,Clothing,4,1578.44,0.15,5366.7,1502.68,UPI,Online
IN100439,2024-11-18,Hyderabad,Telangana,Grocery,5,876.1,0.15,3723.42,819.15,UPI,Online
IN100440,2025-03-27,Ahmedabad,Gujarat,Grocery,1,822.02,0.1,739.82,162.76,Credit Card,Store
IN100441,2025-11-17,Kolkata,West Bengal,Home & Kitchen,5,1747.96,0.05,8302.81,2490.84,UPI,Online
IN100442,2025-09-14,Delhi,Delhi,Clothing,1,1277.55,0.2,1022.04,286.17,UPI,Online
IN100443,2024-01-18,Mumbai,Maharashtra,Grocery,2,707.17,0.15,1202.19,264.48,Cash,Online
IN100444,2024-10-17,Hyderabad,Telangana,Beauty,4,1108.32,0.05,4211.62,1347.72,Cash,Online
IN100445,2024-07-16,Ahmedabad,Gujarat,Home & Kitchen,1,1816.15,0.1,1634.54,490.36,UPI,Store
IN100446,2024-06-10,Delhi,Delhi,Grocery,4,766.68,0.0,3066.72,674.68,Cash,Online
IN100447,2025-02-20,Bengaluru,Karnataka,Grocery,5,463.1,0.05,2199.72,483.94,Credit Card,Store
IN100448,2025-01-18,Mumbai,Maharashtra,Home & Kitchen,5,2343.23,0.3,8201.3,2460.39,UPI,Online
IN100449,2024-07-18,Mumbai,Maharashtra,Grocery,2,781.95,0.05,1485.7,326.85,Net Banking,Store
IN100450,2025-05-12,Bengaluru,Karnataka,Electronics,5,3059.92,0.15,13004.66,3121.12,Cash,Online
IN100451,2024-02-12,Chennai,Tamil Nadu,Electronics,1,3038.75,0.05,2886.81,692.83,Net Banking,Online
IN100452,2024-03-22,Bengaluru,Karnataka,Home & Kitchen,2,1380.38,0.25,2070.57,621.17,UPI,Online
IN100453,2025-06-22,Mumbai,Maharashtra,Clothing,4,1722.7,0.05,6546.26,1832.95,UPI,Store
IN100454,2024-10-30,Mumbai,Maharashtra,Home & Kitchen,2,2159.3,0.05,4102.67,1230.8,Credit Card,Store
IN100455,2025-08-03,Ahmedabad,Gujarat,Clothing,4,1553.53,0.1,5592.71,1565.96,Debit Card,Online
IN100456,2024-07-17,Lucknow,Uttar Pradesh,Grocery,3,497.87,0.1,1344.25,295.73,UPI,Online
IN100457,2025-02-09,Delhi,Delhi,Electronics,1,2785.67,0.1,2507.1,601.7,Cash,Online
IN100458,2025-03-02,Bengaluru,Karnataka,Electronics,1,3194.54,0.1,2875.09,690.02,Credit Card,Online
IN100459,2025-04-05,Delhi,Delhi,Beauty,4,785.59,0.05,2985.24,955.28,UPI,Store
IN100460,2025-04-24,Bengaluru,Karnataka,Beauty,5,883.87,0.1,3977.42,1272.77,Debit Card,Store
IN100461,2025-12-28,Kolkata,West Bengal,Grocery,5,550.47,0.1,2477.12,544.97,Debit Card,Online
IN100462,2024-05-03,Mumbai,Maharashtra,Clothing,3,1298.14,0.15,3310.26,926.87,UPI,Store
IN100463,2025-06-11,Lucknow,Uttar Pradesh,Grocery,4,730.6,0.05,2776.28,610.78,Net Banking,Online
IN100464,2025-09-29,Ahmedabad,Gujarat,Grocery,3,832.02,0.15,2121.65,466.76,UPI,Store
IN100465,2025-06-09,Lucknow,Uttar Pradesh,Grocery,4,617.68,0.25,1853.04,407.67,UPI,Online
IN100466,2024-02-08,Lucknow,Uttar Pradesh,Electronics,3,3679.17,0.15,9381.88,2251.65,Cash,Online
IN100467,2024-07-17,Lucknow,Uttar Pradesh,Grocery,4,511.95,0.0,2047.8,450.52,Net Banking,Online
IN100468,2024-04-17,Delhi,Delhi,Home & Kitchen,1,1892.76,0.1,1703.48,511.04,Cash,Online
IN100469,2024-09-24,Bengaluru,Karnataka,Beauty,3,1169.2,0.1,3156.84,1010.19,Cash,Store
IN100470,2024-12-18,Jaipur,Rajasthan,Electronics,3,2298.11,0.05,6549.61,1571.91,Debit Card,Store
IN100471,2024-11-06,Kolkata,West Bengal,Home & Kitchen,4,1573.04,0.1,5662.94,1698.88,Net Banking,Online
IN100472,2025-01-24,Hyderabad,Telangana,Grocery,2,510.98,0.1,919.76,202.35,UPI,Store
IN100473,2024-02-09,Lucknow,Uttar Pradesh,Clothing,2,1465.14,0.0,2930.28,820.48,Debit Card,Online
IN100474,2025-08-03,Chennai,Tamil Nadu,Electronics,1,3653.66,0.05,3470.98,833.04,Debit Card,Store
IN100475,2024-05-31,Delhi,Delhi,Clothing,5,1032.58,0.05,4904.75,1373.33,UPI,Online
IN100476,2024-07-05,Ahmedabad,Gujarat,Clothing,5,1043.96,0.05,4958.81,1388.47,Credit Card,Online
IN100477,2025-03-05,Hyderabad,Telangana,Clothing,1,1771.36,0.0,1771.36,495.98,Credit Card,Online
IN100478,2025-04-01,Jaipur,Rajasthan,Home & Kitchen,5,1793.79,0.0,8968.95,2690.69,Debit Card,Store
IN100479,2024-08-14,Chennai,Tamil Nadu,Grocery,4,650.6,0.0,2602.4,572.53,UPI,Store
IN100480,2025-03-03,Jaipur,Rajasthan,Grocery,2,854.09,0.2,1366.54,300.64,Cash,Online
IN100481,2024-07-22,Hyderabad,Telangana,Beauty,1,817.32,0.2,653.86,209.24,UPI,Online
IN100482,2024-04-27,Lucknow,Uttar Pradesh,Clothing,4,1796.29,0.1,6466.64,1810.66,UPI,Online
IN100483,2025-01-28,Chennai,Tamil Nadu,Clothing,1,1866.57,0.2,1493.26,418.11,Cash,Store
IN100484,2024-08-09,Jaipur,Rajasthan,Grocery,2,557.12,0.05,1058.53,232.88,Credit Card,Store
IN100485,2024-03-03,Ahmedabad,Gujarat,Electronics,5,3309.2,0.1,14891.4,3573.94,UPI,Online
IN100486,2025-01-30,Bengaluru,Karnataka,Clothing,4,1466.26,0.0,5865.04,1642.21,UPI,Online
IN100487,2024-01-05,Mumbai,Maharashtra,Clothing,2,1768.21,0.2,2829.14,792.16,Debit Card,Store
IN100488,2024-11-29,Bengaluru,Karnataka,Electronics,1,2872.13,0.0,2872.13,689.31,Net Banking,Online
IN100489,2024-10-18,Hyderabad,Telangana,Home & Kitchen,3,2193.71,0.0,6581.13,1974.34,Net Banking,Online
IN100490,2025-05-22,Delhi,Delhi,Clothing,4,1863.62,0.05,7081.76,1982.89,Debit Card,Online
IN100491,2024-05-24,Mumbai,Maharashtra,Grocery,1,810.04,0.25,607.53,133.66,UPI,Online
IN100492,2025-10-23,Kolkata,West Bengal,Electronics,1,4131.01,0.0,4131.01,991.44,UPI,Online
IN100493,2024-06-07,Ahmedabad,Gujarat,Grocery,2,754.28,0.05,1433.13,315.29,UPI,Store
IN100494,2024-01-11,Kolkata,West Bengal,Clothing,1,1802.6,0.05,1712.47,479.49,UPI,Online
IN100495,2024-03-09,Chennai,Tamil Nadu,Home & Kitchen,4,1452.88,0.2,4649.22,1394.77,UPI,Store
IN100496,2025-12-04,Mumbai,Maharashtra,Clothing,4,1628.25,0.1,5861.7,1641.28,UPI,Online
IN100497,2025-09-05,Kolkata,West Bengal,Electronics,1,3762.3,0.15,3197.96,767.51,Debit Card,Store
IN100498,2025-06-27,Kolkata,West Bengal,Grocery,2,640.55,0.1,1152.99,253.66,UPI,Online
IN100499,2024-07-20,Jaipur,Rajasthan,Electronics,4,2405.86,0.1,8661.1,2078.66,Debit Card,Store
IN100500,2024-09-22,Bengaluru,Karnataka,Clothing,3,1546.42,0.0,4639.26,1298.99,Net Banking,Online
IN100501,2024-04-17,Jaipur,Rajasthan,Clothing,5,1027.21,0.05,4879.25,1366.19,Debit Card,Online
IN100502,2024-02-23,Mumbai,Maharashtra,Beauty,2,853.71,0.2,1365.94,437.1,Debit Card,Online
IN100503,2024-12-03,Mumbai,Maharashtra,Electronics,2,3058.83,0.15,5200.01,1248.0,Debit Card,Store
IN100504,2024-07-08,Hyderabad,Telangana,Grocery,5,877.04,0.3,3069.64,675.32,UPI,Online
IN100505,2024-08-26,Jaipur,Rajasthan,Electronics,5,2863.59,0.2,11454.36,2749.05,UPI,Store
IN100506,2024-12-08,Pune,Maharashtra,Clothing,4,1726.61,0.1,6215.8,1740.42,UPI,Store
IN100507,2024-10-17,Bengaluru,Karnataka,Clothing,1,1028.39,0.15,874.13,244.76,UPI,Online
IN100508,2024-11-18,Mumbai,Maharashtra,Beauty,1,939.91,0.15,798.92,255.65,Debit Card,Store
IN100509,2024-11-16,Hyderabad,Telangana,Clothing,3,1468.39,0.05,4184.91,1171.77,Net Banking,Online
IN100510,2024-02-11,Jaipur,Rajasthan,Electronics,1,3547.8,0.0,3547.8,851.47,Net Banking,Online
IN100511,2024-07-16,Bengaluru,Karnataka,Clothing,3,1717.1,0.1,4636.17,1298.13,UPI,Online
IN100512,2025-09-24,Jaipur,Rajasthan,Electronics,3,3824.8,0.0,11474.4,2753.86,Net Banking,Store
IN100513,2024-10-10,Kolkata,West Bengal,Electronics,2,3822.9,0.05,7263.51,1743.24,UPI,Online
IN100514,2024-06-30,Hyderabad,Telangana,Grocery,2,637.64,0.25,956.46,210.42,Cash,Store
IN100515,2025-09-03,Bengaluru,Karnataka,Electronics,4,3753.14,0.2,12010.05,2882.41,UPI,Online
IN100516,2024-01-11,Lucknow,Uttar Pradesh,Electronics,5,3261.94,0.1,14678.73,3522.9,UPI,Online
IN100517,2025-03-17,Chennai,Tamil Nadu,Home & Kitchen,5,1338.33,0.1,6022.48,1806.74,UPI,Store
IN100518,2025-09-20,Chennai,Tamil Nadu,Clothing,3,1790.07,0.05,5101.7,1428.48,Cash,Online
IN100519,2025-02-27,Bengaluru,Karnataka,Electronics,5,4091.54,0.1,18411.93,4418.86,UPI,Online
IN100520,2025-05-14,Jaipur,Rajasthan,Clothing,3,1273.82,0.1,3439.31,963.01,UPI,Store
IN100521,2025-01-22,Hyderabad,Telangana,Grocery,5,841.12,0.2,3364.48,740.19,Net Banking,Online
IN100522,2025-07-29,Chennai,Tamil Nadu,Clothing,4,1669.77,0.25,5009.31,1402.61,Net Banking,Online
IN100523,2025-11-18,Hyderabad,Telangana,Grocery,2,624.34,0.05,1186.25,260.97,UPI,Online
IN100524,2025-03-29,Chennai,Tamil Nadu,Electronics,2,2929.53,0.05,5566.11,1335.87,Debit Card,Online
IN100525,2025-08-17,Kolkata,West Bengal,Grocery,3,867.0,0.1,2340.9,515.0,UPI,Store
IN100526,2024-01-02,Jaipur,Rajasthan,Clothing,5,1628.49,0.1,7328.2,2051.9,UPI,Store
IN100527,2025-12-29,Kolkata,West Bengal,Grocery,1,615.05,0.0,615.05,135.31,Credit Card,Online
IN100528,2024-08-29,Chennai,Tamil Nadu,Home & Kitchen,4,2011.12,0.2,6435.58,1930.67,Credit Card,Online
IN100529,2024-02-29,Lucknow,Uttar Pradesh,Grocery,5,696.47,0.3,2437.64,536.28,Credit Card,Online
IN100530,2025-01-02,Lucknow,Uttar Pradesh,Clothing,1,1457.33,0.25,1093.0,306.04,Credit Card,Store
IN100531,2025-12-15,Kolkata,West Bengal,Clothing,4,1566.68,0.2,5013.38,1403.75,Credit Card,Online
IN100532,2024-02-09,Lucknow,Uttar Pradesh,Clothing,4,1469.24,0.3,4113.87,1151.88,Debit Card,Online
IN100533,2024-11-10,Chennai,Tamil Nadu,Electronics,2,3601.96,0.25,5402.94,1296.71,Debit Card,Store
IN100534,2025-07-10,Bengaluru,Karnataka,Electronics,3,4127.74,0.15,10525.74,2526.18,Credit Card,Store
IN100535,2024-10-24,Kolkata,West Bengal,Home & Kitchen,5,2422.12,0.0,12110.6,3633.18,UPI,Online
IN100536,2025-09-22,Delhi,Delhi,Clothing,4,1625.45,0.0,6501.8,1820.5,Debit Card,Online
IN100537,2025-10-04,Jaipur,Rajasthan,Clothing,5,1824.32,0.0,9121.6,2554.05,Debit Card,Online
IN100538,2025-03-25,Lucknow,Uttar Pradesh,Grocery,4,817.68,0.1,2943.65,647.6,Debit Card,Online
IN100539,2025-01-29,Lucknow,Uttar Pradesh,Grocery,2,579.65,0.2,927.44,204.04,Credit Card,Store
IN100540,2025-07-15,Mumbai,Maharashtra,Electronics,3,4180.45,0.1,11287.21,2708.93,UPI,Store
IN100541,2024-03-28,Pune,Maharashtra,Home & Kitchen,1,1342.85,0.05,1275.71,382.71,Debit Card,Store
IN100542,2025-06-16,Kolkata,West Bengal,Electronics,1,2926.24,0.0,2926.24,702.3,UPI,Online
IN100543,2025-01-22,Ahmedabad,Gujarat,Home & Kitchen,2,2008.74,0.0,4017.48,1205.24,Net Banking,Online
IN100544,2025-01-15,Lucknow,Uttar Pradesh,Home & Kitchen,4,1876.49,0.1,6755.36,2026.61,Debit Card,Online
IN100545,2025-07-08,Jaipur,Rajasthan,Home & Kitchen,2,1894.62,0.0,3789.24,1136.77,UPI,Online
IN100546,2025-03-06,Delhi,Delhi,Grocery,3,790.84,0.0,2372.52,521.95,Credit Card,Store
IN100547,2025-06-18,Lucknow,Uttar Pradesh,Electronics,1,2644.98,0.1,2380.48,571.32,Cash,Online
IN100548,2024-08-03,Delhi,Delhi,Clothing,5,1873.69,0.1,8431.61,2360.85,UPI,Online
IN100549,2024-10-03,Chennai,Tamil Nadu,Grocery,1,639.83,0.0,639.83,140.76,Credit Card,Online
IN100550,2024-07-12,Chennai,Tamil Nadu,Clothing,3,1844.36,0.15,4703.12,1316.87,Debit Card,Online
IN100551,2025-12-27,Pune,Maharashtra,Home & Kitchen,4,1708.25,0.1,6149.7,1844.91,Debit Card,Online
IN100552,2024-06-27,Bengaluru,Karnataka,Clothing,2,1527.63,0.0,3055.26,855.47,UPI,Store
IN100553,2024-05-22,Ahmedabad,Gujarat,Clothing,1,1389.78,0.15,1181.31,330.77,Credit Card,Online
IN100554,2025-06-21,Mumbai,Maharashtra,Clothing,1,1595.1,0.05,1515.34,424.3,Net Banking,Store
IN100555,2024-08-05,Pune,Maharashtra,Clothing,5,1147.1,0.0,5735.5,1605.94,Net Banking,Online
IN100556,2025-05-25,Hyderabad,Telangana,Grocery,2,624.27,0.25,936.4,206.01,Debit Card,Online
IN100557,2024-02-28,Mumbai,Maharashtra,Grocery,5,483.89,0.1,2177.5,479.05,Net Banking,Store
IN100558,2024-12-11,Kolkata,West Bengal,Grocery,5,707.7,0.1,3184.65,700.62,Credit Card,Online
IN100559,2025-07-10,Jaipur,Rajasthan,Home & Kitchen,4,2386.34,0.2,7636.29,2290.89,Credit Card,Store
IN100560,2025-02-22,Hyderabad,Telangana,Beauty,1,656.86,0.25,492.64,157.64,Credit Card,Online
IN100561,2024-08-11,Hyderabad,Telangana,Home & Kitchen,2,2031.77,0.05,3860.36,1158.11,UPI,Online
IN100562,2024-12-15,Pune,Maharashtra,Electronics,4,3852.2,0.2,12327.04,2958.49,UPI,Store
IN100563,2025-09-13,Bengaluru,Karnataka,Home & Kitchen,4,1509.34,0.2,4829.89,1448.97,Credit Card,Store
IN100564,2024-03-17,Pune,Maharashtra,Electronics,4,2807.99,0.0,11231.96,2695.67,Cash,Store
IN100565,2025-08-21,Kolkata,West Bengal,Electronics,3,2659.29,0.15,6781.19,1627.49,Debit Card,Store
IN100566,2024-07-26,Lucknow,Uttar Pradesh,Grocery,3,580.66,0.0,1741.98,383.24,Debit Card,Online
IN100567,2024-06-07,Lucknow,Uttar Pradesh,Clothing,4,1080.18,0.1,3888.65,1088.82,UPI,Store
IN100568,2025-06-07,Bengaluru,Karnataka,Electronics,3,3010.32,0.15,7676.32,1842.32,UPI,Store
IN100569,2024-08-12,Kolkata,West Bengal,Electronics,2,3007.37,0.05,5714.0,1371.36,UPI,Online
IN100570,2024-12-23,Bengaluru,Karnataka,Electronics,1,3919.12,0.2,3135.3,752.47,Debit Card,Online
IN100571,2025-01-18,Delhi,Delhi,Beauty,2,1098.56,0.2,1757.7,562.46,UPI,Store
IN100572,2025-06-27,Lucknow,Uttar Pradesh,Electronics,1,3897.18,0.25,2922.88,701.49,Credit Card,Online
IN100573,2025-07-19,Hyderabad,Telangana,Electronics,3,3419.43,0.05,9745.38,2338.89,UPI,Online
IN100574,2025-05-18,Ahmedabad,Gujarat,Clothing,2,1276.55,0.0,2553.1,714.87,Debit Card,Store
IN100575,2025-03-25,Jaipur,Rajasthan,Clothing,5,1353.98,0.2,5415.92,1516.46,Cash,Online
IN100576,2024-08-29,Kolkata,West Bengal,Beauty,4,815.88,0.05,3100.34,992.11,Debit Card,Online
IN100577,2025-01-03,Mumbai,Maharashtra,Electronics,1,3450.41,0.1,3105.37,745.29,UPI,Store
IN100578,2025-09-18,Bengaluru,Karnataka,Grocery,1,851.3,0.2,681.04,149.83,Credit Card,Online
IN100579,2025-04-15,Jaipur,Rajasthan,Grocery,5,575.2,0.05,2732.2,601.08,UPI,Store
IN100580,2024-10-14,Mumbai,Maharashtra,Beauty,5,898.43,0.05,4267.54,1365.61,UPI,Online
IN100581,2025-02-02,Jaipur,Rajasthan,Grocery,4,731.79,0.1,2634.44,579.58,UPI,Online
IN100582,2024-04-13,Ahmedabad,Gujarat,Home & Kitchen,3,2248.29,0.05,6407.63,1922.29,UPI,Online
IN100583,2024-11-06,Mumbai,Maharashtra,Electronics,2,2766.93,0.1,4980.47,1195.31,UPI,Store
IN100584,2024-05-06,Pune,Maharashtra,Clothing,2,1235.06,0.0,2470.12,691.63,UPI,Online
IN100585,2024-02-09,Chennai,Tamil Nadu,Clothing,2,1785.5,0.05,3392.45,949.89,UPI,Online
IN100586,2024-03-12,Pune,Maharashtra,Beauty,3,676.95,0.2,1624.68,519.9,Debit Card,Online
IN100587,2024-09-03,Lucknow,Uttar Pradesh,Electronics,4,3499.33,0.1,12597.59,3023.42,Net Banking,Online
IN100588,2024-09-03,Chennai,Tamil Nadu,Electronics,2,4029.75,0.15,6850.58,1644.14,Cash,Online
IN100589,2024-11-07,Pune,Maharashtra,Clothing,1,1818.79,0.05,1727.85,483.8,UPI,Online
IN100590,2024-02-03,Chennai,Tamil Nadu,Electronics,1,2266.39,0.15,1926.43,462.34,Credit Card,Online
IN100591,2024-05-08,Chennai,Tamil Nadu,Electronics,1,3008.91,0.3,2106.24,505.5,Cash,Online
IN100592,2024-01-10,Hyderabad,Telangana,Beauty,5,780.5,0.1,3512.25,1123.92,UPI,Store
IN100593,2024-06-16,Bengaluru,Karnataka,Clothing,5,1496.91,0.15,6361.87,1781.32,Cash,Store
IN100594,2024-08-03,Bengaluru,Karnataka,Grocery,3,722.38,0.0,2167.14,476.77,Credit Card,Online
IN100595,2025-02-11,Hyderabad,Telangana,Home & Kitchen,2,2429.74,0.1,4373.53,1312.06,Net Banking,Online
IN100596,2025-06-09,Jaipur,Rajasthan,Clothing,5,1446.61,0.2,5786.44,1620.2,Cash,Store
IN100597,2025-08-24,Delhi,Delhi,Electronics,1,3387.05,0.2,2709.64,650.31,Debit Card,Store
IN100598,2024-01-18,Jaipur,Rajasthan,Electronics,5,3101.77,0.1,13957.96,3349.91,Debit Card,Online
IN100599,2024-12-05,Mumbai,Maharashtra,Clothing,1,1114.39,0.25,835.79,234.02,UPI,Store
IN100600,2025-11-11,Mumbai,Maharashtra,Grocery,2,583.15,0.0,1166.3,256.59,UPI,Online
IN100601,2025-07-21,Chennai,Tamil Nadu,Clothing,3,1204.76,0.15,3072.14,860.2,UPI,Online
IN100602,2025-11-06,Pune,Maharashtra,Electronics,4,3906.54,0.05,14844.85,3562.76,UPI,Online
IN100603,2025-10-25,Pune,Maharashtra,Grocery,4,685.61,0.15,2331.07,512.84,UPI,Store
IN100604,2024-03-30,Bengaluru,Karnataka,Beauty,1,803.27,0.0,803.27,257.05,UPI,Online
IN100605,2024-10-11,Kolkata,West Bengal,Home & Kitchen,5,1832.24,0.25,6870.9,2061.27,Cash,Store
IN100606,2025-06-17,Jaipur,Rajasthan,Home & Kitchen,5,1516.07,0.2,6064.28,1819.28,UPI,Online
IN100607,2024-09-23,Lucknow,Uttar Pradesh,Home & Kitchen,1,1476.6,0.05,1402.77,420.83,UPI,Online
IN100608,2025-03-08,Ahmedabad,Gujarat,Clothing,2,1762.55,0.15,2996.34,838.98,Credit Card,Online
IN100609,2025-10-12,Pune,Maharashtra,Home & Kitchen,1,2365.43,0.15,2010.62,603.19,Credit Card,Store
IN100610,2024-02-21,Ahmedabad,Gujarat,Electronics,2,2406.43,0.05,4572.22,1097.33,UPI,Online
IN100611,2024-03-07,Chennai,Tamil Nadu,Grocery,3,778.16,0.0,2334.48,513.59,Net Banking,Online
IN100612,2025-08-19,Ahmedabad,Gujarat,Grocery,3,646.52,0.05,1842.58,405.37,Credit Card,Online
IN100613,2024-09-06,Lucknow,Uttar Pradesh,Electronics,1,3049.06,0.0,3049.06,731.77,Credit Card,Store
IN100614,2024-11-26,Hyderabad,Telangana,Home & Kitchen,3,2066.61,0.1,5579.85,1673.96,UPI,Online
IN100615,2025-02-18,Lucknow,Uttar Pradesh,Beauty,5,785.76,0.1,3535.92,1131.49,Credit Card,Online
IN100616,2024-05-02,Ahmedabad,Gujarat,Clothing,2,998.73,0.1,1797.71,503.36,Cash,Online
IN100617,2024-07-20,Lucknow,Uttar Pradesh,Home & Kitchen,4,1510.38,0.1,5437.37,1631.21,UPI,Store
IN100618,2024-01-06,Delhi,Delhi,Electronics,4,2624.64,0.3,7348.99,1763.76,UPI,Store
IN100619,2025-04-30,Chennai,Tamil Nadu,Grocery,3,469.39,0.2,1126.54,247.84,UPI,Store
IN100620,2024-07-17,Jaipur,Rajasthan,Grocery,2,590.76,0.15,1004.29,220.94,Net Banking,Online
IN100621,2024-01-13,Hyderabad,Telangana,Grocery,5,655.48,0.05,3113.53,684.98,UPI,Online
IN100622,2024-01-06,Pune,Maharashtra,Beauty,4,1060.46,0.0,4241.84,1357.39,Cash,Store
IN100623,2025-02-14,Mumbai,Maharashtra,Home & Kitchen,5,1641.02,0.0,8205.1,2461.53,UPI,Online
IN100624,2024-04-30,Jaipur,Rajasthan,Home & Kitchen,5,1487.61,0.15,6322.34,1896.7,Credit Card,Online
IN100625,2025-07-10,Mumbai,Maharashtra,Clothing,4,1189.86,0.05,4521.47,1266.01,Debit Card,Online
IN100626,2024-12-27,Chennai,Tamil Nadu,Beauty,4,1151.34,0.05,4375.09,1400.03,UPI,Store
IN100627,2025-06-21,Hyderabad,Telangana,Electronics,3,2665.82,0.2,6397.97,1535.51,Credit Card,Online
IN100628,2024-01-04,Bengaluru,Karnataka,Home & Kitchen,2,2288.71,0.1,4119.68,1235.9,UPI,Online
IN100629,2024-10-10,Pune,Maharashtra,Clothing,1,1386.86,0.2,1109.49,310.66,UPI,Store
IN100630,2025-12-22,Delhi,Delhi,Electronics,2,4183.55,0.2,6693.68,1606.48,Cash,Online
IN100631,2024-12-24,Bengaluru,Karnataka,Grocery,1,627.42,0.0,627.42,138.03,UPI,Online
IN100632,2025-11-23,Chennai,Tamil Nadu,Clothing,4,1141.69,0.25,3425.07,959.02,Debit Card,Store
IN100633,2024-10-08,Jaipur,Rajasthan,Clothing,5,1479.62,0.0,7398.1,2071.47,UPI,Store
IN100634,2025-10-18,Delhi,Delhi,Clothing,2,1514.81,0.25,2272.22,636.22,UPI,Store
IN100635,2025-09-19,Lucknow,Uttar Pradesh,Electronics,5,3561.82,0.1,16028.19,3846.77,Debit Card,Store
IN100636,2024-12-14,Ahmedabad,Gujarat,Electronics,2,3095.91,0.15,5263.05,1263.13,Credit Card,Online
IN100637,2024-01-30,Delhi,Delhi,Electronics,2,2341.09,0.15,3979.85,955.16,UPI,Store
IN100638,2025-05-31,Chennai,Tamil Nadu,Clothing,5,1550.32,0.1,6976.44,1953.4,Credit Card,Online
IN100639,2025-01-08,Kolkata,West Bengal,Electronics,3,4180.7,0.15,10660.78,2558.59,UPI,Store
IN100640,2025-09-09,Ahmedabad,Gujarat,Grocery,4,859.57,0.25,2578.71,567.32,Cash,Store
IN100641,2024-05-03,Mumbai,Maharashtra,Clothing,3,1523.17,0.25,3427.13,959.6,UPI,Store
IN100642,2025-03-21,Pune,Maharashtra,Beauty,3,641.63,0.15,1636.16,523.57,UPI,Store
IN100643,2025-01-28,Mumbai,Maharashtra,Home & Kitchen,2,1384.07,0.15,2352.92,705.88,Debit Card,Store
IN100644,2025-10-11,Delhi,Delhi,Clothing,4,1738.93,0.05,6607.93,1850.22,UPI,Online
IN100645,2025-09-09,Mumbai,Maharashtra,Home & Kitchen,2,2230.8,0.2,3569.28,1070.78,UPI,Store
IN100646,2025-12-25,Chennai,Tamil Nadu,Home & Kitchen,1,2366.84,0.15,2011.81,603.54,UPI,Online
IN100647,2024-02-25,Lucknow,Uttar Pradesh,Beauty,2,959.81,0.2,1535.7,491.42,Cash,Online
IN100648,2024-05-11,Jaipur,Rajasthan,Grocery,5,819.96,0.15,3484.83,766.66,Net Banking,Online
IN100649,2024-05-01,Pune,Maharashtra,Electronics,2,3955.76,0.05,7515.94,1803.83,Debit Card,Online
IN100650,2024-07-20,Mumbai,Maharashtra,Grocery,1,704.03,0.0,704.03,154.89,Credit Card,Store
IN100651,2025-12-20,Mumbai,Maharashtra,Grocery,2,786.09,0.0,1572.18,345.88,Debit Card,Store
IN100652,2025-08-24,Delhi,Delhi,Grocery,1,508.11,0.1,457.3,100.61,UPI,Online
IN100653,2025-12-02,Jaipur,Rajasthan,Clothing,4,1561.67,0.05,5934.35,1661.62,UPI,Online
IN100654,2024-09-21,Bengaluru,Karnataka,Home & Kitchen,2,2375.54,0.15,4038.42,1211.53,Net Banking,Online
IN100655,2025-07-11,Mumbai,Maharashtra,Beauty,1,724.75,0.0,724.75,231.92,UPI,Store
IN100656,2024-02-09,Chennai,Tamil Nadu,Electronics,4,3787.61,0.05,14392.92,3454.3,UPI,Online
IN100657,2025-08-01,Kolkata,West Bengal,Electronics,5,2907.23,0.05,13809.34,3314.24,Cash,Store
IN100658,2024-04-22,Pune,Maharashtra,Electronics,3,3939.58,0.05,11227.8,2694.67,Debit Card,Store
IN100659,2024-12-04,Mumbai,Maharashtra,Home & Kitchen,1,2075.74,0.0,2075.74,622.72,UPI,Online
IN100660,2024-03-02,Chennai,Tamil Nadu,Grocery,5,846.31,0.15,3596.82,791.3,UPI,Store
IN100661,2024-08-14,Chennai,Tamil Nadu,Grocery,4,755.79,0.0,3023.16,665.1,Credit Card,Store
IN100662,2024-06-22,Pune,Maharashtra,Clothing,5,1353.38,0.0,6766.9,1894.73,Credit Card,Store
IN100663,2024-05-13,Bengaluru,Karnataka,Grocery,2,459.6,0.25,689.4,151.67,Credit Card,Online
IN100664,2024-10-11,Chennai,Tamil Nadu,Clothing,3,1701.55,0.0,5104.65,1429.3,UPI,Online
IN100665,2025-09-17,Kolkata,West Bengal,Grocery,1,627.58,0.2,502.06,110.45,Net Banking,Store
IN100666,2024-04-17,Chennai,Tamil Nadu,Home & Kitchen,4,2044.64,0.25,6133.92,1840.18,UPI,Online
IN100667,2024-05-22,Chennai,Tamil Nadu,Beauty,3,691.46,0.1,1866.94,597.42,Credit Card,Store
IN100668,2025-07-22,Chennai,Tamil Nadu,Beauty,4,1151.22,0.1,4144.39,1326.2,UPI,Online
IN100669,2024-10-20,Lucknow,Uttar Pradesh,Beauty,5,884.86,0.05,4203.08,1344.99,UPI,Online
IN100670,2024-10-03,Lucknow,Uttar Pradesh,Clothing,4,1816.92,0.1,6540.91,1831.45,UPI,Online
IN100671,2025-05-06,Bengaluru,Karnataka,Clothing,4,1623.39,0.1,5844.2,1636.38,Net Banking,Online
IN100672,2025-07-16,Mumbai,Maharashtra,Grocery,5,506.32,0.0,2531.6,556.95,Cash,Online
IN100673,2025-04-15,Chennai,Tamil Nadu,Beauty,5,968.83,0.05,4601.94,1472.62,UPI,Online
IN100674,2024-10-02,Jaipur,Rajasthan,Electronics,3,4132.66,0.2,9918.38,2380.41,Cash,Online
IN100675,2024-08-21,Mumbai,Maharashtra,Clothing,1,1707.97,0.0,1707.97,478.23,UPI,Store
IN100676,2024-08-29,Bengaluru,Karnataka,Electronics,5,3109.4,0.15,13214.95,3171.59,Debit Card,Store
IN100677,2024-09-14,Hyderabad,Telangana,Grocery,3,858.51,0.15,2189.2,481.62,UPI,Online
IN100678,2024-02-01,Mumbai,Maharashtra,Clothing,4,1224.4,0.0,4897.6,1371.33,Cash,Online
IN100679,2025-01-01,Mumbai,Maharashtra,Clothing,4,1321.35,0.0,5285.4,1479.91,UPI,Online
IN100680,2024-12-13,Ahmedabad,Gujarat,Electronics,2,3799.41,0.05,7218.88,1732.53,Credit Card,Online
IN100681,2024-05-11,Delhi,Delhi,Clothing,5,1191.94,0.15,5065.75,1418.41,Debit Card,Store
IN100682,2025-01-02,Ahmedabad,Gujarat,Home & Kitchen,3,1862.99,0.05,5309.52,1592.86,UPI,Online
IN100683,2024-09-21,Kolkata,West Bengal,Clothing,3,1643.2,0.15,4190.16,1173.24,UPI,Online
IN100684,2024-08-02,Lucknow,Uttar Pradesh,Grocery,1,727.08,0.15,618.02,135.96,UPI,Store
IN100685,2024-08-02,Lucknow,Uttar Pradesh,Grocery,3,520.64,0.2,1249.54,274.9,Debit Card,Online
IN100686,2024-10-08,Delhi,Delhi,Home & Kitchen,5,1996.7,0.0,9983.5,2995.05,UPI,Store
IN100687,2025-06-13,Pune,Maharashtra,Electronics,3,3431.24,0.1,9264.35,2223.44,Credit Card,Online
IN100688,2024-01-02,Pune,Maharashtra,Beauty,2,956.34,0.0,1912.68,612.06,Net Banking,Store
IN100689,2025-05-27,Bengaluru,Karnataka,Grocery,4,804.0,0.0,3216.0,707.52,UPI,Online
IN100690,2025-04-08,Delhi,Delhi,Beauty,4,737.58,0.05,2802.8,896.9,UPI,Online
IN100691,2025-03-22,Mumbai,Maharashtra,Beauty,3,1069.67,0.15,2727.66,872.85,Debit Card,Online
IN100692,2024-12-28,Pune,Maharashtra,Clothing,3,1672.44,0.3,3512.12,983.39,Cash,Online
IN100693,2024-08-03,Chennai,Tamil Nadu,Electronics,3,3743.1,0.05,10667.84,2560.28,Net Banking,Online
IN100694,2024-06-12,Jaipur,Rajasthan,Clothing,3,1440.43,0.1,3889.16,1088.96,UPI,Online
IN100695,2025-12-03,Mumbai,Maharashtra,Grocery,2,622.12,0.05,1182.03,260.05,UPI,Store
IN100696,2025-08-09,Kolkata,West Bengal,Electronics,5,3060.93,0.15,13008.95,3122.15,Cash,Online
IN100697,2025-06-21,Chennai,Tamil Nadu,Electronics,2,3766.32,0.05,7156.01,1717.44,Cash,Store
IN100698,2025-05-25,Chennai,Tamil Nadu,Clothing,2,1433.09,0.1,2579.56,722.28,Debit Card,Online
IN100699,2024-08-08,Delhi,Delhi,Electronics,2,2943.94,0.1,5299.09,1271.78,UPI,Store
IN100700,2025-07-08,Bengaluru,Karnataka,Electronics,4,3540.98,0.15,12039.33,2889.44,UPI,Online
IN100701,2025-09-25,Kolkata,West Bengal,Clothing,2,1741.68,0.0,3483.36,975.34,UPI,Online
IN100702,2025-10-02,Pune,Maharashtra,Electronics,3,2367.94,0.1,6393.44,1534.43,Net Banking,Online
IN100703,2024-10-09,Delhi,Delhi,Clothing,2,1864.64,0.1,3356.35,939.78,UPI,Online
IN100704,2024-03-11,Pune,Maharashtra,Grocery,3,495.84,0.0,1487.52,327.25,Credit Card,Online
IN100705,2025-01-08,Delhi,Delhi,Clothing,5,1445.68,0.05,6866.98,1922.75,Credit Card,Online
IN100706,2024-09-15,Delhi,Delhi,Home & Kitchen,4,1915.45,0.2,6129.44,1838.83,UPI,Store
IN100707,2025-03-20,Delhi,Delhi,Grocery,5,513.39,0.2,2053.56,451.78,UPI,Store
IN100708,2024-07-19,Bengaluru,Karnataka,Clothing,5,1813.19,0.0,9065.95,2538.47,Debit Card,Online
IN100709,2025-10-03,Delhi,Delhi,Clothing,4,1409.04,0.15,4790.74,1341.41,UPI,Store
IN100710,2025-01-14,Hyderabad,Telangana,Home & Kitchen,3,1427.45,0.1,3854.12,1156.24,UPI,Store
IN100711,2025-08-15,Jaipur,Rajasthan,Beauty,3,1046.29,0.25,2354.15,753.33,UPI,Store
IN100712,2025-02-18,Pune,Maharashtra,Home & Kitchen,3,2036.18,0.25,4581.4,1374.42,Cash,Online
IN100713,2024-03-05,Mumbai,Maharashtra,Grocery,4,861.81,0.1,3102.52,682.55,Net Banking,Online
IN100714,2025-01-12,Ahmedabad,Gujarat,Electronics,2,3158.35,0.0,6316.7,1516.01,Debit Card,Online
IN100715,2025-10-19,Kolkata,West Bengal,Clothing,1,1223.69,0.1,1101.32,308.37,Cash,Store
IN100716,2025-10-07,Lucknow,Uttar Pradesh,Electronics,2,2364.79,0.15,4020.14,964.83,Credit Card,Online
IN100717,2024-04-11,Bengaluru,Karnataka,Beauty,2,1058.88,0.25,1588.32,508.26,Debit Card,Online
IN100718,2024-02-11,Mumbai,Maharashtra,Grocery,5,715.8,0.05,3400.05,748.01,Net Banking,Online
IN100719,2024-07-14,Chennai,Tamil Nadu,Home & Kitchen,1,2397.95,0.2,1918.36,575.51,Credit Card,Online
IN100720,2024-12-25,Hyderabad,Telangana,Clothing,3,1628.07,0.15,4151.58,1162.44,UPI,Store
IN100721,2024-04-08,Lucknow,Uttar Pradesh,Home & Kitchen,2,2351.8,0.0,4703.6,1411.08,Net Banking,Online
IN100722,2025-01-22,Ahmedabad,Gujarat,Clothing,4,1882.34,0.1,6776.42,1897.4,Cash,Store
IN100723,2024-03-05,Mumbai,Maharashtra,Electronics,2,3131.14,0.0,6262.28,1502.95,UPI,Store
IN100724,2024-10-23,Lucknow,Uttar Pradesh,Clothing,3,1116.77,0.15,2847.76,797.37,Net Banking,Online
IN100725,2025-03-02,Mumbai,Maharashtra,Grocery,2,537.75,0.15,914.18,201.12,UPI,Online
IN100726,2024-08-10,Hyderabad,Telangana,Grocery,5,589.51,0.3,2063.28,453.92,UPI,Store
IN100727,2025-11-25,Ahmedabad,Gujarat,Home & Kitchen,5,1855.41,0.25,6957.79,2087.34,Debit Card,Online
IN100728,2024-05-28,Chennai,Tamil Nadu,Electronics,2,2494.63,0.0,4989.26,1197.42,UPI,Online
IN100729,2025-05-23,Delhi,Delhi,Grocery,5,582.48,0.0,2912.4,640.73,Debit Card,Online
IN100730,2025-03-17,Pune,Maharashtra,Grocery,4,585.04,0.15,1989.14,437.61,UPI,Online
IN100731,2025-02-17,Chennai,Tamil Nadu,Clothing,1,983.72,0.15,836.16,234.12,UPI,Online
IN100732,2024-04-25,Delhi,Delhi,Home & Kitchen,2,1674.38,0.2,2679.01,803.7,Credit Card,Online
IN100733,2025-03-28,Bengaluru,Karnataka,Home & Kitchen,4,1395.9,0.05,5304.42,1591.33,Credit Card,Online
IN100734,2024-11-15,Jaipur,Rajasthan,Home & Kitchen,4,1762.76,0.2,5640.83,1692.25,UPI,Online
IN100735,2025-03-26,Kolkata,West Bengal,Home & Kitchen,4,1489.95,0.1,5363.82,1609.15,Net Banking,Store
IN100736,2024-03-19,Kolkata,West Bengal,Home & Kitchen,3,2221.87,0.05,6332.33,1899.7,Credit Card,Online
IN100737,2024-12-22,Pune,Maharashtra,Clothing,2,1053.28,0.0,2106.56,589.84,UPI,Store
IN100738,2024-04-28,Ahmedabad,Gujarat,Grocery,2,820.74,0.2,1313.18,288.9,UPI,Online
IN100739,2025-08-08,Hyderabad,Telangana,Clothing,2,1508.28,0.1,2714.9,760.17,Cash,Store
IN100740,2025-06-04,Ahmedabad,Gujarat,Clothing,1,1397.36,0.3,978.15,273.88,Credit Card,Online
IN100741,2024-10-05,Hyderabad,Telangana,Electronics,4,3383.46,0.15,11503.76,2760.9,UPI,Store
IN100742,2025-07-19,Ahmedabad,Gujarat,Home & Kitchen,2,1700.05,0.0,3400.1,1020.03,UPI,Online
IN100743,2024-02-14,Jaipur,Rajasthan,Home & Kitchen,5,1409.31,0.1,6341.9,1902.57,Credit Card,Store
IN100744,2024-08-12,Bengaluru,Karnataka,Clothing,3,1676.95,0.0,5030.85,1408.64,UPI,Online
IN100745,2025-06-11,Bengaluru,Karnataka,Home & Kitchen,1,2345.66,0.1,2111.09,633.33,Debit Card,Online
IN100746,2025-12-24,Delhi,Delhi,Beauty,3,1185.79,0.05,3379.5,1081.44,Net Banking,Online
IN100747,2025-12-12,Lucknow,Uttar Pradesh,Electronics,4,3635.08,0.15,12359.27,2966.22,UPI,Store
IN100748,2024-08-28,Bengaluru,Karnataka,Clothing,5,1353.42,0.1,6090.39,1705.31,Cash,Store
IN100749,2025-09-05,Bengaluru,Karnataka,Home & Kitchen,4,1819.68,0.05,6914.78,2074.43,Net Banking,Online
IN100750,2025-04-26,Chennai,Tamil Nadu,Clothing,2,1577.84,0.0,3155.68,883.59,Net Banking,Store
IN100751,2024-04-04,Chennai,Tamil Nadu,Grocery,3,802.75,0.1,2167.43,476.83,Net Banking,Store
IN100752,2024-12-30,Delhi,Delhi,Electronics,5,3019.1,0.3,10566.85,2536.04,Cash,Store
IN100753,2024-07-03,Lucknow,Uttar Pradesh,Clothing,3,1814.27,0.1,4898.53,1371.59,Credit Card,Store
IN100754,2024-05-15,Pune,Maharashtra,Home & Kitchen,1,1639.4,0.15,1393.49,418.05,UPI,Store
IN100755,2024-01-25,Chennai,Tamil Nadu,Grocery,5,679.29,0.0,3396.45,747.22,Credit Card,Online
IN100756,2024-11-13,Pune,Maharashtra,Home & Kitchen,1,2384.79,0.05,2265.55,679.67,Cash,Store
IN100757,2024-11-28,Mumbai,Maharashtra,Home & Kitchen,5,2357.69,0.1,10609.61,3182.88,UPI,Online
IN100758,2025-07-15,Chennai,Tamil Nadu,Home & Kitchen,2,2074.02,0.15,3525.83,1057.75,UPI,Store
IN100759,2025-11-11,Jaipur,Rajasthan,Grocery,3,592.13,0.1,1598.75,351.72,UPI,Online
IN100760,2024-04-09,Lucknow,Uttar Pradesh,Electronics,3,2695.59,0.1,7278.09,1746.74,Cash,Online
IN100761,2025-01-04,Delhi,Delhi,Grocery,4,488.86,0.15,1662.12,365.67,Debit Card,Online
IN100762,2025-08-15,Mumbai,Maharashtra,Electronics,5,3714.0,0.05,17641.5,4233.96,Credit Card,Store
IN100763,2024-01-12,Lucknow,Uttar Pradesh,Home & Kitchen,5,1849.04,0.0,9245.2,2773.56,UPI,Store
IN100764,2025-12-20,Jaipur,Rajasthan,Clothing,1,1500.78,0.05,1425.74,399.21,Debit Card,Online
IN100765,2024-03-17,Lucknow,Uttar Pradesh,Grocery,5,654.59,0.0,3272.95,720.05,UPI,Store
IN100766,2025-08-09,Jaipur,Rajasthan,Clothing,3,1419.48,0.25,3193.83,894.27,Credit Card,Store
IN100767,2025-11-12,Jaipur,Rajasthan,Home & Kitchen,5,1928.39,0.1,8677.76,2603.33,UPI,Store
IN100768,2024-12-13,Pune,Maharashtra,Beauty,4,1164.84,0.1,4193.42,1341.89,Net Banking,Online
IN100769,2025-03-18,Ahmedabad,Gujarat,Clothing,4,1006.72,0.25,3020.16,845.64,Credit Card,Store
IN100770,2025-11-21,Mumbai,Maharashtra,Home & Kitchen,3,2197.92,0.25,4945.32,1483.6,Credit Card,Online
IN100771,2024-03-28,Lucknow,Uttar Pradesh,Clothing,3,1335.37,0.1,3605.5,1009.54,Debit Card,Store
IN100772,2025-04-09,Hyderabad,Telangana,Grocery,3,769.73,0.2,1847.35,406.42,Credit Card,Online
IN100773,2025-05-08,Mumbai,Maharashtra,Home & Kitchen,5,2369.78,0.0,11848.9,3554.67,UPI,Online
IN100774,2024-08-09,Ahmedabad,Gujarat,Clothing,5,1258.72,0.2,5034.88,1409.77,Credit Card,Store
IN100775,2025-05-29,Mumbai,Maharashtra,Beauty,2,682.39,0.05,1296.54,414.89,Net Banking,Online
IN100776,2024-04-27,Bengaluru,Karnataka,Electronics,1,2723.18,0.1,2450.86,588.21,UPI,Online
IN100777,2024-05-15,Hyderabad,Telangana,Electronics,5,2701.95,0.05,12834.26,3080.22,Debit Card,Store
IN100778,2024-07-05,Ahmedabad,Gujarat,Beauty,2,1063.98,0.3,1489.57,476.66,Net Banking,Online
IN100779,2025-06-25,Pune,Maharashtra,Electronics,2,2368.67,0.0,4737.34,1136.96,Cash,Online
IN100780,2025-08-01,Lucknow,Uttar Pradesh,Beauty,4,659.8,0.1,2375.28,760.09,Debit Card,Online
IN100781,2024-11-06,Kolkata,West Bengal,Beauty,5,1035.76,0.15,4401.98,1408.63,Debit Card,Online
IN100782,2025-01-13,Ahmedabad,Gujarat,Electronics,2,3397.98,0.15,5776.57,1386.38,Net Banking,Online
IN100783,2025-02-15,Delhi,Delhi,Grocery,4,631.51,0.15,2147.13,472.37,Net Banking,Online
IN100784,2025-02-24,Lucknow,Uttar Pradesh,Electronics,1,3436.77,0.15,2921.25,701.1,Net Banking,Store
IN100785,2024-08-04,Ahmedabad,Gujarat,Clothing,4,1649.08,0.2,5277.06,1477.58,Debit Card,Online
IN100786,2025-10-31,Bengaluru,Karnataka,Electronics,1,2455.22,0.05,2332.46,559.79,UPI,Online
IN100787,2024-03-11,Kolkata,West Bengal,Clothing,3,1483.49,0.05,4227.95,1183.83,UPI,Online
IN100788,2024-04-19,Bengaluru,Karnataka,Clothing,3,1730.22,0.1,4671.59,1308.05,UPI,Online
IN100789,2024-10-11,Kolkata,West Bengal,Clothing,4,1309.81,0.25,3929.43,1100.24,Net Banking,Store
IN100790,2025-08-24,Delhi,Delhi,Beauty,3,1076.37,0.1,2906.2,929.98,Cash,Store
IN100791,2025-07-22,Lucknow,Uttar Pradesh,Home & Kitchen,5,2249.14,0.05,10683.42,3205.03,Credit Card,Online
IN100792,2024-10-24,Pune,Maharashtra,Home & Kitchen,4,2220.49,0.15,7549.67,2264.9,Credit Card,Online
IN100793,2025-05-13,Bengaluru,Karnataka,Grocery,2,729.78,0.1,1313.6,288.99,UPI,Online
IN100794,2025-07-14,Bengaluru,Karnataka,Home & Kitchen,5,2099.29,0.05,9971.63,2991.49,Credit Card,Store
IN100795,2025-11-27,Jaipur,Rajasthan,Clothing,4,1696.78,0.15,5769.05,1615.33,Debit Card,Store
IN100796,2025-12-11,Kolkata,West Bengal,Grocery,1,764.99,0.0,764.99,168.3,UPI,Online
IN100797,2025-06-13,Chennai,Tamil Nadu,Beauty,3,894.23,0.15,2280.29,729.69,UPI,Online
IN100798,2024-07-16,Lucknow,Uttar Pradesh,Clothing,3,1124.8,0.1,3036.96,850.35,Credit Card,Store
IN100799,2025-05-21,Kolkata,West Bengal,Grocery,3,585.86,0.05,1669.7,367.33,UPI,Store
IN100800,2025-05-03,Jaipur,Rajasthan,Home & Kitchen,4,1502.48,0.25,4507.44,1352.23,Net Banking,Store
IN100801,2024-01-27,Mumbai,Maharashtra,Beauty,5,841.44,0.05,3996.84,1278.99,UPI,Online
IN100802,2024-04-27,Kolkata,West Bengal,Home & Kitchen,1,1832.52,0.05,1740.89,522.27,Net Banking,Online
IN100803,2024-02-23,Pune,Maharashtra,Clothing,3,1852.73,0.2,4446.55,1245.03,UPI,Online
IN100804,2025-05-18,Lucknow,Uttar Pradesh,Clothing,5,1853.11,0.0,9265.55,2594.35,UPI,Store
IN100805,2024-05-31,Jaipur,Rajasthan,Electronics,2,3840.74,0.0,7681.48,1843.56,Debit Card,Store
IN100806,2025-04-23,Mumbai,Maharashtra,Home & Kitchen,2,2406.76,0.05,4572.84,1371.85,Debit Card,Online
IN100807,2024-06-10,Hyderabad,Telangana,Electronics,1,4315.87,0.1,3884.28,932.23,Credit Card,Online
IN100808,2025-10-23,Jaipur,Rajasthan,Home & Kitchen,3,2295.75,0.1,6198.52,1859.56,UPI,Online
IN100809,2024-08-03,Hyderabad,Telangana,Electronics,2,2405.37,0.15,4089.13,981.39,UPI,Online
IN100810,2025-02-23,Lucknow,Uttar Pradesh,Electronics,5,3126.17,0.0,15630.85,3751.4,Debit Card,Online
IN100811,2024-12-13,Bengaluru,Karnataka,Grocery,5,680.67,0.05,3233.18,711.3,UPI,Store
IN100812,2024-12-05,Jaipur,Rajasthan,Home & Kitchen,2,1405.18,0.1,2529.32,758.8,UPI,Online
IN100813,2025-07-07,Delhi,Delhi,Electronics,3,3921.95,0.05,11177.56,2682.61,Debit Card,Online
IN100814,2024-12-17,Hyderabad,Telangana,Clothing,1,1115.3,0.1,1003.77,281.06,UPI,Store
IN100815,2025-11-03,Pune,Maharashtra,Grocery,3,616.96,0.1,1665.79,366.47,UPI,Online
IN100816,2025-08-08,Delhi,Delhi,Electronics,4,2383.34,0.3,6673.35,1601.6,UPI,Online
IN100817,2025-01-09,Ahmedabad,Gujarat,Electronics,2,3331.15,0.0,6662.3,1598.95,Net Banking,Online
IN100818,2025-06-20,Ahmedabad,Gujarat,Home & Kitchen,4,1958.54,0.1,7050.74,2115.22,UPI,Store
IN100819,2024-10-29,Mumbai,Maharashtra,Grocery,2,765.61,0.1,1378.1,303.18,Net Banking,Store
IN100820,2024-08-29,Bengaluru,Karnataka,Electronics,1,2946.08,0.2,2356.86,565.65,UPI,Online
IN100821,2025-01-12,Lucknow,Uttar Pradesh,Home & Kitchen,3,1950.92,0.25,4389.57,1316.87,Debit Card,Online
IN100822,2025-11-15,Jaipur,Rajasthan,Beauty,3,1059.48,0.25,2383.83,762.83,UPI,Online
IN100823,2025-01-23,Chennai,Tamil Nadu,Grocery,2,776.96,0.05,1476.22,324.77,Credit Card,Store
IN100824,2024-10-13,Pune,Maharashtra,Grocery,5,582.44,0.05,2766.59,608.65,Cash,Store
IN100825,2024-06-07,Hyderabad,Telangana,Home & Kitchen,4,1339.21,0.1,4821.16,1446.35,Cash,Store
IN100826,2024-12-19,Lucknow,Uttar Pradesh,Beauty,3,652.01,0.05,1858.23,594.63,Cash,Online
IN100827,2025-12-30,Delhi,Delhi,Home & Kitchen,3,2158.63,0.15,5504.51,1651.35,Cash,Store
IN100828,2025-03-30,Ahmedabad,Gujarat,Clothing,2,1330.75,0.05,2528.42,707.96,UPI,Store
IN100829,2025-09-18,Pune,Maharashtra,Grocery,5,511.59,0.15,2174.26,478.34,Credit Card,Store
IN100830,2024-08-28,Chennai,Tamil Nadu,Grocery,4,532.95,0.25,1598.85,351.75,Credit Card,Online
IN100831,2024-07-30,Jaipur,Rajasthan,Electronics,5,3833.59,0.05,18209.55,4370.29,Cash,Online
IN100832,2024-12-28,Mumbai,Maharashtra,Clothing,5,1525.0,0.15,6481.25,1814.75,UPI,Online
IN100833,2025-08-20,Chennai,Tamil Nadu,Home & Kitchen,2,1846.64,0.0,3693.28,1107.98,Net Banking,Online
IN100834,2024-05-12,Pune,Maharashtra,Grocery,5,718.22,0.0,3591.1,790.04,Credit Card,Online
IN100835,2025-05-23,Chennai,Tamil Nadu,Clothing,4,1105.12,0.0,4420.48,1237.73,Debit Card,Store
IN100836,2024-10-03,Pune,Maharashtra,Grocery,1,589.8,0.0,589.8,129.76,UPI,Store
IN100837,2024-09-21,Pune,Maharashtra,Electronics,1,3018.05,0.05,2867.15,688.12,UPI,Store
IN100838,2025-08-27,Kolkata,West Bengal,Clothing,4,1266.19,0.1,4558.28,1276.32,Debit Card,Online
IN100839,2025-08-25,Hyderabad,Telangana,Home & Kitchen,2,2271.37,0.15,3861.33,1158.4,Credit Card,Online
IN100840,2025-10-18,Ahmedabad,Gujarat,Clothing,3,1509.09,0.0,4527.27,1267.64,Net Banking,Store
IN100841,2024-12-25,Kolkata,West Bengal,Electronics,2,3756.99,0.2,6011.18,1442.68,Debit Card,Online
IN100842,2025-10-25,Jaipur,Rajasthan,Beauty,4,768.47,0.2,2459.1,786.91,Credit Card,Online
IN100843,2025-10-28,Kolkata,West Bengal,Electronics,5,2789.27,0.15,11854.4,2845.06,Cash,Store
IN100844,2024-05-15,Bengaluru,Karnataka,Clothing,1,1185.06,0.1,1066.55,298.63,Debit Card,Store
IN100845,2025-03-03,Bengaluru,Karnataka,Beauty,5,1032.47,0.0,5162.35,1651.95,Debit Card,Online
IN100846,2024-01-29,Ahmedabad,Gujarat,Home & Kitchen,2,1668.38,0.15,2836.25,850.88,UPI,Store
IN100847,2025-08-17,Chennai,Tamil Nadu,Grocery,4,626.15,0.2,2003.68,440.81,UPI,Store
IN100848,2024-11-25,Hyderabad,Telangana,Home & Kitchen,1,2089.67,0.05,1985.19,595.56,Debit Card,Store
IN100849,2024-02-03,Ahmedabad,Gujarat,Electronics,4,4261.34,0.15,14488.56,3477.25,Cash,Store
IN100850,2025-05-18,Pune,Maharashtra,Grocery,1,523.39,0.0,523.39,115.15,UPI,Online
IN100851,2024-04-13,Delhi,Delhi,Grocery,1,481.48,0.15,409.26,90.04,UPI,Store
IN100852,2025-05-08,Hyderabad,Telangana,Home & Kitchen,1,1487.97,0.0,1487.97,446.39,Credit Card,Online
IN100853,2025-01-05,Hyderabad,Telangana,Grocery,2,765.52,0.1,1377.94,303.15,UPI,Online
IN100854,2025-01-22,Pune,Maharashtra,Grocery,4,537.23,0.1,1934.03,425.49,Debit Card,Store
IN100855,2024-08-24,Pune,Maharashtra,Grocery,3,701.89,0.05,2000.39,440.09,Debit Card,Online
IN100856,2024-03-30,Mumbai,Maharashtra,Grocery,3,704.41,0.0,2113.23,464.91,UPI,Store
IN100857,2024-11-28,Ahmedabad,Gujarat,Home & Kitchen,3,1604.48,0.25,3610.08,1083.02,Cash,Store
IN100858,2025-01-11,Pune,Maharashtra,Grocery,4,484.04,0.1,1742.54,383.36,Credit Card,Store
IN100859,2024-08-27,Bengaluru,Karnataka,Grocery,5,623.66,0.1,2806.47,617.42,Debit Card,Store
IN100860,2025-12-30,Jaipur,Rajasthan,Clothing,4,1149.97,0.15,3909.9,1094.77,UPI,Online
IN100861,2024-06-30,Delhi,Delhi,Grocery,1,532.94,0.2,426.35,93.8,UPI,Online
IN100862,2024-09-13,Ahmedabad,Gujarat,Home & Kitchen,5,1871.43,0.0,9357.15,2807.15,Cash,Online
IN100863,2024-07-07,Lucknow,Uttar Pradesh,Home & Kitchen,1,2047.55,0.2,1638.04,491.41,UPI,Online
IN100864,2025-02-18,Bengaluru,Karnataka,Grocery,1,486.86,0.05,462.52,101.75,UPI,Online
IN100865,2024-09-11,Chennai,Tamil Nadu,Beauty,4,968.32,0.0,3873.28,1239.45,UPI,Online
IN100866,2024-02-14,Pune,Maharashtra,Home & Kitchen,3,1548.06,0.15,3947.55,1184.27,UPI,Store
IN100867,2025-08-20,Lucknow,Uttar Pradesh,Grocery,5,739.47,0.3,2588.14,569.39,UPI,Store
IN100868,2024-07-19,Pune,Maharashtra,Grocery,2,797.32,0.0,1594.64,350.82,UPI,Store
IN100869,2024-12-24,Hyderabad,Telangana,Beauty,3,1102.1,0.1,2975.67,952.21,Net Banking,Store
IN100870,2024-12-08,Bengaluru,Karnataka,Grocery,2,611.27,0.1,1100.29,242.06,Debit Card,Online
IN100871,2024-07-30,Hyderabad,Telangana,Home & Kitchen,4,1923.71,0.05,7310.1,2193.03,UPI,Online
IN100872,2025-09-22,Mumbai,Maharashtra,Grocery,5,790.34,0.3,2766.19,608.56,Debit Card,Online
IN100873,2024-10-24,Hyderabad,Telangana,Grocery,4,480.69,0.15,1634.35,359.56,UPI,Store
IN100874,2024-06-03,Mumbai,Maharashtra,Clothing,2,1531.12,0.2,2449.79,685.94,Credit Card,Online
IN100875,2025-11-28,Mumbai,Maharashtra,Clothing,1,1741.24,0.1,1567.12,438.79,UPI,Store
IN100876,2024-07-15,Lucknow,Uttar Pradesh,Beauty,4,847.83,0.05,3221.75,1030.96,UPI,Online
IN100877,2025-04-26,Pune,Maharashtra,Grocery,5,647.41,0.1,2913.34,640.93,Cash,Online
IN100878,2025-12-13,Chennai,Tamil Nadu,Grocery,4,750.21,0.1,2700.76,594.17,UPI,Online
IN100879,2025-01-13,Hyderabad,Telangana,Beauty,3,669.71,0.15,1707.76,546.48,Cash,Online
IN100880,2025-12-06,Bengaluru,Karnataka,Grocery,4,617.93,0.05,2348.13,516.59,UPI,Online
IN100881,2025-01-01,Mumbai,Maharashtra,Grocery,2,579.94,0.1,1043.89,229.66,UPI,Store
IN100882,2025-06-20,Pune,Maharashtra,Home & Kitchen,4,1279.88,0.2,4095.62,1228.69,Debit Card,Store
IN100883,2024-03-11,Delhi,Delhi,Home & Kitchen,5,1489.29,0.15,6329.48,1898.84,Credit Card,Online
IN100884,2024-01-28,Ahmedabad,Gujarat,Electronics,4,3063.44,0.0,12253.76,2940.9,UPI,Store
IN100885,2025-01-27,Lucknow,Uttar Pradesh,Grocery,4,538.41,0.2,1722.91,379.04,UPI,Online
IN100886,2025-06-06,Chennai,Tamil Nadu,Grocery,5,709.51,0.1,3192.8,702.42,UPI,Store
IN100887,2024-12-14,Kolkata,West Bengal,Clothing,4,1388.27,0.15,4720.12,1321.63,Net Banking,Online
IN100888,2024-04-27,Lucknow,Uttar Pradesh,Grocery,5,471.68,0.05,2240.48,492.91,Credit Card,Store
IN100889,2025-01-14,Delhi,Delhi,Clothing,2,1230.29,0.1,2214.52,620.07,UPI,Online
IN100890,2024-07-26,Ahmedabad,Gujarat,Electronics,5,2280.51,0.2,9122.04,2189.29,Cash,Online
IN100891,2025-02-26,Delhi,Delhi,Clothing,2,1305.9,0.05,2481.21,694.74,UPI,Online
IN100892,2024-04-02,Hyderabad,Telangana,Electronics,2,2778.95,0.0,5557.9,1333.9,UPI,Online
IN100893,2024-05-20,Mumbai,Maharashtra,Grocery,5,745.76,0.05,3542.36,779.32,UPI,Online
IN100894,2024-12-20,Chennai,Tamil Nadu,Home & Kitchen,4,1619.67,0.0,6478.68,1943.6,Credit Card,Online
IN100895,2025-06-06,Jaipur,Rajasthan,Home & Kitchen,3,1698.94,0.15,4332.3,1299.69,UPI,Store
IN100896,2024-03-09,Mumbai,Maharashtra,Clothing,5,1640.05,0.0,8200.25,2296.07,Credit Card,Store
IN100897,2025-08-04,Jaipur,Rajasthan,Electronics,4,3240.31,0.05,12313.18,2955.16,Cash,Store
IN100898,2025-11-27,Ahmedabad,Gujarat,Electronics,2,3397.43,0.2,5435.89,1304.61,UPI,Store
IN100899,2024-05-03,Pune,Maharashtra,Grocery,1,810.47,0.1,729.42,160.47,UPI,Store
IN100900,2025-02-22,Kolkata,West Bengal,Electronics,3,2670.33,0.05,7610.44,1826.51,UPI,Online
IN100901,2025-06-06,Bengaluru,Karnataka,Grocery,4,872.93,0.1,3142.55,691.36,Credit Card,Online
IN100902,2025-11-08,Mumbai,Maharashtra,Clothing,3,1799.1,0.05,5127.43,1435.68,Net Banking,Store
IN100903,2025-08-25,Chennai,Tamil Nadu,Home & Kitchen,1,1595.27,0.0,1595.27,478.58,UPI,Store
IN100904,2024-12-06,Delhi,Delhi,Clothing,1,1792.57,0.15,1523.68,426.63,UPI,Online
IN100905,2024-10-31,Chennai,Tamil Nadu,Clothing,1,1666.1,0.15,1416.18,396.53,UPI,Online
IN100906,2024-06-05,Ahmedabad,Gujarat,Home & Kitchen,5,2348.99,0.2,9395.96,2818.79,UPI,Online
IN100907,2024-03-28,Jaipur,Rajasthan,Clothing,3,1608.93,0.15,4102.77,1148.78,Debit Card,Store
IN100908,2024-08-15,Delhi,Delhi,Electronics,5,3642.91,0.25,13660.91,3278.62,UPI,Online
IN100909,2024-12-30,Bengaluru,Karnataka,Grocery,1,456.46,0.3,319.52,70.29,UPI,Store
IN100910,2025-10-07,Bengaluru,Karnataka,Grocery,4,655.52,0.15,2228.77,490.33,Credit Card,Store
IN100911,2024-09-22,Mumbai,Maharashtra,Home & Kitchen,1,1494.31,0.2,1195.45,358.64,UPI,Store
IN100912,2024-03-24,Ahmedabad,Gujarat,Clothing,5,1274.91,0.15,5418.37,1517.14,Credit Card,Online
IN100913,2024-07-30,Pune,Maharashtra,Clothing,1,1870.72,0.0,1870.72,523.8,UPI,Online
IN100914,2024-08-05,Ahmedabad,Gujarat,Clothing,1,1057.81,0.0,1057.81,296.19,Net Banking,Online
IN100915,2024-05-30,Jaipur,Rajasthan,Electronics,5,3742.77,0.0,18713.85,4491.32,UPI,Online
IN100916,2025-11-16,Chennai,Tamil Nadu,Home & Kitchen,5,1462.35,0.25,5483.81,1645.14,Net Banking,Store
IN100917,2024-05-19,Bengaluru,Karnataka,Home & Kitchen,4,1268.66,0.15,4313.44,1294.03,UPI,Online
IN100918,2024-02-24,Chennai,Tamil Nadu,Clothing,5,1436.29,0.2,5745.16,1608.64,Cash,Online
IN100919,2024-05-20,Chennai,Tamil Nadu,Grocery,4,523.11,0.05,1987.82,437.32,UPI,Online
IN100920,2024-03-14,Chennai,Tamil Nadu,Electronics,2,4248.17,0.1,7646.71,1835.21,Debit Card,Store
IN100921,2024-05-14,Bengaluru,Karnataka,Beauty,2,749.16,0.0,1498.32,479.46,UPI,Online
IN100922,2025-10-03,Lucknow,Uttar Pradesh,Electronics,5,2639.43,0.2,10557.72,2533.85,Credit Card,Store
IN100923,2024-01-26,Hyderabad,Telangana,Electronics,1,2306.91,0.2,1845.53,442.93,Debit Card,Online
IN100924,2025-05-02,Jaipur,Rajasthan,Grocery,3,594.35,0.2,1426.44,313.82,Credit Card,Online
IN100925,2025-03-10,Lucknow,Uttar Pradesh,Grocery,1,465.19,0.0,465.19,102.34,Credit Card,Online
IN100926,2025-08-03,Jaipur,Rajasthan,Grocery,5,665.78,0.0,3328.9,732.36,UPI,Online
IN100927,2024-03-02,Delhi,Delhi,Electronics,4,3291.67,0.05,12508.35,3002.0,UPI,Store
IN100928,2024-07-18,Ahmedabad,Gujarat,Clothing,1,1028.45,0.05,977.03,273.57,Credit Card,Online
IN100929,2025-05-04,Ahmedabad,Gujarat,Grocery,2,556.43,0.2,890.29,195.86,UPI,Online
IN100930,2025-05-07,Kolkata,West Bengal,Electronics,5,3970.78,0.0,19853.9,4764.94,UPI,Store
IN100931,2025-11-09,Ahmedabad,Gujarat,Home & Kitchen,1,1801.18,0.1,1621.06,486.32,UPI,Store
IN100932,2025-04-12,Bengaluru,Karnataka,Electronics,1,3143.99,0.1,2829.59,679.1,UPI,Store
IN100933,2024-04-25,Pune,Maharashtra,Grocery,4,750.23,0.1,2700.83,594.18,Credit Card,Online
IN100934,2025-01-05,Mumbai,Maharashtra,Grocery,4,757.04,0.05,2876.75,632.88,Credit Card,Online
IN100935,2025-10-12,Kolkata,West Bengal,Clothing,4,1673.39,0.25,5020.17,1405.65,Net Banking,Store
IN100936,2024-08-19,Mumbai,Maharashtra,Grocery,3,805.88,0.1,2175.88,478.69,UPI,Store
IN100937,2025-03-23,Jaipur,Rajasthan,Home & Kitchen,5,1531.73,0.15,6509.85,1952.96,Net Banking,Store
IN100938,2024-08-01,Mumbai,Maharashtra,Electronics,5,2378.07,0.0,11890.35,2853.68,Debit Card,Online
IN100939,2024-07-26,Mumbai,Maharashtra,Beauty,2,852.45,0.2,1363.92,436.45,Net Banking,Store
IN100940,2024-04-11,Kolkata,West Bengal,Grocery,2,816.28,0.05,1550.93,341.2,Cash,Store
IN100941,2024-01-10,Delhi,Delhi,Clothing,5,1051.01,0.15,4466.79,1250.7,Debit Card,Online
IN100942,2025-04-17,Chennai,Tamil Nadu,Clothing,1,1504.12,0.1,1353.71,379.04,UPI,Store
IN100943,2024-05-02,Ahmedabad,Gujarat,Clothing,5,1617.99,0.0,8089.95,2265.19,UPI,Store
IN100944,2024-01-04,Ahmedabad,Gujarat,Home & Kitchen,3,1823.25,0.0,5469.75,1640.93,UPI,Online
IN100945,2025-04-11,Bengaluru,Karnataka,Home & Kitchen,2,1558.56,0.25,2337.84,701.35,Net Banking,Online
IN100946,2024-09-15,Kolkata,West Bengal,Home & Kitchen,2,1641.78,0.0,3283.56,985.07,Net Banking,Store
IN100947,2025-12-21,Bengaluru,Karnataka,Beauty,2,671.92,0.15,1142.26,365.52,Debit Card,Online
IN100948,2024-10-13,Pune,Maharashtra,Home & Kitchen,5,1602.32,0.15,6809.86,2042.96,Cash,Online
IN100949,2024-01-31,Pune,Maharashtra,Grocery,2,473.75,0.05,900.12,198.03,Net Banking,Online
IN100950,2025-11-18,Bengaluru,Karnataka,Clothing,2,1640.96,0.0,3281.92,918.94,Credit Card,Online
IN100951,2025-06-04,Kolkata,West Bengal,Grocery,5,834.4,0.0,4172.0,917.84,Debit Card,Store
IN100952,2025-12-16,Bengaluru,Karnataka,Electronics,1,3557.71,0.1,3201.94,768.47,UPI,Online
IN100953,2025-09-11,Ahmedabad,Gujarat,Home & Kitchen,2,2028.34,0.1,3651.01,1095.3,UPI,Online
IN100954,2024-05-03,Lucknow,Uttar Pradesh,Clothing,2,1409.65,0.2,2255.44,631.52,UPI,Store
IN100955,2024-05-09,Hyderabad,Telangana,Electronics,2,2564.56,0.15,4359.75,1046.34,Credit Card,Online
IN100956,2025-05-30,Mumbai,Maharashtra,Electronics,3,2256.07,0.2,5414.57,1299.5,Debit Card,Online
IN100957,2025-04-24,Hyderabad,Telangana,Clothing,5,1293.02,0.0,6465.1,1810.23,Credit Card,Store
IN100958,2025-06-25,Kolkata,West Bengal,Grocery,2,772.5,0.15,1313.25,288.91,Cash,Online
IN100959,2024-03-17,Hyderabad,Telangana,Clothing,3,1853.99,0.05,5283.87,1479.48,UPI,Online
IN100960,2024-07-01,Pune,Maharashtra,Grocery,1,637.13,0.05,605.27,133.16,UPI,Store
IN100961,2024-12-31,Jaipur,Rajasthan,Grocery,1,609.38,0.15,517.97,113.95,Cash,Store
IN100962,2024-10-18,Mumbai,Maharashtra,Grocery,3,643.42,0.2,1544.21,339.73,Debit Card,Store
IN100963,2025-12-14,Chennai,Tamil Nadu,Electronics,1,3129.77,0.05,2973.28,713.59,UPI,Store
IN100964,2025-01-23,Kolkata,West Bengal,Electronics,4,3541.83,0.2,11333.86,2720.13,Credit Card,Store
IN100965,2024-06-05,Mumbai,Maharashtra,Grocery,1,765.18,0.1,688.66,151.51,UPI,Store
IN100966,2024-04-09,Hyderabad,Telangana,Grocery,4,786.64,0.2,2517.25,553.79,Net Banking,Store
IN100967,2025-09-25,Pune,Maharashtra,Electronics,3,3591.18,0.0,10773.54,2585.65,Debit Card,Online
IN100968,2024-04-19,Delhi,Delhi,Clothing,4,1378.33,0.0,5513.32,1543.73,UPI,Online
IN100969,2025-11-09,Lucknow,Uttar Pradesh,Electronics,1,4216.22,0.15,3583.79,860.11,Credit Card,Store
IN100970,2025-10-03,Chennai,Tamil Nadu,Grocery,2,755.41,0.15,1284.2,282.52,Cash,Store
IN100971,2024-09-26,Lucknow,Uttar Pradesh,Clothing,4,1368.26,0.1,4925.74,1379.21,Debit Card,Online
IN100972,2024-05-17,Mumbai,Maharashtra,Grocery,1,643.68,0.15,547.13,120.37,Cash,Online
IN100973,2025-11-18,Pune,Maharashtra,Home & Kitchen,2,2217.04,0.25,3325.56,997.67,UPI,Online
IN100974,2024-03-04,Pune,Maharashtra,Clothing,3,1380.89,0.15,3521.27,985.96,Cash,Online
IN100975,2025-10-04,Hyderabad,Telangana,Beauty,3,932.02,0.15,2376.65,760.53,Debit Card,Store
IN100976,2025-05-21,Ahmedabad,Gujarat,Grocery,5,578.18,0.15,2457.26,540.6,Debit Card,Store
IN100977,2025-11-30,Hyderabad,Telangana,Grocery,3,809.44,0.2,1942.66,427.39,UPI,Store
IN100978,2024-12-15,Ahmedabad,Gujarat,Grocery,5,675.67,0.05,3209.43,706.07,Cash,Store
IN100979,2024-05-26,Ahmedabad,Gujarat,Grocery,3,688.45,0.15,1755.55,386.22,Debit Card,Online
IN100980,2024-11-30,Chennai,Tamil Nadu,Grocery,3,827.09,0.1,2233.14,491.29,Cash,Online
IN100981,2025-06-15,Hyderabad,Telangana,Clothing,3,1817.67,0.0,5453.01,1526.84,UPI,Online
IN100982,2025-07-07,Delhi,Delhi,Electronics,5,3954.32,0.1,17794.44,4270.67,UPI,Store
IN100983,2025-02-10,Bengaluru,Karnataka,Electronics,5,2375.97,0.0,11879.85,2851.16,UPI,Online
IN100984,2024-12-09,Bengaluru,Karnataka,Clothing,4,1383.59,0.0,5534.36,1549.62,Credit Card,Online
IN100985,2025-10-13,Hyderabad,Telangana,Clothing,1,1292.43,0.25,969.32,271.41,Credit Card,Store
IN100986,2025-06-04,Hyderabad,Telangana,Clothing,1,1174.3,0.0,1174.3,328.8,Credit Card,Online
IN100987,2025-08-13,Lucknow,Uttar Pradesh,Electronics,1,4130.62,0.1,3717.56,892.21,Credit Card,Store
IN100988,2025-10-21,Chennai,Tamil Nadu,Home & Kitchen,3,2301.38,0.05,6558.93,1967.68,Cash,Store
IN100989,2025-12-05,Hyderabad,Telangana,Home & Kitchen,1,1804.4,0.1,1623.96,487.19,UPI,Online
IN100990,2024-05-15,Lucknow,Uttar Pradesh,Beauty,5,708.72,0.05,3366.42,1077.25,UPI,Online
IN100991,2024-02-08,Ahmedabad,Gujarat,Grocery,4,460.65,0.1,1658.34,364.83,Cash,Store
IN100992,2024-11-15,Pune,Maharashtra,Grocery,2,640.25,0.2,1024.4,225.37,Credit Card,Online
IN100993,2024-10-13,Pune,Maharashtra,Home & Kitchen,4,1306.75,0.05,4965.65,1489.7,Credit Card,Online
IN100994,2025-04-07,Ahmedabad,Gujarat,Clothing,1,1534.7,0.05,1457.96,408.23,Credit Card,Store
IN100995,2025-10-23,Kolkata,West Bengal,Clothing,1,1533.65,0.1,1380.28,386.48,Credit Card,Store
IN100996,2024-12-17,Lucknow,Uttar Pradesh,Beauty,5,1155.88,0.0,5779.4,1849.41,UPI,Online
IN100997,2024-01-05,Lucknow,Uttar Pradesh,Grocery,4,535.3,0.1,1927.08,423.96,Credit Card,Store
IN100998,2024-08-23,Ahmedabad,Gujarat,Grocery,5,611.91,0.0,3059.55,673.1,Net Banking,Store
IN100999,2024-08-23,Delhi,Delhi,Electronics,5,4027.85,0.1,18125.32,4350.08,Credit Card,Online
IN101000,2025-05-15,Jaipur,Rajasthan,Electronics,2,3226.54,0.2,5162.46,1238.99,UPI,Store
IN101001,2024-04-14,Mumbai,Maharashtra,Home & Kitchen,5,1329.88,0.1,5984.46,1795.34,Cash,Online
IN101002,2024-07-25,Ahmedabad,Gujarat,Grocery,5,501.81,0.15,2132.69,469.19,UPI,Online
IN101003,2024-08-26,Hyderabad,Telangana,Clothing,2,1720.24,0.0,3440.48,963.33,UPI,Store
IN101004,2024-02-21,Hyderabad,Telangana,Electronics,3,3786.89,0.2,9088.54,2181.25,Cash,Store
IN101005,2024-04-17,Chennai,Tamil Nadu,Grocery,3,825.06,0.1,2227.66,490.09,UPI,Online
IN101006,2024-12-22,Ahmedabad,Gujarat,Grocery,2,505.22,0.3,707.31,155.61,Net Banking,Store
IN101007,2024-02-02,Chennai,Tamil Nadu,Electronics,5,3821.67,0.0,19108.35,4586.0,Credit Card,Store
IN101008,2024-01-22,Ahmedabad,Gujarat,Home & Kitchen,1,2026.47,0.25,1519.85,455.96,Debit Card,Store
IN101009,2024-11-02,Lucknow,Uttar Pradesh,Electronics,4,2723.17,0.15,9258.78,2222.11,Credit Card,Online
IN101010,2024-01-11,Mumbai,Maharashtra,Clothing,1,1866.25,0.0,1866.25,522.55,UPI,Store
IN101011,2025-09-30,Lucknow,Uttar Pradesh,Grocery,1,695.97,0.3,487.18,107.18,Debit Card,Online
IN101012,2025-03-17,Jaipur,Rajasthan,Clothing,5,1805.26,0.0,9026.3,2527.36,Net Banking,Online
IN101013,2025-07-15,Pune,Maharashtra,Home & Kitchen,4,2265.14,0.15,7701.48,2310.44,Debit Card,Store
IN101014,2024-07-16,Bengaluru,Karnataka,Home & Kitchen,4,1649.76,0.2,5279.23,1583.77,Debit Card,Store
IN101015,2025-06-12,Ahmedabad,Gujarat,Home & Kitchen,3,1887.07,0.0,5661.21,1698.36,Net Banking,Store
IN101016,2024-02-13,Jaipur,Rajasthan,Electronics,2,3137.25,0.05,5960.78,1430.59,UPI,Online
IN101017,2024-07-03,Pune,Maharashtra,Electronics,5,3714.88,0.1,16716.96,4012.07,UPI,Online
IN101018,2025-01-23,Kolkata,West Bengal,Clothing,4,1515.12,0.15,5151.41,1442.39,UPI,Store
IN101019,2025-07-04,Mumbai,Maharashtra,Grocery,5,786.6,0.2,3146.4,692.21,Debit Card,Online
IN101020,2025-05-21,Chennai,Tamil Nadu,Home & Kitchen,3,1273.75,0.15,3248.06,974.42,Cash,Online
IN101021,2025-03-17,Chennai,Tamil Nadu,Home & Kitchen,1,2064.72,0.05,1961.48,588.44,Debit Card,Online
IN101022,2025-05-10,Lucknow,Uttar Pradesh,Grocery,4,589.81,0.2,1887.39,415.23,Net Banking,Store
IN101023,2025-05-19,Hyderabad,Telangana,Beauty,3,761.17,0.25,1712.63,548.04,Debit Card,Store
IN101024,2024-05-16,Pune,Maharashtra,Home & Kitchen,5,2197.45,0.05,10437.89,3131.37,UPI,Store
IN101025,2024-10-05,Kolkata,West Bengal,Clothing,3,1061.19,0.0,3183.57,891.4,UPI,Store
IN101026,2024-06-12,Jaipur,Rajasthan,Clothing,3,1187.9,0.1,3207.33,898.05,Net Banking,Store
IN101027,2025-06-26,Mumbai,Maharashtra,Grocery,3,541.08,0.2,1298.59,285.69,UPI,Online
IN101028,2024-01-23,Pune,Maharashtra,Electronics,3,3113.24,0.0,9339.72,2241.53,Credit Card,Online
IN101029,2025-12-11,Kolkata,West Bengal,Electronics,3,2910.46,0.2,6985.1,1676.42,UPI,Store
IN101030,2025-05-21,Bengaluru,Karnataka,Grocery,3,759.4,0.3,1594.74,350.84,UPI,Online
IN101031,2025-11-16,Ahmedabad,Gujarat,Home & Kitchen,2,2078.26,0.0,4156.52,1246.96,Debit Card,Online
IN101032,2025-05-24,Chennai,Tamil Nadu,Electronics,5,2916.98,0.1,13126.41,3150.34,UPI,Online
IN101033,2025-07-23,Jaipur,Rajasthan,Home & Kitchen,1,1771.27,0.05,1682.71,504.81,Net Banking,Online
IN101034,2025-12-08,Chennai,Tamil Nadu,Home & Kitchen,5,1503.25,0.1,6764.62,2029.39,UPI,Online
IN101035,2025-08-22,Jaipur,Rajasthan,Grocery,4,738.43,0.1,2658.35,584.84,Debit Card,Store
IN101036,2025-03-19,Lucknow,Uttar Pradesh,Electronics,4,3064.14,0.15,10418.08,2500.34,Debit Card,Store
IN101037,2024-05-21,Hyderabad,Telangana,Electronics,5,2516.28,0.1,11323.26,2717.58,Debit Card,Store
IN101038,2024-10-07,Jaipur,Rajasthan,Grocery,3,508.77,0.25,1144.73,251.84,Net Banking,Store
IN101039,2024-07-25,Chennai,Tamil Nadu,Home & Kitchen,2,1637.12,0.05,3110.53,933.16,UPI,Online
IN101040,2025-11-14,Lucknow,Uttar Pradesh,Beauty,1,1067.19,0.1,960.47,307.35,UPI,Online
IN101041,2024-10-28,Jaipur,Rajasthan,Grocery,3,465.78,0.2,1117.87,245.93,UPI,Store
IN101042,2025-01-31,Bengaluru,Karnataka,Electronics,5,2776.17,0.05,13186.81,3164.83,Cash,Store
IN101043,2024-11-13,Hyderabad,Telangana,Electronics,5,2577.97,0.1,11600.86,2784.21,Net Banking,Online
IN101044,2024-02-17,Jaipur,Rajasthan,Home & Kitchen,2,2379.08,0.15,4044.44,1213.33,UPI,Store
IN101045,2025-11-03,Lucknow,Uttar Pradesh,Electronics,2,3706.99,0.2,5931.18,1423.48,Debit Card,Online
IN101046,2025-11-07,Pune,Maharashtra,Clothing,5,1192.24,0.1,5365.08,1502.22,UPI,Online
IN101047,2025-01-24,Delhi,Delhi,Grocery,3,542.65,0.1,1465.16,322.34,UPI,Store
IN101048,2025-01-13,Kolkata,West Bengal,Electronics,3,4024.7,0.3,8451.87,2028.45,Debit Card,Online
IN101049,2024-08-04,Delhi,Delhi,Clothing,3,1153.11,0.0,3459.33,968.61,UPI,Online
IN101050,2025-09-20,Delhi,Delhi,Clothing,1,1887.32,0.1,1698.59,475.61,Credit Card,Online
IN101051,2024-09-07,Mumbai,Maharashtra,Clothing,1,1236.9,0.15,1051.36,294.38,Debit Card,Online
IN101052,2025-03-09,Bengaluru,Karnataka,Electronics,3,2415.41,0.0,7246.23,1739.1,Debit Card,Store
IN101053,2025-08-07,Pune,Maharashtra,Home & Kitchen,5,2068.4,0.1,9307.8,2792.34,Credit Card,Store
IN101054,2024-10-10,Ahmedabad,Gujarat,Home & Kitchen,2,1973.28,0.0,3946.56,1183.97,Debit Card,Store
IN101055,2025-04-27,Jaipur,Rajasthan,Clothing,4,1889.84,0.2,6047.49,1693.3,Credit Card,Store
IN101056,2025-12-07,Kolkata,West Bengal,Home & Kitchen,2,2198.44,0.2,3517.5,1055.25,UPI,Online
IN101057,2024-09-23,Hyderabad,Telangana,Clothing,2,1370.24,0.0,2740.48,767.33,Debit Card,Online
IN101058,2025-08-21,Pune,Maharashtra,Grocery,4,740.87,0.0,2963.48,651.97,UPI,Online
IN101059,2024-09-02,Chennai,Tamil Nadu,Home & Kitchen,3,2216.88,0.15,5653.04,1695.91,UPI,Online
IN101060,2024-06-06,Ahmedabad,Gujarat,Home & Kitchen,2,1861.06,0.05,3536.01,1060.8,Credit Card,Online
IN101061,2024-12-22,Mumbai,Maharashtra,Home & Kitchen,4,1579.26,0.1,5685.34,1705.6,Cash,Store
IN101062,2025-07-01,Mumbai,Maharashtra,Electronics,5,2677.02,0.05,12715.84,3051.8,UPI,Store
IN101063,2024-08-23,Pune,Maharashtra,Electronics,5,2854.19,0.0,14270.95,3425.03,UPI,Online
IN101064,2025-04-04,Lucknow,Uttar Pradesh,Beauty,5,1126.12,0.05,5349.07,1711.7,UPI,Store
IN101065,2024-04-09,Delhi,Delhi,Clothing,3,1326.19,0.05,3779.64,1058.3,UPI,Online
IN101066,2024-04-28,Chennai,Tamil Nadu,Clothing,2,1240.86,0.1,2233.55,625.39,Credit Card,Store
IN101067,2024-12-19,Mumbai,Maharashtra,Home & Kitchen,2,2202.89,0.15,3744.91,1123.47,UPI,Store
IN101068,2025-12-08,Kolkata,West Bengal,Home & Kitchen,1,1297.35,0.1,1167.62,350.29,Cash,Online
IN101069,2024-03-28,Mumbai,Maharashtra,Home & Kitchen,5,1954.93,0.15,8308.45,2492.54,Debit Card,Online
IN101070,2024-02-05,Hyderabad,Telangana,Clothing,3,1775.0,0.1,4792.5,1341.9,Debit Card,Store
IN101071,2024-11-09,Jaipur,Rajasthan,Home & Kitchen,4,1739.8,0.05,6611.24,1983.37,Credit Card,Store
IN101072,2025-06-23,Mumbai,Maharashtra,Electronics,3,2800.18,0.0,8400.54,2016.13,UPI,Store
IN101073,2025-07-04,Hyderabad,Telangana,Electronics,2,3262.75,0.05,6199.22,1487.81,UPI,Store
IN101074,2024-11-17,Pune,Maharashtra,Grocery,5,758.13,0.15,3222.05,708.85,Credit Card,Store
IN101075,2025-03-02,Pune,Maharashtra,Electronics,1,3314.54,0.15,2817.36,676.17,UPI,Online
IN101076,2025-05-31,Ahmedabad,Gujarat,Clothing,3,986.95,0.1,2664.77,746.14,Debit Card,Online
IN101077,2025-10-14,Mumbai,Maharashtra,Grocery,1,488.09,0.15,414.88,91.27,UPI,Online
IN101078,2024-01-09,Kolkata,West Bengal,Clothing,2,1636.41,0.05,3109.18,870.57,UPI,Online
IN101079,2024-12-24,Mumbai,Maharashtra,Electronics,4,3071.9,0.2,9830.08,2359.22,UPI,Online
IN101080,2025-04-22,Kolkata,West Bengal,Clothing,3,1694.15,0.2,4065.96,1138.47,UPI,Store
IN101081,2024-02-26,Bengaluru,Karnataka,Clothing,2,1571.04,0.05,2984.98,835.79,Net Banking,Online
IN101082,2024-10-09,Ahmedabad,Gujarat,Grocery,5,700.69,0.1,3153.11,693.68,UPI,Online
IN101083,2025-03-20,Bengaluru,Karnataka,Home & Kitchen,3,2314.61,0.15,5902.26,1770.68,Cash,Store
IN101084,2025-04-05,Mumbai,Maharashtra,Home & Kitchen,1,1284.95,0.1,1156.46,346.94,Credit Card,Online
IN101085,2025-05-04,Ahmedabad,Gujarat,Clothing,3,1121.08,0.25,2522.43,706.28,Cash,Online
IN101086,2024-12-24,Bengaluru,Karnataka,Home & Kitchen,2,1990.52,0.15,3383.88,1015.16,Credit Card,Store
IN101087,2025-11-20,Delhi,Delhi,Electronics,2,2376.92,0.15,4040.76,969.78,Net Banking,Store
IN101088,2025-08-16,Mumbai,Maharashtra,Clothing,1,1566.92,0.1,1410.23,394.86,UPI,Online
IN101089,2025-08-19,Bengaluru,Karnataka,Home & Kitchen,2,2411.42,0.0,4822.84,1446.85,Credit Card,Online
IN101090,2024-03-05,Delhi,Delhi,Clothing,3,1779.72,0.0,5339.16,1494.96,UPI,Store
IN101091,2025-03-04,Delhi,Delhi,Beauty,1,975.69,0.05,926.91,296.61,Credit Card,Online
IN101092,2025-04-01,Pune,Maharashtra,Clothing,2,1793.52,0.05,3407.69,954.15,Credit Card,Online
IN101093,2024-05-15,Mumbai,Maharashtra,Home & Kitchen,2,1396.03,0.25,2094.04,628.21,Debit Card,Store
IN101094,2025-08-28,Delhi,Delhi,Clothing,3,1393.77,0.1,3763.18,1053.69,UPI,Online
IN101095,2024-02-17,Pune,Maharashtra,Clothing,2,1370.1,0.2,2192.16,613.8,UPI,Online
IN101096,2025-09-03,Bengaluru,Karnataka,Clothing,3,1286.17,0.2,3086.81,864.31,Debit Card,Online
IN101097,2024-07-12,Hyderabad,Telangana,Home & Kitchen,5,1260.24,0.2,5040.96,1512.29,Credit Card,Store
IN101098,2024-04-26,Mumbai,Maharashtra,Grocery,3,831.46,0.05,2369.66,521.33,UPI,Store
IN101099,2024-06-12,Ahmedabad,Gujarat,Beauty,4,1084.96,0.1,3905.86,1249.88,Net Banking,Online
IN101100,2025-04-23,Kolkata,West Bengal,Clothing,2,1574.1,0.05,2990.79,837.42,Net Banking,Online
IN101101,2024-10-13,Kolkata,West Bengal,Electronics,5,2508.25,0.3,8778.88,2106.93,Cash,Online
IN101102,2025-06-19,Bengaluru,Karnataka,Clothing,1,1324.17,0.2,1059.34,296.62,Cash,Online
IN101103,2025-05-08,Lucknow,Uttar Pradesh,Grocery,4,845.53,0.05,3213.01,706.86,UPI,Online
IN101104,2025-02-08,Lucknow,Uttar Pradesh,Home & Kitchen,1,1981.81,0.05,1882.72,564.82,Net Banking,Store
IN101105,2024-04-05,Bengaluru,Karnataka,Clothing,4,1529.1,0.1,5504.76,1541.33,UPI,Online
IN101106,2025-05-11,Delhi,Delhi,Grocery,5,840.8,0.05,3993.8,878.64,UPI,Online
IN101107,2024-09-10,Mumbai,Maharashtra,Clothing,5,1489.45,0.2,5957.8,1668.18,Cash,Online
IN101108,2025-02-17,Kolkata,West Bengal,Grocery,5,707.5,0.2,2830.0,622.6,UPI,Online
IN101109,2025-09-24,Kolkata,West Bengal,Beauty,4,832.24,0.15,2829.62,905.48,Credit Card,Online
IN101110,2025-08-06,Delhi,Delhi,Clothing,3,1318.01,0.15,3360.93,941.06,UPI,Online
IN101111,2025-01-05,Kolkata,West Bengal,Clothing,1,1603.9,0.1,1443.51,404.18,Credit Card,Store
IN101112,2025-07-29,Ahmedabad,Gujarat,Beauty,3,817.45,0.05,2329.73,745.51,Credit Card,Store
IN101113,2024-08-30,Mumbai,Maharashtra,Home & Kitchen,3,1914.16,0.2,4593.98,1378.19,Credit Card,Online
IN101114,2025-09-30,Jaipur,Rajasthan,Grocery,2,572.96,0.2,916.74,201.68,UPI,Online
IN101115,2025-01-07,Kolkata,West Bengal,Grocery,1,525.19,0.0,525.19,115.54,Credit Card,Online
IN101116,2024-02-08,Bengaluru,Karnataka,Clothing,4,1393.51,0.1,5016.64,1404.66,Credit Card,Online
IN101117,2024-12-18,Ahmedabad,Gujarat,Grocery,2,546.87,0.0,1093.74,240.62,UPI,Store
IN101118,2025-03-01,Kolkata,West Bengal,Home & Kitchen,2,2311.24,0.2,3697.98,1109.39,Net Banking,Online
IN101119,2024-03-17,Ahmedabad,Gujarat,Grocery,5,583.28,0.0,2916.4,641.61,UPI,Store
IN101120,2025-05-24,Pune,Maharashtra,Clothing,4,1523.64,0.15,5180.38,1450.51,Cash,Store
IN101121,2025-05-31,Jaipur,Rajasthan,Electronics,3,2787.96,0.05,7945.69,1906.97,UPI,Store
IN101122,2024-05-19,Chennai,Tamil Nadu,Clothing,3,1214.8,0.2,2915.52,816.35,UPI,Store
IN101123,2024-09-08,Bengaluru,Karnataka,Electronics,3,2969.32,0.1,8017.16,1924.12,UPI,Online
IN101124,2025-10-30,Bengaluru,Karnataka,Electronics,5,4145.02,0.05,19688.84,4725.32,UPI,Store
IN101125,2024-11-12,Mumbai,Maharashtra,Clothing,3,1336.26,0.05,3808.34,1066.34,UPI,Store
IN101126,2025-02-23,Ahmedabad,Gujarat,Electronics,1,3948.23,0.05,3750.82,900.2,Credit Card,Store
IN101127,2024-03-15,Delhi,Delhi,Electronics,3,2650.38,0.2,6360.91,1526.62,UPI,Online
IN101128,2024-01-29,Bengaluru,Karnataka,Grocery,3,475.35,0.15,1212.14,266.67,UPI,Store
IN101129,2024-02-10,Ahmedabad,Gujarat,Electronics,1,3865.89,0.05,3672.6,881.42,Debit Card,Online
IN101130,2025-06-24,Ahmedabad,Gujarat,Electronics,5,3367.1,0.1,15151.95,3636.47,Net Banking,Store
IN101131,2025-05-06,Hyderabad,Telangana,Clothing,2,1438.39,0.0,2876.78,805.5,UPI,Online
IN101132,2024-04-09,Hyderabad,Telangana,Clothing,4,1227.71,0.2,3928.67,1100.03,Debit Card,Store
IN101133,2024-11-15,Chennai,Tamil Nadu,Grocery,5,485.55,0.05,2306.36,507.4,Debit Card,Online
IN101134,2025-07-23,Pune,Maharashtra,Electronics,3,3244.35,0.2,7786.44,1868.75,Credit Card,Online
IN101135,2025-12-23,Chennai,Tamil Nadu,Home & Kitchen,2,2274.65,0.1,4094.37,1228.31,Cash,Online
IN101136,2025-10-11,Kolkata,West Bengal,Beauty,4,700.21,0.1,2520.76,806.64,Net Banking,Online
IN101137,2025-06-06,Delhi,Delhi,Home & Kitchen,4,2347.13,0.0,9388.52,2816.56,UPI,Online
IN101138,2024-07-07,Kolkata,West Bengal,Grocery,4,571.07,0.0,2284.28,502.54,Debit Card,Online
IN101139,2025-03-25,Lucknow,Uttar Pradesh,Home & Kitchen,1,1882.66,0.1,1694.39,508.32,Debit Card,Store
IN101140,2024-04-03,Kolkata,West Bengal,Grocery,1,483.1,0.1,434.79,95.65,UPI,Store
IN101141,2024-06-29,Mumbai,Maharashtra,Electronics,2,3124.1,0.0,6248.2,1499.57,UPI,Store
IN101142,2024-11-16,Kolkata,West Bengal,Clothing,3,1094.57,0.2,2626.97,735.55,Net Banking,Online
IN101143,2024-10-09,Chennai,Tamil Nadu,Home & Kitchen,2,1316.13,0.1,2369.03,710.71,Cash,Online
IN101144,2025-01-25,Bengaluru,Karnataka,Clothing,3,1859.57,0.05,5299.77,1483.94,UPI,Online
IN101145,2024-11-16,Bengaluru,Karnataka,Electronics,5,3758.6,0.2,15034.4,3608.26,UPI,Store
IN101146,2025-07-23,Hyderabad,Telangana,Home & Kitchen,4,2101.3,0.25,6303.9,1891.17,Net Banking,Store
IN101147,2024-01-25,Delhi,Delhi,Home & Kitchen,4,1365.94,0.05,5190.57,1557.17,UPI,Online
IN101148,2024-09-16,Delhi,Delhi,Electronics,1,4173.05,0.15,3547.09,851.3,Debit Card,Online
IN101149,2025-05-11,Mumbai,Maharashtra,Grocery,5,653.35,0.15,2776.74,610.88,UPI,Store
IN101150,2024-07-31,Chennai,Tamil Nadu,Electronics,5,4012.75,0.3,14044.62,3370.71,UPI,Store
IN101151,2024-04-24,Hyderabad,Telangana,Home & Kitchen,3,1274.74,0.05,3633.01,1089.9,UPI,Store
IN101152,2025-03-27,Lucknow,Uttar Pradesh,Clothing,5,1251.37,0.25,4692.64,1313.94,UPI,Store
IN101153,2025-11-30,Delhi,Delhi,Clothing,1,1886.4,0.05,1792.08,501.78,UPI,Online
IN101154,2025-10-09,Bengaluru,Karnataka,Home & Kitchen,3,1760.57,0.1,4753.54,1426.06,Credit Card,Online
IN101155,2025-05-04,Kolkata,West Bengal,Grocery,2,830.39,0.05,1577.74,347.1,Debit Card,Online
IN101156,2025-08-24,Kolkata,West Bengal,Grocery,3,593.58,0.05,1691.7,372.17,UPI,Online
IN101157,2025-06-11,Hyderabad,Telangana,Clothing,2,1458.05,0.15,2478.68,694.03,Debit Card,Online
IN101158,2025-10-20,Chennai,Tamil Nadu,Clothing,3,1757.34,0.1,4744.82,1328.55,Credit Card,Online
IN101159,2025-01-19,Chennai,Tamil Nadu,Grocery,4,710.96,0.05,2701.65,594.36,Credit Card,Online
IN101160,2025-09-04,Pune,Maharashtra,Electronics,2,3748.4,0.0,7496.8,1799.23,UPI,Online
IN101161,2025-02-21,Jaipur,Rajasthan,Clothing,1,1188.24,0.05,1128.83,316.07,Credit Card,Online
IN101162,2024-08-06,Delhi,Delhi,Electronics,2,2564.25,0.1,4615.65,1107.76,Net Banking,Online
IN101163,2025-07-10,Chennai,Tamil Nadu,Grocery,2,552.3,0.1,994.14,218.71,Debit Card,Online
IN101164,2024-03-03,Bengaluru,Karnataka,Beauty,3,918.43,0.05,2617.53,837.61,UPI,Store
IN101165,2024-12-15,Hyderabad,Telangana,Beauty,4,1098.56,0.0,4394.24,1406.16,Debit Card,Store
IN101166,2025-01-24,Lucknow,Uttar Pradesh,Clothing,3,1302.13,0.1,3515.75,984.41,UPI,Online
IN101167,2025-01-11,Pune,Maharashtra,Clothing,3,1493.98,0.2,3585.55,1003.95,UPI,Online
IN101168,2024-03-06,Ahmedabad,Gujarat,Clothing,4,1712.38,0.0,6849.52,1917.87,Credit Card,Online
IN101169,2024-04-28,Mumbai,Maharashtra,Home & Kitchen,3,1539.37,0.0,4618.11,1385.43,Debit Card,Store
IN101170,2024-01-08,Lucknow,Uttar Pradesh,Electronics,4,4076.59,0.1,14675.72,3522.17,UPI,Online
IN101171,2025-12-07,Ahmedabad,Gujarat,Beauty,1,1187.55,0.05,1128.17,361.01,Cash,Online
IN101172,2024-01-27,Kolkata,West Bengal,Clothing,4,1015.46,0.1,3655.66,1023.58,UPI,Store
IN101173,2024-10-16,Mumbai,Maharashtra,Beauty,5,664.58,0.25,2492.18,797.5,UPI,Online
IN101174,2024-01-28,Delhi,Delhi,Home & Kitchen,4,1366.42,0.15,4645.83,1393.75,Net Banking,Online
IN101175,2024-06-07,Bengaluru,Karnataka,Home & Kitchen,4,2168.82,0.15,7373.99,2212.2,Credit Card,Online
IN101176,2024-05-24,Mumbai,Maharashtra,Clothing,5,1152.3,0.1,5185.35,1451.9,Cash,Online
IN101177,2025-04-11,Jaipur,Rajasthan,Electronics,4,3749.45,0.05,14247.91,3419.5,Cash,Online
IN101178,2024-04-17,Ahmedabad,Gujarat,Clothing,2,1381.56,0.1,2486.81,696.31,Net Banking,Store
IN101179,2025-03-14,Delhi,Delhi,Clothing,3,1740.99,0.2,4178.38,1169.95,UPI,Online
IN101180,2024-07-21,Jaipur,Rajasthan,Electronics,3,3921.8,0.2,9412.32,2258.96,UPI,Store
IN101181,2024-10-27,Kolkata,West Bengal,Grocery,1,860.46,0.1,774.41,170.37,Debit Card,Online
IN101182,2025-03-13,Jaipur,Rajasthan,Clothing,1,1208.44,0.05,1148.02,321.45,Credit Card,Online
IN101183,2024-01-11,Pune,Maharashtra,Grocery,5,551.85,0.05,2621.29,576.68,Credit Card,Online
IN101184,2025-08-29,Pune,Maharashtra,Grocery,2,468.31,0.0,936.62,206.06,UPI,Online
IN101185,2025-10-03,Hyderabad,Telangana,Electronics,1,3093.67,0.2,2474.94,593.99,UPI,Online
IN101186,2024-04-12,Lucknow,Uttar Pradesh,Beauty,3,898.55,0.05,2560.87,819.48,Credit Card,Online
IN101187,2025-04-30,Lucknow,Uttar Pradesh,Electronics,1,4246.19,0.05,4033.88,968.13,UPI,Store
IN101188,2024-04-19,Delhi,Delhi,Clothing,1,1736.01,0.2,1388.81,388.87,UPI,Online
IN101189,2025-10-04,Kolkata,West Bengal,Grocery,4,525.47,0.0,2101.88,462.41,UPI,Online
IN101190,2025-12-03,Chennai,Tamil Nadu,Home & Kitchen,1,2194.23,0.1,1974.81,592.44,UPI,Online
IN101191,2024-04-02,Pune,Maharashtra,Electronics,5,2610.86,0.0,13054.3,3133.03,Debit Card,Online
IN101192,2025-12-18,Delhi,Delhi,Clothing,3,1050.77,0.1,2837.08,794.38,Debit Card,Online
IN101193,2025-06-24,Chennai,Tamil Nadu,Grocery,5,808.67,0.0,4043.35,889.54,UPI,Online
IN101194,2025-11-29,Lucknow,Uttar Pradesh,Electronics,5,4270.0,0.1,19215.0,4611.6,UPI,Online
IN101195,2025-05-21,Hyderabad,Telangana,Grocery,2,492.23,0.2,787.57,173.27,Credit Card,Online
IN101196,2024-06-25,Jaipur,Rajasthan,Beauty,4,1106.15,0.15,3760.91,1203.49,UPI,Store
IN101197,2025-03-14,Pune,Maharashtra,Beauty,5,1132.64,0.1,5096.88,1631.0,Cash,Online
IN101198,2025-10-29,Delhi,Delhi,Electronics,2,2487.01,0.2,3979.22,955.01,Cash,Online
IN101199,2025-12-11,Mumbai,Maharashtra,Clothing,3,1237.76,0.05,3527.62,987.73,Cash,Store
IN101200,2025-05-25,Chennai,Tamil Nadu,Clothing,3,1647.63,0.2,3954.31,1107.21,Credit Card,Store
IN101201,2024-04-18,Jaipur,Rajasthan,Clothing,2,1715.03,0.05,3258.56,912.4,UPI,Store
IN101202,2024-03-12,Pune,Maharashtra,Clothing,5,1302.12,0.05,6185.07,1731.82,Debit Card,Online
IN101203,2025-05-03,Lucknow,Uttar Pradesh,Electronics,5,2572.65,0.0,12863.25,3087.18,UPI,Store
IN101204,2024-10-07,Kolkata,West Bengal,Beauty,4,1009.28,0.0,4037.12,1291.88,UPI,Store
IN101205,2024-08-01,Chennai,Tamil Nadu,Beauty,4,1040.65,0.25,3121.95,999.02,UPI,Online
IN101206,2025-04-01,Lucknow,Uttar Pradesh,Electronics,3,3287.5,0.0,9862.5,2367.0,UPI,Store
IN101207,2025-08-09,Pune,Maharashtra,Clothing,4,1111.9,0.05,4225.22,1183.06,UPI,Online
IN101208,2025-02-21,Chennai,Tamil Nadu,Clothing,2,1748.48,0.1,3147.26,881.23,UPI,Store
IN101209,2025-05-24,Jaipur,Rajasthan,Clothing,3,1567.19,0.05,4466.49,1250.62,Debit Card,Store
IN101210,2025-10-23,Pune,Maharashtra,Grocery,5,822.22,0.2,3288.88,723.55,Net Banking,Store
IN101211,2024-11-18,Ahmedabad,Gujarat,Grocery,3,849.18,0.25,1910.66,420.35,UPI,Store
IN101212,2024-06-26,Delhi,Delhi,Home & Kitchen,1,2202.67,0.05,2092.54,627.76,Credit Card,Online
IN101213,2025-11-18,Jaipur,Rajasthan,Home & Kitchen,3,2381.63,0.0,7144.89,2143.47,UPI,Online
IN101214,2024-04-13,Chennai,Tamil Nadu,Grocery,4,858.17,0.05,3261.05,717.43,Net Banking,Store
IN101215,2024-04-28,Kolkata,West Bengal,Grocery,2,716.67,0.1,1290.01,283.8,UPI,Store
IN101216,2025-12-12,Lucknow,Uttar Pradesh,Clothing,5,1642.64,0.05,7802.54,2184.71,Cash,Store
IN101217,2025-08-04,Mumbai,Maharashtra,Grocery,5,750.5,0.1,3377.25,742.99,UPI,Store
IN101218,2024-02-26,Lucknow,Uttar Pradesh,Grocery,4,717.43,0.15,2439.26,536.64,Cash,Store
IN101219,2025-02-12,Chennai,Tamil Nadu,Electronics,4,2280.26,0.1,8208.94,1970.15,UPI,Store
IN101220,2025-07-31,Lucknow,Uttar Pradesh,Clothing,4,1303.88,0.0,5215.52,1460.35,UPI,Online
IN101221,2024-02-27,Delhi,Delhi,Clothing,1,1071.07,0.05,1017.52,284.91,UPI,Online
IN101222,2024-04-26,Pune,Maharashtra,Beauty,2,805.65,0.15,1369.6,438.27,UPI,Store
IN101223,2025-02-28,Mumbai,Maharashtra,Clothing,1,1042.39,0.1,938.15,262.68,Cash,Online
IN101224,2024-01-21,Bengaluru,Karnataka,Clothing,4,1817.23,0.05,6905.47,1933.53,Debit Card,Online
IN101225,2024-03-19,Chennai,Tamil Nadu,Clothing,2,1390.71,0.1,2503.28,700.92,UPI,Online
IN101226,2025-07-12,Hyderabad,Telangana,Grocery,4,535.01,0.1,1926.04,423.73,Net Banking,Store
IN101227,2025-11-13,Bengaluru,Karnataka,Electronics,2,3456.34,0.05,6567.05,1576.09,Credit Card,Store
IN101228,2025-08-18,Lucknow,Uttar Pradesh,Beauty,5,744.92,0.3,2607.22,834.31,Net Banking,Store
IN101229,2024-04-17,Chennai,Tamil Nadu,Home & Kitchen,1,2201.2,0.15,1871.02,561.31,UPI,Online
IN101230,2024-09-27,Ahmedabad,Gujarat,Grocery,4,584.25,0.15,1986.45,437.02,Net Banking,Store
IN101231,2025-11-18,Hyderabad,Telangana,Grocery,4,588.05,0.2,1881.76,413.99,UPI,Store
IN101232,2025-04-20,Mumbai,Maharashtra,Electronics,3,4049.5,0.15,10326.22,2478.29,Credit Card,Online
IN101233,2024-03-10,Kolkata,West Bengal,Clothing,5,1488.87,0.2,5955.48,1667.53,Credit Card,Online
IN101234,2025-01-21,Ahmedabad,Gujarat,Home & Kitchen,4,2298.14,0.1,8273.3,2481.99,Credit Card,Online
IN101235,2024-06-14,Bengaluru,Karnataka,Electronics,1,3098.81,0.1,2788.93,669.34,Credit Card,Store
IN101236,2024-02-27,Pune,Maharashtra,Clothing,5,1292.97,0.0,6464.85,1810.16,UPI,Store
IN101237,2025-03-26,Delhi,Delhi,Grocery,4,668.87,0.05,2541.71,559.18,Net Banking,Online
IN101238,2024-09-01,Kolkata,West Bengal,Clothing,1,1035.96,0.05,984.16,275.56,Net Banking,Store
IN101239,2024-02-14,Ahmedabad,Gujarat,Beauty,3,720.21,0.15,1836.54,587.69,Net Banking,Online
IN101240,2025-11-14,Pune,Maharashtra,Electronics,3,2696.61,0.1,7280.85,1747.4,Net Banking,Online
IN101241,2025-01-17,Pune,Maharashtra,Home & Kitchen,1,2215.51,0.15,1883.18,564.95,Cash,Online
IN101242,2025-07-31,Chennai,Tamil Nadu,Grocery,5,765.03,0.15,3251.38,715.3,Net Banking,Online
IN101243,2025-12-01,Ahmedabad,Gujarat,Home & Kitchen,1,1486.17,0.0,1486.17,445.85,Cash,Online
IN101244,2024-03-11,Mumbai,Maharashtra,Clothing,1,1231.84,0.05,1170.25,327.67,UPI,Online
IN101245,2025-07-01,Lucknow,Uttar Pradesh,Grocery,3,853.95,0.0,2561.85,563.61,Cash,Online
IN101246,2024-08-26,Hyderabad,Telangana,Home & Kitchen,3,1360.39,0.0,4081.17,1224.35,Net Banking,Online
IN101247,2025-08-02,Hyderabad,Telangana,Clothing,3,1478.18,0.1,3991.09,1117.51,Debit Card,Store
IN101248,2024-04-17,Bengaluru,Karnataka,Clothing,4,1455.03,0.15,4947.1,1385.19,Credit Card,Online
IN101249,2024-07-26,Bengaluru,Karnataka,Grocery,4,761.61,0.05,2894.12,636.71,UPI,Online
IN101250,2025-12-22,Hyderabad,Telangana,Home & Kitchen,2,1565.88,0.2,2505.41,751.62,Cash,Store
IN101251,2024-10-28,Mumbai,Maharashtra,Clothing,4,1830.64,0.2,5858.05,1640.25,Net Banking,Online
IN101252,2025-03-05,Delhi,Delhi,Beauty,5,870.19,0.05,4133.4,1322.69,UPI,Store
IN101253,2024-12-13,Jaipur,Rajasthan,Clothing,5,1240.0,0.15,5270.0,1475.6,UPI,Store
IN101254,2024-04-16,Lucknow,Uttar Pradesh,Grocery,3,597.33,0.0,1791.99,394.24,UPI,Online
IN101255,2025-06-11,Delhi,Delhi,Home & Kitchen,1,1668.01,0.15,1417.81,425.34,Credit Card,Store
IN101256,2025-02-09,Chennai,Tamil Nadu,Grocery,3,539.05,0.0,1617.15,355.77,UPI,Store
IN101257,2024-09-12,Jaipur,Rajasthan,Home & Kitchen,1,2345.82,0.15,1993.95,598.19,Debit Card,Store
IN101258,2024-10-27,Jaipur,Rajasthan,Beauty,3,732.3,0.1,1977.21,632.71,Net Banking,Store
IN101259,2024-05-24,Ahmedabad,Gujarat,Clothing,3,1783.38,0.25,4012.61,1123.53,Debit Card,Online
IN101260,2025-11-06,Mumbai,Maharashtra,Electronics,5,3082.25,0.1,13870.12,3328.83,UPI,Store
IN101261,2025-06-07,Mumbai,Maharashtra,Electronics,1,2800.1,0.0,2800.1,672.02,Net Banking,Online
IN101262,2025-07-15,Jaipur,Rajasthan,Home & Kitchen,2,1492.26,0.1,2686.07,805.82,Credit Card,Online
IN101263,2024-12-25,Ahmedabad,Gujarat,Home & Kitchen,2,1850.08,0.2,2960.13,888.04,UPI,Online
IN101264,2025-06-07,Lucknow,Uttar Pradesh,Clothing,3,1589.03,0.15,4052.03,1134.57,Credit Card,Online
IN101265,2025-04-28,Jaipur,Rajasthan,Electronics,3,4108.3,0.25,9243.68,2218.48,Debit Card,Online
IN101266,2024-07-08,Kolkata,West Bengal,Electronics,5,3597.09,0.2,14388.36,3453.21,Cash,Store
IN101267,2024-10-22,Bengaluru,Karnataka,Home & Kitchen,1,1825.89,0.1,1643.3,492.99,Net Banking,Store
IN101268,2024-04-02,Bengaluru,Karnataka,Clothing,3,1010.46,0.05,2879.81,806.35,UPI,Online
IN101269,2024-05-09,Delhi,Delhi,Clothing,2,1813.04,0.0,3626.08,1015.3,UPI,Store
IN101270,2025-04-28,Chennai,Tamil Nadu,Grocery,1,836.25,0.3,585.38,128.78,UPI,Store
IN101271,2025-02-12,Bengaluru,Karnataka,Home & Kitchen,3,1703.1,0.25,3831.97,1149.59,Debit Card,Online
IN101272,2024-12-06,Pune,Maharashtra,Grocery,1,467.27,0.05,443.91,97.66,Cash,Online
IN101273,2024-08-01,Delhi,Delhi,Grocery,5,764.85,0.15,3250.61,715.13,UPI,Store
IN101274,2024-11-25,Bengaluru,Karnataka,Electronics,2,3886.7,0.15,6607.39,1585.77,UPI,Store
IN101275,2024-06-23,Chennai,Tamil Nadu,Grocery,1,684.19,0.1,615.77,135.47,Net Banking,Store
IN101276,2025-03-19,Mumbai,Maharashtra,Home & Kitchen,2,1731.36,0.2,2770.18,831.05,Net Banking,Store
IN101277,2024-07-19,Mumbai,Maharashtra,Beauty,3,1127.91,0.0,3383.73,1082.79,UPI,Online
IN101278,2025-09-08,Lucknow,Uttar Pradesh,Electronics,4,2640.43,0.2,8449.38,2027.85,Cash,Online
IN101279,2024-04-07,Jaipur,Rajasthan,Electronics,1,3154.28,0.1,2838.85,681.32,Debit Card,Store
IN101280,2024-04-12,Kolkata,West Bengal,Electronics,2,2290.93,0.1,4123.67,989.68,UPI,Online
IN101281,2025-07-06,Mumbai,Maharashtra,Clothing,1,1129.25,0.1,1016.32,284.57,UPI,Store
IN101282,2024-05-30,Ahmedabad,Gujarat,Home & Kitchen,3,2360.77,0.1,6374.08,1912.22,UPI,Store
IN101283,2024-09-24,Bengaluru,Karnataka,Electronics,3,3442.41,0.1,9294.51,2230.68,UPI,Store
IN101284,2024-12-17,Ahmedabad,Gujarat,Clothing,2,1713.09,0.15,2912.25,815.43,Debit Card,Store
IN101285,2025-04-11,Chennai,Tamil Nadu,Clothing,5,1422.72,0.1,6402.24,1792.63,UPI,Online
IN101286,2024-10-04,Mumbai,Maharashtra,Electronics,1,3976.44,0.15,3379.97,811.19,UPI,Store
IN101287,2025-07-21,Kolkata,West Bengal,Clothing,1,1470.44,0.05,1396.92,391.14,Credit Card,Store
IN101288,2024-01-16,Chennai,Tamil Nadu,Clothing,3,984.13,0.25,2214.29,620.0,UPI,Store
IN101289,2025-03-31,Pune,Maharashtra,Clothing,1,1798.73,0.0,1798.73,503.64,Debit Card,Store
IN101290,2024-06-27,Pune,Maharashtra,Grocery,2,517.77,0.1,931.99,205.04,UPI,Online
IN101291,2024-05-13,Ahmedabad,Gujarat,Grocery,4,645.36,0.0,2581.44,567.92,Credit Card,Store
IN101292,2024-09-14,Jaipur,Rajasthan,Electronics,3,3231.48,0.1,8725.0,2094.0,Net Banking,Store
IN101293,2024-03-02,Delhi,Delhi,Beauty,4,657.63,0.05,2498.99,799.68,UPI,Online
IN101294,2025-04-26,Jaipur,Rajasthan,Grocery,1,477.42,0.25,358.06,78.77,Debit Card,Store
IN101295,2025-04-21,Lucknow,Uttar Pradesh,Home & Kitchen,5,2152.19,0.0,10760.95,3228.29,UPI,Store
IN101296,2025-09-26,Jaipur,Rajasthan,Electronics,2,2864.94,0.1,5156.89,1237.65,Cash,Online
IN101297,2024-02-11,Lucknow,Uttar Pradesh,Electronics,1,3092.03,0.2,2473.62,593.67,Cash,Online
IN101298,2025-01-07,Lucknow,Uttar Pradesh,Electronics,2,3413.35,0.0,6826.7,1638.41,UPI,Store
IN101299,2025-01-07,Kolkata,West Bengal,Electronics,1,3016.64,0.2,2413.31,579.19,Debit Card,Store
IN101300,2024-10-25,Mumbai,Maharashtra,Clothing,1,1685.28,0.2,1348.22,377.5,UPI,Online
IN101301,2024-02-21,Kolkata,West Bengal,Beauty,1,1147.41,0.15,975.3,312.1,Net Banking,Online
IN101302,2025-01-13,Lucknow,Uttar Pradesh,Clothing,3,1034.34,0.05,2947.87,825.4,UPI,Online
IN101303,2024-11-07,Chennai,Tamil Nadu,Clothing,4,1558.22,0.05,5921.24,1657.95,Cash,Store
IN101304,2025-08-01,Pune,Maharashtra,Grocery,5,589.21,0.0,2946.05,648.13,UPI,Store
IN101305,2024-02-28,Lucknow,Uttar Pradesh,Electronics,4,3453.21,0.0,13812.84,3315.08,Debit Card,Online
IN101306,2024-10-30,Kolkata,West Bengal,Grocery,4,659.45,0.0,2637.8,580.32,Net Banking,Online
IN101307,2024-02-04,Chennai,Tamil Nadu,Grocery,2,595.98,0.2,953.57,209.79,Cash,Online
IN101308,2025-10-09,Kolkata,West Bengal,Home & Kitchen,3,1370.93,0.1,3701.51,1110.45,UPI,Store
IN101309,2025-08-10,Jaipur,Rajasthan,Beauty,3,957.27,0.05,2728.22,873.03,Credit Card,Online
IN101310,2025-05-07,Bengaluru,Karnataka,Clothing,1,1082.64,0.05,1028.51,287.98,UPI,Online
IN101311,2025-05-05,Ahmedabad,Gujarat,Grocery,4,520.96,0.1,1875.46,412.6,Credit Card,Online
IN101312,2024-08-08,Delhi,Delhi,Beauty,5,1204.57,0.05,5721.71,1830.95,UPI,Store
IN101313,2025-08-19,Kolkata,West Bengal,Home & Kitchen,2,1630.55,0.2,2608.88,782.66,UPI,Online
IN101314,2024-05-02,Delhi,Delhi,Grocery,3,701.92,0.05,2000.47,440.1,Credit Card,Online
IN101315,2025-12-07,Hyderabad,Telangana,Beauty,1,789.26,0.2,631.41,202.05,UPI,Store
IN101316,2024-04-11,Kolkata,West Bengal,Electronics,5,4040.26,0.15,17171.11,4121.07,Credit Card,Online
IN101317,2025-05-29,Bengaluru,Karnataka,Beauty,4,795.75,0.25,2387.25,763.92,UPI,Online
IN101318,2024-11-08,Delhi,Delhi,Electronics,5,3003.12,0.0,15015.6,3603.74,UPI,Store
IN101319,2025-05-20,Lucknow,Uttar Pradesh,Grocery,3,712.04,0.0,2136.12,469.95,Debit Card,Online
IN101320,2025-05-08,Kolkata,West Bengal,Beauty,2,1138.94,0.1,2050.09,656.03,UPI,Online
IN101321,2025-10-21,Mumbai,Maharashtra,Clothing,4,1722.75,0.25,5168.25,1447.11,UPI,Online
IN101322,2024-07-17,Ahmedabad,Gujarat,Grocery,2,566.48,0.15,963.02,211.86,UPI,Store
IN101323,2025-09-24,Bengaluru,Karnataka,Clothing,5,1734.9,0.15,7373.32,2064.53,Credit Card,Online
IN101324,2025-11-11,Delhi,Delhi,Beauty,5,1040.2,0.0,5201.0,1664.32,Debit Card,Store
IN101325,2025-05-27,Bengaluru,Karnataka,Home & Kitchen,1,2418.1,0.05,2297.19,689.16,UPI,Online
IN101326,2024-11-25,Chennai,Tamil Nadu,Grocery,4,850.23,0.05,3230.87,710.79,UPI,Online
IN101327,2025-09-12,Ahmedabad,Gujarat,Grocery,5,680.25,0.1,3061.12,673.45,Cash,Store
IN101328,2024-11-22,Lucknow,Uttar Pradesh,Home & Kitchen,3,2137.42,0.05,6091.65,1827.5,Net Banking,Store
IN101329,2024-01-10,Kolkata,West Bengal,Clothing,3,1498.86,0.05,4271.75,1196.09,UPI,Online
IN101330,2024-05-06,Kolkata,West Bengal,Clothing,2,1521.45,0.15,2586.46,724.21,Credit Card,Store
IN101331,2025-10-30,Kolkata,West Bengal,Home & Kitchen,3,1378.76,0.25,3102.21,930.66,UPI,Online
IN101332,2024-08-18,Ahmedabad,Gujarat,Clothing,5,982.04,0.15,4173.67,1168.63,UPI,Online
IN101333,2024-01-15,Mumbai,Maharashtra,Electronics,3,2340.23,0.15,5967.59,1432.22,UPI,Online
IN101334,2025-05-01,Hyderabad,Telangana,Electronics,4,4250.59,0.3,11901.65,2856.4,Debit Card,Store
IN101335,2025-03-17,Pune,Maharashtra,Electronics,2,2502.64,0.0,5005.28,1201.27,UPI,Online
IN101336,2025-07-11,Jaipur,Rajasthan,Home & Kitchen,4,1311.94,0.0,5247.76,1574.33,Net Banking,Online
IN101337,2024-09-30,Delhi,Delhi,Grocery,5,585.82,0.15,2489.74,547.74,Credit Card,Online
IN101338,2025-09-09,Mumbai,Maharashtra,Home & Kitchen,5,1948.17,0.1,8766.77,2630.03,UPI,Online
IN101339,2024-01-03,Lucknow,Uttar Pradesh,Clothing,3,1843.1,0.1,4976.37,1393.38,Debit Card,Store
IN101340,2024-11-21,Delhi,Delhi,Clothing,1,1616.9,0.05,1536.06,430.1,UPI,Store
IN101341,2024-09-09,Kolkata,West Bengal,Clothing,1,1231.48,0.1,1108.33,310.33,Credit Card,Store
IN101342,2025-06-17,Bengaluru,Karnataka,Home & Kitchen,5,2358.7,0.1,10614.15,3184.25,UPI,Online
IN101343,2024-02-24,Lucknow,Uttar Pradesh,Grocery,5,470.23,0.05,2233.59,491.39,UPI,Online
IN101344,2025-03-23,Delhi,Delhi,Beauty,2,1202.75,0.1,2164.95,692.78,UPI,Store
IN101345,2024-10-23,Kolkata,West Bengal,Grocery,5,479.78,0.1,2159.01,474.98,UPI,Store
IN101346,2025-09-13,Delhi,Delhi,Grocery,5,773.5,0.25,2900.62,638.14,UPI,Online
IN101347,2025-01-07,Bengaluru,Karnataka,Grocery,2,474.14,0.3,663.8,146.04,UPI,Store
IN101348,2025-04-13,Kolkata,West Bengal,Beauty,4,1174.96,0.2,3759.87,1203.16,Net Banking,Store
IN101349,2024-05-15,Hyderabad,Telangana,Home & Kitchen,4,1387.14,0.3,3883.99,1165.2,UPI,Store
IN101350,2024-09-02,Mumbai,Maharashtra,Electronics,2,2345.0,0.05,4455.5,1069.32,UPI,Online
IN101351,2024-03-10,Chennai,Tamil Nadu,Grocery,2,830.71,0.2,1329.14,292.41,Net Banking,Online
IN101352,2025-04-25,Jaipur,Rajasthan,Grocery,4,495.47,0.1,1783.69,392.41,Debit Card,Online
IN101353,2025-06-13,Ahmedabad,Gujarat,Home & Kitchen,4,2193.58,0.15,7458.17,2237.45,Credit Card,Online
IN101354,2025-05-04,Jaipur,Rajasthan,Electronics,4,3793.83,0.05,14416.55,3459.97,UPI,Online
IN101355,2025-05-17,Lucknow,Uttar Pradesh,Home & Kitchen,4,1960.69,0.2,6274.21,1882.26,Debit Card,Online
IN101356,2025-11-28,Jaipur,Rajasthan,Beauty,3,851.11,0.0,2553.33,817.07,UPI,Store
IN101357,2024-04-26,Kolkata,West Bengal,Clothing,2,1813.18,0.05,3445.04,964.61,Debit Card,Online
IN101358,2024-09-13,Hyderabad,Telangana,Beauty,1,1139.58,0.2,911.66,291.73,Net Banking,Online
IN101359,2025-08-29,Chennai,Tamil Nadu,Electronics,3,3126.59,0.15,7972.8,1913.47,Credit Card,Store
IN101360,2025-03-03,Mumbai,Maharashtra,Electronics,1,2721.99,0.1,2449.79,587.95,UPI,Store
IN101361,2024-04-24,Mumbai,Maharashtra,Electronics,1,2806.95,0.15,2385.91,572.62,Debit Card,Store
IN101362,2025-05-08,Bengaluru,Karnataka,Electronics,5,2698.27,0.0,13491.35,3237.92,Credit Card,Online
IN101363,2024-03-02,Ahmedabad,Gujarat,Home & Kitchen,2,1893.26,0.15,3218.54,965.56,Credit Card,Store
IN101364,2025-05-11,Delhi,Delhi,Electronics,3,4046.56,0.0,12139.68,2913.52,Credit Card,Store
IN101365,2025-09-27,Hyderabad,Telangana,Clothing,2,1683.99,0.2,2694.38,754.43,Debit Card,Online
IN101366,2024-03-20,Delhi,Delhi,Electronics,4,3894.66,0.1,14020.78,3364.99,Credit Card,Store
IN101367,2025-10-20,Chennai,Tamil Nadu,Clothing,2,1387.94,0.25,2081.91,582.93,Net Banking,Online
IN101368,2025-04-29,Jaipur,Rajasthan,Electronics,1,2910.69,0.1,2619.62,628.71,Cash,Online
IN101369,2024-01-22,Mumbai,Maharashtra,Grocery,4,774.98,0.1,2789.93,613.78,UPI,Online
IN101370,2025-08-17,Chennai,Tamil Nadu,Electronics,2,3890.06,0.1,7002.11,1680.51,Debit Card,Online
IN101371,2024-11-19,Jaipur,Rajasthan,Home & Kitchen,2,2073.56,0.05,3939.76,1181.93,UPI,Online
IN101372,2025-05-31,Mumbai,Maharashtra,Home & Kitchen,1,1297.57,0.0,1297.57,389.27,Cash,Store
IN101373,2024-09-17,Jaipur,Rajasthan,Electronics,4,3466.54,0.2,11092.93,2662.3,UPI,Online
IN101374,2024-05-08,Ahmedabad,Gujarat,Beauty,1,833.02,0.1,749.72,239.91,Credit Card,Store
IN101375,2025-09-17,Hyderabad,Telangana,Electronics,2,2648.08,0.1,4766.54,1143.97,Cash,Online
IN101376,2024-10-10,Lucknow,Uttar Pradesh,Clothing,3,1611.9,0.0,4835.7,1354.0,UPI,Online
IN101377,2024-02-16,Chennai,Tamil Nadu,Electronics,3,2798.53,0.0,8395.59,2014.94,Cash,Online
IN101378,2024-07-06,Chennai,Tamil Nadu,Clothing,5,1810.69,0.1,8148.1,2281.47,Debit Card,Store
IN101379,2024-01-19,Pune,Maharashtra,Grocery,3,580.94,0.2,1394.26,306.74,UPI,Store
IN101380,2025-08-21,Kolkata,West Bengal,Home & Kitchen,4,1909.56,0.1,6874.42,2062.33,Credit Card,Online
IN101381,2025-10-15,Ahmedabad,Gujarat,Clothing,5,1733.26,0.0,8666.3,2426.56,Net Banking,Online
IN101382,2024-01-08,Ahmedabad,Gujarat,Grocery,4,624.89,0.0,2499.56,549.9,UPI,Store
IN101383,2024-02-06,Delhi,Delhi,Electronics,3,3963.61,0.2,9512.66,2283.04,Debit Card,Online
IN101384,2025-08-20,Jaipur,Rajasthan,Home & Kitchen,3,2106.72,0.15,5372.14,1611.64,Debit Card,Store
IN101385,2024-03-12,Kolkata,West Bengal,Clothing,2,1817.99,0.25,2726.98,763.55,Net Banking,Store
IN101386,2025-01-15,Hyderabad,Telangana,Electronics,4,2917.74,0.0,11670.96,2801.03,Debit Card,Online
IN101387,2024-09-22,Hyderabad,Telangana,Electronics,1,2458.46,0.25,1843.84,442.52,Credit Card,Online
IN101388,2024-03-07,Ahmedabad,Gujarat,Electronics,2,3135.13,0.2,5016.21,1203.89,Net Banking,Online
IN101389,2025-10-14,Hyderabad,Telangana,Grocery,4,787.01,0.2,2518.43,554.05,Cash,Store
IN101390,2024-03-04,Pune,Maharashtra,Home & Kitchen,5,1787.01,0.0,8935.05,2680.52,Debit Card,Online
IN101391,2024-01-30,Chennai,Tamil Nadu,Electronics,4,2784.93,0.15,9468.76,2272.5,UPI,Online
IN101392,2025-07-10,Bengaluru,Karnataka,Grocery,5,466.66,0.1,2099.97,461.99,UPI,Online
IN101393,2025-10-07,Lucknow,Uttar Pradesh,Grocery,5,587.25,0.1,2642.62,581.38,Debit Card,Online
IN101394,2024-01-16,Delhi,Delhi,Home & Kitchen,3,2094.66,0.1,5655.58,1696.67,Credit Card,Online
IN101395,2024-10-04,Jaipur,Rajasthan,Clothing,1,1114.33,0.15,947.18,265.21,UPI,Store
IN101396,2025-12-31,Lucknow,Uttar Pradesh,Clothing,4,1290.2,0.3,3612.56,1011.52,UPI,Online
IN101397,2024-10-03,Jaipur,Rajasthan,Beauty,1,641.84,0.15,545.56,174.58,Credit Card,Store
IN101398,2024-08-08,Mumbai,Maharashtra,Grocery,5,759.94,0.15,3229.75,710.54,UPI,Store
IN101399,2024-07-11,Lucknow,Uttar Pradesh,Clothing,3,1781.42,0.15,4542.62,1271.93,UPI,Online
IN101400,2025-10-31,Bengaluru,Karnataka,Electronics,1,3422.54,0.15,2909.16,698.2,UPI,Online
IN101401,2024-01-24,Ahmedabad,Gujarat,Clothing,2,1003.54,0.05,1906.73,533.88,Cash,Online
IN101402,2024-05-20,Pune,Maharashtra,Grocery,5,546.95,0.05,2598.01,571.56,Credit Card,Store
IN101403,2024-01-26,Chennai,Tamil Nadu,Home & Kitchen,2,1773.01,0.2,2836.82,851.05,UPI,Online
IN101404,2024-04-07,Chennai,Tamil Nadu,Electronics,1,3462.17,0.0,3462.17,830.92,UPI,Store
IN101405,2024-10-02,Pune,Maharashtra,Grocery,1,664.68,0.15,564.98,124.3,Credit Card,Store
IN101406,2025-07-26,Kolkata,West Bengal,Grocery,1,841.95,0.2,673.56,148.18,Cash,Online
IN101407,2024-08-30,Mumbai,Maharashtra,Grocery,4,851.57,0.1,3065.65,674.44,Debit Card,Store
IN101408,2025-03-08,Jaipur,Rajasthan,Grocery,5,500.27,0.25,1876.01,412.72,UPI,Online
IN101409,2024-01-09,Bengaluru,Karnataka,Home & Kitchen,5,1421.92,0.1,6398.64,1919.59,Credit Card,Store
IN101410,2024-09-28,Hyderabad,Telangana,Clothing,5,1305.83,0.0,6529.15,1828.16,Cash,Online
IN101411,2024-02-01,Lucknow,Uttar Pradesh,Beauty,4,876.42,0.05,3330.4,1065.73,UPI,Online
IN101412,2025-08-27,Mumbai,Maharashtra,Electronics,1,3459.02,0.25,2594.26,622.62,Credit Card,Online
IN101413,2025-04-23,Lucknow,Uttar Pradesh,Electronics,1,3848.17,0.3,2693.72,646.49,UPI,Store
IN101414,2024-05-07,Bengaluru,Karnataka,Clothing,2,1103.55,0.1,1986.39,556.19,UPI,Online
IN101415,2024-01-17,Delhi,Delhi,Electronics,4,3909.49,0.0,15637.96,3753.11,UPI,Store
IN101416,2025-07-06,Delhi,Delhi,Clothing,3,1535.13,0.05,4375.12,1225.03,Credit Card,Online
IN101417,2025-04-17,Mumbai,Maharashtra,Electronics,4,4280.24,0.1,15408.86,3698.13,UPI,Online
IN101418,2024-10-27,Ahmedabad,Gujarat,Home & Kitchen,2,2021.87,0.1,3639.37,1091.81,UPI,Online
IN101419,2024-02-11,Bengaluru,Karnataka,Electronics,2,3729.47,0.15,6340.1,1521.62,UPI,Online
IN101420,2024-02-21,Bengaluru,Karnataka,Home & Kitchen,2,1488.39,0.2,2381.42,714.43,UPI,Online
IN101421,2024-07-06,Pune,Maharashtra,Electronics,1,3839.23,0.15,3263.35,783.2,UPI,Online
IN101422,2024-05-30,Ahmedabad,Gujarat,Beauty,3,676.37,0.05,1927.65,616.85,UPI,Store
IN101423,2024-08-31,Jaipur,Rajasthan,Home & Kitchen,2,2028.14,0.1,3650.65,1095.2,UPI,Online
IN101424,2025-05-05,Jaipur,Rajasthan,Electronics,5,2355.59,0.2,9422.36,2261.37,Cash,Online
IN101425,2024-05-06,Hyderabad,Telangana,Home & Kitchen,1,1394.81,0.15,1185.59,355.68,Debit Card,Online
IN101426,2025-12-17,Chennai,Tamil Nadu,Grocery,3,500.57,0.0,1501.71,330.38,Credit Card,Store
IN101427,2025-02-12,Delhi,Delhi,Home & Kitchen,5,1321.41,0.05,6276.7,1883.01,UPI,Online
IN101428,2025-09-03,Jaipur,Rajasthan,Grocery,3,590.68,0.2,1417.63,311.88,Debit Card,Online
IN101429,2024-12-09,Ahmedabad,Gujarat,Grocery,3,875.11,0.0,2625.33,577.57,UPI,Online
IN101430,2025-08-13,Bengaluru,Karnataka,Home & Kitchen,5,1667.42,0.15,7086.54,2125.96,UPI,Store
IN101431,2025-11-25,Jaipur,Rajasthan,Clothing,4,1672.31,0.1,6020.32,1685.69,Debit Card,Store
IN101432,2024-04-07,Bengaluru,Karnataka,Electronics,3,2515.22,0.0,7545.66,1810.96,Net Banking,Online
IN101433,2024-03-08,Jaipur,Rajasthan,Home & Kitchen,4,1791.75,0.15,6091.95,1827.59,Credit Card,Online
IN101434,2024-01-28,Delhi,Delhi,Clothing,3,1148.46,0.0,3445.38,964.71,UPI,Store
IN101435,2024-01-29,Lucknow,Uttar Pradesh,Grocery,5,536.16,0.1,2412.72,530.8,Cash,Store
IN101436,2025-09-25,Jaipur,Rajasthan,Electronics,3,2447.36,0.05,6974.98,1674.0,UPI,Store
IN101437,2024-07-30,Ahmedabad,Gujarat,Grocery,2,637.54,0.15,1083.82,238.44,Cash,Store
IN101438,2025-11-18,Jaipur,Rajasthan,Beauty,2,674.19,0.2,1078.7,345.18,UPI,Store
IN101439,2025-09-08,Chennai,Tamil Nadu,Clothing,3,1807.93,0.0,5423.79,1518.66,UPI,Store
IN101440,2025-04-24,Delhi,Delhi,Clothing,5,1387.59,0.2,5550.36,1554.1,Credit Card,Online
IN101441,2024-03-12,Ahmedabad,Gujarat,Grocery,5,809.29,0.0,4046.45,890.22,Net Banking,Online
IN101442,2025-05-05,Pune,Maharashtra,Home & Kitchen,1,2405.97,0.1,2165.37,649.61,Cash,Online
IN101443,2024-04-19,Ahmedabad,Gujarat,Clothing,5,1596.78,0.1,7185.51,2011.94,Credit Card,Store
IN101444,2024-04-22,Chennai,Tamil Nadu,Clothing,4,1800.37,0.15,6121.26,1713.95,Debit Card,Store
IN101445,2025-01-31,Lucknow,Uttar Pradesh,Beauty,3,709.19,0.05,2021.19,646.78,Credit Card,Store
IN101446,2024-08-19,Delhi,Delhi,Grocery,2,805.67,0.0,1611.34,354.49,Debit Card,Online
IN101447,2024-02-12,Pune,Maharashtra,Electronics,5,2804.13,0.1,12618.58,3028.46,Cash,Online
IN101448,2024-09-21,Chennai,Tamil Nadu,Electronics,2,3223.0,0.0,6446.0,1547.04,UPI,Online
IN101449,2024-02-15,Chennai,Tamil Nadu,Grocery,1,728.18,0.2,582.54,128.16,UPI,Online
IN101450,2025-07-23,Mumbai,Maharashtra,Clothing,3,1802.22,0.0,5406.66,1513.86,Net Banking,Store
IN101451,2024-08-12,Delhi,Delhi,Clothing,5,1809.0,0.1,8140.5,2279.34,Net Banking,Store
IN101452,2025-10-13,Ahmedabad,Gujarat,Home & Kitchen,2,1367.76,0.1,2461.97,738.59,UPI,Online
IN101453,2024-04-10,Bengaluru,Karnataka,Electronics,5,2998.28,0.1,13492.26,3238.14,UPI,Online
IN101454,2024-10-07,Lucknow,Uttar Pradesh,Home & Kitchen,1,2188.01,0.2,1750.41,525.12,Net Banking,Store
IN101455,2024-08-25,Bengaluru,Karnataka,Clothing,2,1619.87,0.1,2915.77,816.42,Credit Card,Online
IN101456,2025-08-23,Ahmedabad,Gujarat,Home & Kitchen,2,1290.83,0.0,2581.66,774.5,Credit Card,Store
IN101457,2024-09-02,Ahmedabad,Gujarat,Home & Kitchen,3,1786.37,0.15,4555.24,1366.57,UPI,Online
IN101458,2025-11-21,Delhi,Delhi,Electronics,3,3964.85,0.0,11894.55,2854.69,Cash,Online
IN101459,2024-04-08,Ahmedabad,Gujarat,Grocery,2,766.67,0.15,1303.34,286.73,UPI,Online
IN101460,2025-12-27,Mumbai,Maharashtra,Electronics,3,3096.65,0.2,7431.96,1783.67,UPI,Online
IN101461,2024-07-18,Pune,Maharashtra,Home & Kitchen,2,2120.14,0.05,4028.27,1208.48,UPI,Store
IN101462,2024-09-12,Ahmedabad,Gujarat,Home & Kitchen,4,1904.92,0.1,6857.71,2057.31,Net Banking,Online
IN101463,2025-03-12,Bengaluru,Karnataka,Clothing,5,1810.49,0.0,9052.45,2534.69,Debit Card,Online
IN101464,2025-05-08,Ahmedabad,Gujarat,Clothing,4,1514.29,0.2,4845.73,1356.8,Debit Card,Online
IN101465,2025-03-11,Mumbai,Maharashtra,Clothing,4,1344.67,0.15,4571.88,1280.13,UPI,Online
IN101466,2025-12-07,Jaipur,Rajasthan,Home & Kitchen,5,2269.62,0.05,10780.69,3234.21,Net Banking,Online
IN101467,2024-01-24,Jaipur,Rajasthan,Clothing,2,1025.38,0.1,1845.68,516.79,Cash,Online
IN101468,2024-12-28,Chennai,Tamil Nadu,Clothing,2,1799.46,0.15,3059.08,856.54,Debit Card,Store
IN101469,2024-09-26,Lucknow,Uttar Pradesh,Clothing,3,1613.68,0.05,4598.99,1287.72,Net Banking,Store
IN101470,2024-08-15,Hyderabad,Telangana,Electronics,1,4196.46,0.0,4196.46,1007.15,UPI,Online
IN101471,2024-05-07,Pune,Maharashtra,Home & Kitchen,2,1553.09,0.1,2795.56,838.67,Debit Card,Online
IN101472,2025-06-26,Kolkata,West Bengal,Electronics,5,3685.44,0.15,15663.12,3759.15,Net Banking,Online
IN101473,2024-02-27,Chennai,Tamil Nadu,Grocery,1,797.0,0.05,757.15,166.57,Cash,Online
IN101474,2024-11-20,Lucknow,Uttar Pradesh,Electronics,5,3700.37,0.0,18501.85,4440.44,Credit Card,Store
IN101475,2025-10-20,Jaipur,Rajasthan,Clothing,5,1171.4,0.2,4685.6,1311.97,UPI,Store
IN101476,2024-04-15,Bengaluru,Karnataka,Grocery,5,571.44,0.05,2714.34,597.15,Debit Card,Store
IN101477,2025-03-12,Kolkata,West Bengal,Beauty,1,961.54,0.1,865.39,276.92,Credit Card,Online
IN101478,2024-03-25,Lucknow,Uttar Pradesh,Home & Kitchen,4,1782.7,0.15,6061.18,1818.35,UPI,Online
IN101479,2024-01-02,Lucknow,Uttar Pradesh,Clothing,5,1648.96,0.05,7832.56,2193.12,Cash,Store
IN101480,2025-03-12,Chennai,Tamil Nadu,Electronics,3,3027.65,0.15,7720.51,1852.92,UPI,Online
IN101481,2025-03-26,Kolkata,West Bengal,Home & Kitchen,2,2265.59,0.1,4078.06,1223.42,UPI,Online
IN101482,2025-07-18,Delhi,Delhi,Clothing,2,1373.05,0.1,2471.49,692.02,Debit Card,Store
IN101483,2025-03-16,Hyderabad,Telangana,Electronics,2,2323.29,0.1,4181.92,1003.66,Credit Card,Store
IN101484,2024-08-09,Delhi,Delhi,Home & Kitchen,1,1280.32,0.2,1024.26,307.28,UPI,Store
IN101485,2024-01-25,Kolkata,West Bengal,Home & Kitchen,3,2016.69,0.15,5142.56,1542.77,UPI,Online
IN101486,2024-02-04,Delhi,Delhi,Beauty,3,946.22,0.05,2696.73,862.95,UPI,Online
IN101487,2025-10-30,Mumbai,Maharashtra,Beauty,3,947.51,0.0,2842.53,909.61,UPI,Online
IN101488,2024-12-08,Jaipur,Rajasthan,Home & Kitchen,3,2184.31,0.0,6552.93,1965.88,UPI,Store
IN101489,2024-12-31,Mumbai,Maharashtra,Electronics,3,3021.5,0.25,6798.38,1631.61,UPI,Online
IN101490,2025-10-18,Ahmedabad,Gujarat,Electronics,4,4310.53,0.25,12931.59,3103.58,UPI,Store
IN101491,2024-12-01,Delhi,Delhi,Grocery,3,854.49,0.0,2563.47,563.96,Credit Card,Store
IN101492,2025-03-08,Ahmedabad,Gujarat,Grocery,3,460.48,0.1,1243.3,273.53,Net Banking,Online
IN101493,2025-04-01,Bengaluru,Karnataka,Clothing,1,1795.13,0.0,1795.13,502.64,Credit Card,Online
IN101494,2025-04-23,Pune,Maharashtra,Clothing,1,1599.3,0.25,1199.47,335.85,Debit Card,Online
IN101495,2025-02-01,Bengaluru,Karnataka,Clothing,3,1436.9,0.05,4095.17,1146.65,UPI,Store
IN101496,2024-12-08,Kolkata,West Bengal,Grocery,4,701.21,0.1,2524.36,555.36,Debit Card,Store
IN101497,2025-11-21,Lucknow,Uttar Pradesh,Electronics,3,3991.06,0.0,11973.18,2873.56,Debit Card,Store
IN101498,2024-10-06,Jaipur,Rajasthan,Clothing,3,1845.44,0.05,5259.5,1472.66,Credit Card,Online
IN101499,2024-12-17,Delhi,Delhi,Grocery,3,691.74,0.05,1971.46,433.72,UPI,Online
IN101500,2024-07-15,Chennai,Tamil Nadu,Home & Kitchen,5,1472.11,0.1,6624.5,1987.35,UPI,Store
IN101501,2024-08-12,Pune,Maharashtra,Electronics,4,3570.69,0.1,12854.48,3085.08,Debit Card,Online
IN101502,2024-02-16,Hyderabad,Telangana,Grocery,2,487.2,0.05,925.68,203.65,Credit Card,Store
IN101503,2024-07-03,Hyderabad,Telangana,Home & Kitchen,3,2003.11,0.0,6009.33,1802.8,Cash,Store
IN101504,2024-06-10,Hyderabad,Telangana,Clothing,2,1715.84,0.1,3088.51,864.78,UPI,Online
IN101505,2025-10-04,Delhi,Delhi,Electronics,4,2974.93,0.2,9519.78,2284.75,UPI,Online
IN101506,2024-10-21,Hyderabad,Telangana,Clothing,3,1044.78,0.15,2664.19,745.97,Credit Card,Online
IN101507,2024-04-01,Mumbai,Maharashtra,Clothing,2,1609.93,0.15,2736.88,766.33,Cash,Online
IN101508,2025-08-09,Pune,Maharashtra,Beauty,2,828.51,0.05,1574.17,503.73,UPI,Store
IN101509,2025-10-11,Mumbai,Maharashtra,Electronics,4,2758.12,0.15,9377.61,2250.63,Debit Card,Store
IN101510,2024-06-16,Lucknow,Uttar Pradesh,Grocery,3,746.18,0.1,2014.69,443.23,UPI,Store
IN101511,2024-09-14,Pune,Maharashtra,Electronics,5,4256.74,0.0,21283.7,5108.09,Credit Card,Store
IN101512,2025-07-10,Mumbai,Maharashtra,Clothing,4,1658.24,0.1,5969.66,1671.5,Cash,Online
IN101513,2024-11-04,Pune,Maharashtra,Grocery,5,662.6,0.0,3313.0,728.86,Cash,Online
IN101514,2025-10-10,Lucknow,Uttar Pradesh,Clothing,3,1526.46,0.0,4579.38,1282.23,UPI,Store
IN101515,2025-09-06,Ahmedabad,Gujarat,Clothing,2,1109.47,0.0,2218.94,621.3,UPI,Online
IN101516,2024-05-08,Delhi,Delhi,Electronics,4,3931.48,0.05,14939.62,3585.51,Debit Card,Store
IN101517,2025-11-03,Delhi,Delhi,Clothing,4,1529.91,0.05,5813.66,1627.82,UPI,Store
IN101518,2025-07-03,Hyderabad,Telangana,Grocery,4,863.06,0.15,2934.4,645.57,Debit Card,Online
IN101519,2025-07-22,Bengaluru,Karnataka,Clothing,1,1871.33,0.1,1684.2,471.58,Credit Card,Online
IN101520,2024-06-09,Hyderabad,Telangana,Beauty,3,837.43,0.2,2009.83,643.15,UPI,Online
IN101521,2024-06-24,Kolkata,West Bengal,Grocery,1,872.66,0.0,872.66,191.99,Cash,Store
IN101522,2024-10-14,Mumbai,Maharashtra,Clothing,4,1850.72,0.05,7032.74,1969.17,UPI,Online
IN101523,2025-02-08,Pune,Maharashtra,Electronics,4,3570.85,0.25,10712.55,2571.01,Net Banking,Store
IN101524,2025-10-18,Bengaluru,Karnataka,Grocery,5,595.89,0.1,2681.5,589.93,Cash,Store
IN101525,2025-08-02,Lucknow,Uttar Pradesh,Home & Kitchen,1,2141.41,0.2,1713.13,513.94,Debit Card,Store
IN101526,2024-12-05,Kolkata,West Bengal,Clothing,2,1226.83,0.1,2208.29,618.32,UPI,Online
IN101527,2024-09-24,Lucknow,Uttar Pradesh,Home & Kitchen,3,1996.92,0.1,5391.68,1617.5,Net Banking,Online
IN101528,2024-08-05,Delhi,Delhi,Clothing,2,1002.37,0.0,2004.74,561.33,Cash,Store
IN101529,2024-06-12,Delhi,Delhi,Home & Kitchen,2,1995.44,0.2,3192.7,957.81,UPI,Store
IN101530,2025-11-21,Hyderabad,Telangana,Electronics,3,4219.35,0.0,12658.05,3037.93,UPI,Online
IN101531,2025-01-25,Mumbai,Maharashtra,Home & Kitchen,4,1535.12,0.05,5833.46,1750.04,UPI,Store
IN101532,2025-02-20,Bengaluru,Karnataka,Grocery,5,783.78,0.15,3331.06,732.83,Net Banking,Store
IN101533,2024-02-17,Jaipur,Rajasthan,Clothing,4,1247.02,0.1,4489.27,1257.0,Cash,Online
IN101534,2024-07-12,Kolkata,West Bengal,Clothing,4,1624.14,0.2,5197.25,1455.23,Net Banking,Online
IN101535,2025-12-18,Kolkata,West Bengal,Clothing,1,1616.97,0.0,1616.97,452.75,Cash,Store
IN101536,2024-03-24,Hyderabad,Telangana,Beauty,2,738.07,0.15,1254.72,401.51,Credit Card,Online
IN101537,2025-09-04,Delhi,Delhi,Clothing,2,1523.39,0.1,2742.1,767.79,UPI,Online
IN101538,2025-10-28,Hyderabad,Telangana,Electronics,2,4027.07,0.0,8054.14,1932.99,UPI,Store
IN101539,2024-02-16,Pune,Maharashtra,Grocery,5,616.62,0.15,2620.63,576.54,UPI,Online
IN101540,2024-08-21,Bengaluru,Karnataka,Grocery,5,755.09,0.1,3397.9,747.54,Credit Card,Online
IN101541,2024-10-25,Mumbai,Maharashtra,Grocery,5,739.95,0.1,3329.78,732.55,Net Banking,Store
IN101542,2024-05-26,Ahmedabad,Gujarat,Grocery,3,563.8,0.25,1268.55,279.08,Net Banking,Store
IN101543,2024-07-14,Chennai,Tamil Nadu,Clothing,5,1815.97,0.1,8171.87,2288.12,UPI,Store
IN101544,2024-01-22,Chennai,Tamil Nadu,Beauty,1,959.65,0.2,767.72,245.67,Debit Card,Store
IN101545,2024-07-12,Hyderabad,Telangana,Clothing,1,1303.32,0.15,1107.82,310.19,Credit Card,Online
IN101546,2025-01-20,Pune,Maharashtra,Electronics,4,2581.87,0.15,8778.36,2106.81,Credit Card,Online
IN101547,2024-12-29,Bengaluru,Karnataka,Home & Kitchen,4,1813.95,0.2,5804.64,1741.39,Debit Card,Online
IN101548,2024-09-30,Jaipur,Rajasthan,Grocery,4,763.47,0.05,2901.19,638.26,UPI,Online
IN101549,2025-01-18,Chennai,Tamil Nadu,Clothing,4,1547.51,0.2,4952.03,1386.57,Net Banking,Store
IN101550,2024-07-26,Bengaluru,Karnataka,Grocery,1,762.18,0.05,724.07,159.3,Debit Card,Store
IN101551,2024-10-01,Mumbai,Maharashtra,Electronics,4,3886.86,0.2,12437.95,2985.11,Debit Card,Online
IN101552,2025-12-29,Lucknow,Uttar Pradesh,Clothing,1,1381.31,0.1,1243.18,348.09,UPI,Online
IN101553,2025-05-10,Pune,Maharashtra,Beauty,5,934.3,0.2,3737.2,1195.9,UPI,Online
IN101554,2025-06-22,Delhi,Delhi,Electronics,5,4291.76,0.2,17167.04,4120.09,UPI,Online
IN101555,2025-06-10,Bengaluru,Karnataka,Clothing,3,1860.93,0.1,5024.51,1406.86,Debit Card,Online
IN101556,2024-06-07,Mumbai,Maharashtra,Home & Kitchen,4,1745.34,0.1,6283.22,1884.97,Net Banking,Online
IN101557,2025-12-26,Jaipur,Rajasthan,Beauty,5,1030.83,0.2,4123.32,1319.46,Credit Card,Store
IN101558,2025-04-04,Ahmedabad,Gujarat,Clothing,5,1223.51,0.05,5811.67,1627.27,Debit Card,Online
IN101559,2025-01-28,Delhi,Delhi,Grocery,2,519.51,0.0,1039.02,228.58,Credit Card,Online
IN101560,2025-03-14,Ahmedabad,Gujarat,Grocery,2,779.65,0.1,1403.37,308.74,UPI,Store
IN101561,2025-01-13,Jaipur,Rajasthan,Beauty,1,885.17,0.1,796.65,254.93,Debit Card,Online
IN101562,2024-06-12,Mumbai,Maharashtra,Home & Kitchen,3,1467.15,0.05,4181.38,1254.41,Cash,Online
IN101563,2025-09-30,Chennai,Tamil Nadu,Electronics,2,3818.4,0.1,6873.12,1649.55,UPI,Online
IN101564,2024-11-25,Ahmedabad,Gujarat,Clothing,3,1812.81,0.0,5438.43,1522.76,UPI,Online
IN101565,2025-07-23,Delhi,Delhi,Clothing,5,1829.28,0.05,8689.08,2432.94,Credit Card,Online
IN101566,2024-05-26,Hyderabad,Telangana,Home & Kitchen,1,1957.71,0.05,1859.82,557.95,UPI,Store
IN101567,2024-04-19,Kolkata,West Bengal,Grocery,3,657.65,0.05,1874.3,412.35,Net Banking,Online
IN101568,2025-01-28,Bengaluru,Karnataka,Grocery,2,514.94,0.05,978.39,215.25,Credit Card,Store
IN101569,2025-07-14,Chennai,Tamil Nadu,Beauty,5,1093.78,0.1,4922.01,1575.04,UPI,Online
IN101570,2024-06-30,Ahmedabad,Gujarat,Electronics,4,4206.27,0.05,15983.83,3836.12,UPI,Online
IN101571,2025-07-26,Lucknow,Uttar Pradesh,Clothing,5,1789.41,0.25,6710.29,1878.88,Net Banking,Online
IN101572,2025-03-18,Bengaluru,Karnataka,Clothing,2,1664.12,0.1,2995.42,838.72,Debit Card,Online
IN101573,2024-05-09,Hyderabad,Telangana,Clothing,2,984.16,0.0,1968.32,551.13,Debit Card,Online
IN101574,2025-02-06,Jaipur,Rajasthan,Electronics,4,3088.12,0.05,11734.86,2816.37,UPI,Online
IN101575,2025-05-19,Kolkata,West Bengal,Electronics,5,3094.29,0.15,13150.73,3156.18,Cash,Online
IN101576,2025-12-20,Mumbai,Maharashtra,Grocery,3,832.87,0.0,2498.61,549.69,Credit Card,Online
IN101577,2025-10-15,Hyderabad,Telangana,Home & Kitchen,3,1336.81,0.25,3007.82,902.35,Debit Card,Online
IN101578,2024-01-22,Hyderabad,Telangana,Grocery,5,679.44,0.1,3057.48,672.65,Net Banking,Online
IN101579,2024-01-17,Jaipur,Rajasthan,Grocery,3,512.52,0.1,1383.8,304.44,UPI,Online
IN101580,2025-09-25,Pune,Maharashtra,Clothing,5,1582.69,0.3,5539.42,1551.04,Credit Card,Store
IN101581,2024-10-08,Jaipur,Rajasthan,Home & Kitchen,5,2186.94,0.1,9841.23,2952.37,UPI,Store
IN101582,2024-08-14,Pune,Maharashtra,Home & Kitchen,2,2011.09,0.25,3016.64,904.99,Credit Card,Online
IN101583,2025-02-23,Pune,Maharashtra,Grocery,1,790.71,0.25,593.03,130.47,UPI,Online
IN101584,2025-01-07,Chennai,Tamil Nadu,Electronics,2,3503.59,0.25,5255.38,1261.29,Net Banking,Online
IN101585,2024-10-27,Chennai,Tamil Nadu,Electronics,3,2634.87,0.2,6323.69,1517.69,UPI,Store
IN101586,2024-10-12,Delhi,Delhi,Electronics,1,3035.94,0.05,2884.14,692.19,Debit Card,Online
IN101587,2024-04-25,Ahmedabad,Gujarat,Grocery,5,859.28,0.05,4081.58,897.95,Cash,Store
IN101588,2024-05-28,Ahmedabad,Gujarat,Home & Kitchen,3,1597.16,0.05,4551.91,1365.57,Net Banking,Online
IN101589,2025-02-07,Mumbai,Maharashtra,Home & Kitchen,4,1333.55,0.3,3733.94,1120.18,Credit Card,Online
IN101590,2025-11-12,Ahmedabad,Gujarat,Clothing,3,1330.2,0.05,3791.07,1061.5,Credit Card,Online
IN101591,2024-03-30,Chennai,Tamil Nadu,Home & Kitchen,1,1688.58,0.0,1688.58,506.57,UPI,Online
IN101592,2024-04-28,Delhi,Delhi,Beauty,1,905.13,0.15,769.36,246.2,UPI,Store
IN101593,2025-11-26,Delhi,Delhi,Clothing,5,1489.88,0.05,7076.93,1981.54,Debit Card,Online
IN101594,2024-04-02,Pune,Maharashtra,Clothing,4,1883.11,0.15,6402.57,1792.72,UPI,Online
IN101595,2025-09-20,Jaipur,Rajasthan,Beauty,5,1072.4,0.25,4021.5,1286.88,UPI,Store
IN101596,2025-03-22,Mumbai,Maharashtra,Clothing,4,1012.66,0.1,3645.58,1020.76,UPI,Store
IN101597,2024-11-07,Pune,Maharashtra,Beauty,4,1046.94,0.15,3559.6,1139.07,Debit Card,Online
IN101598,2024-11-13,Jaipur,Rajasthan,Beauty,5,1112.18,0.15,4726.77,1512.57,Credit Card,Online
IN101599,2024-04-30,Ahmedabad,Gujarat,Grocery,3,833.4,0.15,2125.17,467.54,UPI,Online
IN101600,2024-11-12,Pune,Maharashtra,Home & Kitchen,2,1756.09,0.0,3512.18,1053.65,UPI,Online
IN101601,2024-05-17,Bengaluru,Karnataka,Home & Kitchen,4,1626.94,0.1,5856.98,1757.09,Credit Card,Store
IN101602,2025-10-21,Ahmedabad,Gujarat,Grocery,1,809.61,0.0,809.61,178.11,Debit Card,Online
IN101603,2024-10-10,Jaipur,Rajasthan,Clothing,5,1687.63,0.15,7172.43,2008.28,Credit Card,Online
IN101604,2025-10-15,Mumbai,Maharashtra,Electronics,3,3354.97,0.1,9058.42,2174.02,Cash,Online
IN101605,2025-06-03,Jaipur,Rajasthan,Clothing,4,1087.27,0.05,4131.63,1156.86,UPI,Store
IN101606,2025-05-19,Pune,Maharashtra,Grocery,3,730.37,0.1,1972.0,433.84,UPI,Online
IN101607,2025-01-25,Pune,Maharashtra,Electronics,5,2376.59,0.1,10694.66,2566.72,UPI,Online
IN101608,2024-01-05,Hyderabad,Telangana,Electronics,1,2448.76,0.05,2326.32,558.32,Credit Card,Store
IN101609,2025-01-01,Mumbai,Maharashtra,Electronics,4,2928.77,0.05,11129.33,2671.04,Debit Card,Online
IN101610,2025-05-06,Lucknow,Uttar Pradesh,Home & Kitchen,4,1694.28,0.15,5760.55,1728.17,UPI,Store
IN101611,2025-04-10,Ahmedabad,Gujarat,Beauty,3,900.25,0.15,2295.64,734.6,Debit Card,Online
IN101612,2024-08-22,Delhi,Delhi,Beauty,5,828.4,0.1,3727.8,1192.9,Credit Card,Online
IN101613,2024-12-27,Mumbai,Maharashtra,Grocery,2,469.28,0.15,797.78,175.51,Net Banking,Store
IN101614,2025-06-05,Delhi,Delhi,Home & Kitchen,4,1444.18,0.1,5199.05,1559.72,Debit Card,Store
IN101615,2024-08-29,Mumbai,Maharashtra,Home & Kitchen,1,1394.68,0.2,1115.74,334.72,Debit Card,Online
IN101616,2025-03-17,Mumbai,Maharashtra,Grocery,4,637.18,0.05,2421.28,532.68,Credit Card,Store
IN101617,2024-07-06,Jaipur,Rajasthan,Grocery,4,544.62,0.25,1633.86,359.45,Net Banking,Store
IN101618,2025-02-07,Mumbai,Maharashtra,Electronics,2,2850.57,0.1,5131.03,1231.45,Net Banking,Store
IN101619,2025-03-02,Hyderabad,Telangana,Beauty,2,905.87,0.1,1630.57,521.78,Credit Card,Online
IN101620,2025-02-16,Lucknow,Uttar Pradesh,Clothing,5,1194.36,0.15,5076.03,1421.29,Credit Card,Online
IN101621,2025-05-28,Pune,Maharashtra,Clothing,4,1203.8,0.05,4574.44,1280.84,Credit Card,Store
IN101622,2024-06-02,Kolkata,West Bengal,Grocery,4,807.0,0.15,2743.8,603.64,Credit Card,Store
IN101623,2024-07-21,Delhi,Delhi,Clothing,3,1478.76,0.05,4214.47,1180.05,Credit Card,Online
IN101624,2024-08-04,Pune,Maharashtra,Clothing,3,1759.65,0.1,4751.06,1330.3,UPI,Online
IN101625,2025-04-26,Kolkata,West Bengal,Grocery,1,672.39,0.15,571.53,125.74,Net Banking,Online
IN101626,2024-11-10,Lucknow,Uttar Pradesh,Electronics,1,4131.27,0.05,3924.71,941.93,Credit Card,Online
IN101627,2025-09-08,Lucknow,Uttar Pradesh,Home & Kitchen,3,1558.05,0.0,4674.15,1402.24,Cash,Online
IN101628,2024-01-01,Delhi,Delhi,Grocery,1,715.54,0.2,572.43,125.93,Credit Card,Online
IN101629,2025-05-17,Delhi,Delhi,Grocery,4,667.62,0.25,2002.86,440.63,Debit Card,Online
IN101630,2024-10-04,Lucknow,Uttar Pradesh,Grocery,2,843.15,0.15,1433.36,315.34,UPI,Store
IN101631,2024-07-12,Kolkata,West Bengal,Grocery,4,631.81,0.2,2021.79,444.79,Debit Card,Online
IN101632,2024-09-04,Mumbai,Maharashtra,Grocery,3,816.16,0.3,1713.94,377.07,Credit Card,Online
IN101633,2024-03-28,Ahmedabad,Gujarat,Grocery,5,693.25,0.15,2946.31,648.19,UPI,Online
IN101634,2025-03-09,Bengaluru,Karnataka,Home & Kitchen,5,2089.0,0.25,7833.75,2350.13,Cash,Store
IN101635,2025-02-23,Pune,Maharashtra,Home & Kitchen,3,2297.66,0.05,6548.33,1964.5,UPI,Online
IN101636,2024-09-09,Jaipur,Rajasthan,Home & Kitchen,4,2426.38,0.15,8249.69,2474.91,Credit Card,Online
IN101637,2025-03-04,Pune,Maharashtra,Electronics,1,3760.77,0.0,3760.77,902.58,UPI,Store
IN101638,2024-06-12,Jaipur,Rajasthan,Clothing,1,1266.21,0.2,1012.97,283.63,Cash,Store
IN101639,2025-05-09,Kolkata,West Bengal,Beauty,5,804.92,0.2,3219.68,1030.3,UPI,Store
IN101640,2024-06-10,Jaipur,Rajasthan,Clothing,3,1261.28,0.1,3405.46,953.53,Debit Card,Store
IN101641,2025-05-21,Delhi,Delhi,Electronics,3,2443.65,0.15,6231.31,1495.51,UPI,Store
IN101642,2024-09-21,Ahmedabad,Gujarat,Grocery,2,477.65,0.2,764.24,168.13,UPI,Store
IN101643,2024-04-19,Ahmedabad,Gujarat,Electronics,5,3448.15,0.2,13792.6,3310.22,Cash,Online
IN101644,2025-12-19,Delhi,Delhi,Electronics,3,3926.02,0.0,11778.06,2826.73,UPI,Online
IN101645,2024-11-14,Hyderabad,Telangana,Beauty,2,651.14,0.2,1041.82,333.38,Debit Card,Online
IN101646,2024-05-11,Kolkata,West Bengal,Grocery,1,694.4,0.05,659.68,145.13,UPI,Online
IN101647,2024-05-12,Hyderabad,Telangana,Clothing,5,1318.3,0.15,5602.78,1568.78,UPI,Online
IN101648,2025-01-28,Hyderabad,Telangana,Beauty,5,1152.1,0.05,5472.48,1751.19,Credit Card,Online
IN101649,2025-09-11,Pune,Maharashtra,Beauty,3,715.05,0.0,2145.15,686.45,Credit Card,Store
IN101650,2025-11-14,Lucknow,Uttar Pradesh,Clothing,3,1492.72,0.05,4254.25,1191.19,Debit Card,Online
IN101651,2025-07-05,Pune,Maharashtra,Clothing,4,1863.54,0.1,6708.74,1878.45,Debit Card,Online
IN101652,2024-02-04,Lucknow,Uttar Pradesh,Home & Kitchen,1,1663.69,0.15,1414.14,424.24,UPI,Store
IN101653,2025-07-24,Bengaluru,Karnataka,Home & Kitchen,1,2127.88,0.0,2127.88,638.36,UPI,Online
IN101654,2025-12-05,Jaipur,Rajasthan,Grocery,2,827.84,0.2,1324.54,291.4,UPI,Online
IN101655,2025-12-22,Lucknow,Uttar Pradesh,Beauty,2,738.93,0.3,1034.5,331.04,Debit Card,Online
IN101656,2025-01-06,Delhi,Delhi,Grocery,4,874.34,0.2,2797.89,615.54,Cash,Store
IN101657,2024-01-31,Pune,Maharashtra,Clothing,1,1716.54,0.1,1544.89,432.57,UPI,Online
IN101658,2024-06-22,Kolkata,West Bengal,Grocery,2,513.12,0.1,923.62,203.2,UPI,Store
IN101659,2025-01-24,Jaipur,Rajasthan,Clothing,1,1262.91,0.0,1262.91,353.61,UPI,Online
IN101660,2025-12-10,Bengaluru,Karnataka,Home & Kitchen,1,1991.21,0.05,1891.65,567.5,Net Banking,Online
IN101661,2024-04-15,Lucknow,Uttar Pradesh,Grocery,2,828.88,0.2,1326.21,291.77,Cash,Online
IN101662,2024-10-01,Bengaluru,Karnataka,Electronics,3,2645.26,0.0,7935.78,1904.59,UPI,Store
IN101663,2024-04-05,Kolkata,West Bengal,Grocery,3,763.93,0.25,1718.84,378.14,Credit Card,Store
IN101664,2025-11-12,Hyderabad,Telangana,Clothing,2,1226.29,0.0,2452.58,686.72,UPI,Store
IN101665,2024-01-30,Ahmedabad,Gujarat,Clothing,4,1712.93,0.0,6851.72,1918.48,Credit Card,Store
IN101666,2024-06-09,Kolkata,West Bengal,Grocery,5,743.75,0.0,3718.75,818.12,Debit Card,Online
IN101667,2024-11-01,Chennai,Tamil Nadu,Clothing,1,1455.85,0.2,1164.68,326.11,Credit Card,Store
IN101668,2025-09-14,Kolkata,West Bengal,Home & Kitchen,5,2020.34,0.1,9091.53,2727.46,Cash,Online
IN101669,2025-12-24,Bengaluru,Karnataka,Electronics,2,4063.01,0.0,8126.02,1950.24,Credit Card,Store
IN101670,2024-07-14,Delhi,Delhi,Grocery,1,618.26,0.15,525.52,115.61,UPI,Online
IN101671,2025-08-30,Pune,Maharashtra,Home & Kitchen,5,2160.02,0.25,8100.08,2430.02,Debit Card,Online
IN101672,2024-12-03,Delhi,Delhi,Grocery,3,522.14,0.1,1409.78,310.15,Credit Card,Online
IN101673,2024-05-17,Bengaluru,Karnataka,Grocery,4,751.25,0.0,3005.0,661.1,Net Banking,Online
IN101674,2025-03-22,Pune,Maharashtra,Beauty,5,1069.13,0.0,5345.65,1710.61,UPI,Online
IN101675,2024-11-05,Chennai,Tamil Nadu,Clothing,4,1383.13,0.2,4426.02,1239.29,UPI,Store
IN101676,2024-06-27,Ahmedabad,Gujarat,Electronics,3,3890.73,0.15,9921.36,2381.13,Debit Card,Online
IN101677,2024-12-02,Jaipur,Rajasthan,Clothing,5,1486.96,0.25,5576.1,1561.31,Credit Card,Online
IN101678,2024-08-21,Bengaluru,Karnataka,Electronics,2,4187.45,0.1,7537.41,1808.98,UPI,Store
IN101679,2024-09-05,Lucknow,Uttar Pradesh,Beauty,1,695.79,0.0,695.79,222.65,Net Banking,Online
IN101680,2024-05-11,Bengaluru,Karnataka,Electronics,3,2512.11,0.1,6782.7,1627.85,UPI,Store
IN101681,2024-09-05,Bengaluru,Karnataka,Home & Kitchen,4,2245.64,0.15,7635.18,2290.55,UPI,Online
IN101682,2025-03-30,Pune,Maharashtra,Home & Kitchen,4,2245.56,0.1,8084.02,2425.21,Cash,Store
IN101683,2025-05-13,Mumbai,Maharashtra,Electronics,3,3220.15,0.3,6762.32,1622.96,UPI,Store
IN101684,2024-03-03,Kolkata,West Bengal,Grocery,2,862.27,0.1,1552.09,341.46,UPI,Online
IN101685,2025-01-26,Mumbai,Maharashtra,Electronics,2,3653.13,0.1,6575.63,1578.15,Credit Card,Online
IN101686,2024-09-13,Chennai,Tamil Nadu,Grocery,4,870.26,0.05,3306.99,727.54,UPI,Online
IN101687,2024-09-04,Lucknow,Uttar Pradesh,Electronics,3,3347.38,0.0,10042.14,2410.11,Net Banking,Store
IN101688,2024-09-20,Ahmedabad,Gujarat,Beauty,3,747.94,0.15,1907.25,610.32,Credit Card,Online
IN101689,2025-04-11,Hyderabad,Telangana,Beauty,1,889.97,0.1,800.97,256.31,Credit Card,Online
IN101690,2024-12-26,Chennai,Tamil Nadu,Clothing,4,1872.24,0.0,7488.96,2096.91,UPI,Online
IN101691,2025-01-27,Hyderabad,Telangana,Electronics,2,3010.46,0.05,5719.87,1372.77,UPI,Store
IN101692,2024-06-27,Hyderabad,Telangana,Home & Kitchen,5,2379.71,0.15,10113.77,3034.13,Debit Card,Online
IN101693,2025-05-20,Ahmedabad,Gujarat,Clothing,2,1705.29,0.2,2728.46,763.97,Credit Card,Store
IN101694,2025-05-13,Delhi,Delhi,Beauty,2,888.63,0.05,1688.4,540.29,Cash,Online
IN101695,2025-11-07,Mumbai,Maharashtra,Grocery,5,683.94,0.15,2906.75,639.48,UPI,Online
IN101696,2025-08-25,Bengaluru,Karnataka,Clothing,4,1532.77,0.05,5824.53,1630.87,Debit Card,Online
IN101697,2025-12-04,Jaipur,Rajasthan,Home & Kitchen,1,2038.95,0.15,1733.11,519.93,UPI,Store
IN101698,2024-10-18,Hyderabad,Telangana,Grocery,2,487.41,0.15,828.6,182.29,Credit Card,Store
IN101699,2025-08-10,Lucknow,Uttar Pradesh,Beauty,2,1176.15,0.0,2352.3,752.74,Debit Card,Online
IN101700,2024-04-08,Chennai,Tamil Nadu,Beauty,4,979.24,0.15,3329.42,1065.41,UPI,Online
IN101701,2025-08-29,Delhi,Delhi,Electronics,4,4176.79,0.05,15871.8,3809.23,Credit Card,Store
IN101702,2024-06-29,Hyderabad,Telangana,Electronics,3,3554.35,0.0,10663.05,2559.13,UPI,Online
IN101703,2025-02-06,Delhi,Delhi,Beauty,4,882.14,0.1,3175.7,1016.22,Credit Card,Online
IN101704,2025-10-27,Delhi,Delhi,Beauty,4,961.65,0.1,3461.94,1107.82,Debit Card,Online
IN101705,2025-01-08,Hyderabad,Telangana,Electronics,2,3965.37,0.15,6741.13,1617.87,UPI,Online
IN101706,2025-09-15,Pune,Maharashtra,Home & Kitchen,1,1641.57,0.0,1641.57,492.47,Net Banking,Online
IN101707,2025-11-13,Kolkata,West Bengal,Clothing,2,1850.38,0.2,2960.61,828.97,Credit Card,Online
IN101708,2024-09-09,Lucknow,Uttar Pradesh,Clothing,4,1404.02,0.0,5616.08,1572.5,Net Banking,Online
IN101709,2024-05-01,Bengaluru,Karnataka,Home & Kitchen,3,2378.8,0.05,6779.58,2033.87,UPI,Store
IN101710,2025-03-17,Bengaluru,Karnataka,Electronics,1,4071.97,0.1,3664.77,879.54,Net Banking,Online
IN101711,2025-12-17,Lucknow,Uttar Pradesh,Beauty,3,1079.08,0.1,2913.52,932.33,UPI,Store
IN101712,2024-09-01,Pune,Maharashtra,Electronics,5,3212.27,0.3,11242.94,2698.31,Credit Card,Online
IN101713,2025-09-30,Bengaluru,Karnataka,Grocery,3,702.98,0.1,1898.05,417.57,Net Banking,Store
IN101714,2025-05-05,Delhi,Delhi,Clothing,3,1742.61,0.05,4966.44,1390.6,UPI,Online
IN101715,2024-02-15,Ahmedabad,Gujarat,Grocery,4,684.86,0.25,2054.58,452.01,UPI,Store
IN101716,2025-03-27,Chennai,Tamil Nadu,Grocery,4,766.89,0.05,2914.18,641.12,Cash,Online
IN101717,2024-10-22,Mumbai,Maharashtra,Electronics,4,3884.57,0.05,14761.37,3542.73,Credit Card,Store
IN101718,2024-05-20,Bengaluru,Karnataka,Grocery,4,671.78,0.1,2418.41,532.05,Credit Card,Online
IN101719,2025-09-24,Lucknow,Uttar Pradesh,Clothing,4,1467.99,0.25,4403.97,1233.11,UPI,Online
IN101720,2025-06-04,Ahmedabad,Gujarat,Electronics,3,2651.5,0.15,6761.32,1622.72,Debit Card,Store
IN101721,2024-03-06,Hyderabad,Telangana,Home & Kitchen,5,1546.34,0.15,6571.94,1971.58,UPI,Online
IN101722,2025-04-27,Kolkata,West Bengal,Clothing,4,1803.5,0.15,6131.9,1716.93,Net Banking,Online
IN101723,2024-11-04,Lucknow,Uttar Pradesh,Grocery,5,810.04,0.15,3442.67,757.39,Debit Card,Store
IN101724,2025-04-04,Delhi,Delhi,Grocery,5,459.28,0.15,1951.94,429.43,Debit Card,Online
IN101725,2025-08-15,Kolkata,West Bengal,Grocery,2,822.32,0.0,1644.64,361.82,UPI,Online
IN101726,2025-02-01,Chennai,Tamil Nadu,Electronics,2,2292.49,0.0,4584.98,1100.4,Cash,Store
IN101727,2025-04-13,Chennai,Tamil Nadu,Clothing,1,1397.04,0.05,1327.19,371.61,Credit Card,Online
IN101728,2025-09-08,Pune,Maharashtra,Clothing,2,1041.36,0.2,1666.18,466.53,Cash,Store
IN101729,2025-01-26,Jaipur,Rajasthan,Home & Kitchen,4,2393.52,0.15,8137.97,2441.39,UPI,Online
IN101730,2024-04-06,Pune,Maharashtra,Home & Kitchen,5,2397.61,0.1,10789.24,3236.77,Debit Card,Store
IN101731,2024-07-08,Ahmedabad,Gujarat,Grocery,1,713.09,0.0,713.09,156.88,Credit Card,Online
IN101732,2024-07-13,Kolkata,West Bengal,Electronics,2,3055.79,0.05,5806.0,1393.44,UPI,Store
IN101733,2024-11-29,Jaipur,Rajasthan,Clothing,3,1445.91,0.2,3470.18,971.65,UPI,Online
IN101734,2024-03-23,Hyderabad,Telangana,Electronics,1,3825.58,0.05,3634.3,872.23,UPI,Online
IN101735,2024-09-07,Delhi,Delhi,Electronics,4,2704.24,0.15,9194.42,2206.66,UPI,Store
IN101736,2024-03-10,Kolkata,West Bengal,Clothing,5,1381.97,0.0,6909.85,1934.76,UPI,Online
IN101737,2024-10-18,Pune,Maharashtra,Clothing,4,1650.91,0.15,5613.09,1571.67,Credit Card,Store
IN101738,2024-12-05,Mumbai,Maharashtra,Electronics,4,3062.42,0.15,10412.23,2498.94,Debit Card,Store
IN101739,2025-01-19,Jaipur,Rajasthan,Electronics,3,2306.55,0.15,5881.7,1411.61,Credit Card,Online
IN101740,2025-11-30,Jaipur,Rajasthan,Electronics,3,3295.38,0.1,8897.53,2135.41,UPI,Store
IN101741,2025-04-02,Delhi,Delhi,Electronics,5,3773.82,0.15,16038.74,3849.3,Debit Card,Online
IN101742,2024-05-20,Bengaluru,Karnataka,Electronics,2,4271.78,0.1,7689.2,1845.41,Net Banking,Online
IN101743,2024-05-19,Chennai,Tamil Nadu,Clothing,4,1013.71,0.25,3041.13,851.52,UPI,Online
IN101744,2024-03-15,Chennai,Tamil Nadu,Grocery,2,683.12,0.1,1229.62,270.52,UPI,Store
IN101745,2024-04-09,Mumbai,Maharashtra,Electronics,5,3175.87,0.05,15085.38,3620.49,Credit Card,Online
IN101746,2025-10-18,Ahmedabad,Gujarat,Clothing,4,1200.63,0.15,4082.14,1143.0,Debit Card,Store
IN101747,2024-06-23,Ahmedabad,Gujarat,Clothing,2,1560.36,0.1,2808.65,786.42,Debit Card,Online
IN101748,2024-11-18,Hyderabad,Telangana,Electronics,4,2580.33,0.2,8257.06,1981.69,Debit Card,Store
IN101749,2025-04-21,Kolkata,West Bengal,Electronics,3,2830.44,0.0,8491.32,2037.92,UPI,Online
IN101750,2024-01-10,Lucknow,Uttar Pradesh,Clothing,3,1691.4,0.05,4820.49,1349.74,Cash,Store
IN101751,2024-02-15,Bengaluru,Karnataka,Grocery,1,649.52,0.25,487.14,107.17,Credit Card,Online
IN101752,2025-09-20,Pune,Maharashtra,Clothing,5,1884.24,0.25,7065.9,1978.45,UPI,Online
IN101753,2025-05-30,Lucknow,Uttar Pradesh,Electronics,2,3043.84,0.1,5478.91,1314.94,UPI,Online
IN101754,2024-11-08,Lucknow,Uttar Pradesh,Beauty,4,901.01,0.0,3604.04,1153.29,UPI,Store
IN101755,2024-08-25,Jaipur,Rajasthan,Clothing,1,1253.23,0.05,1190.57,333.36,Debit Card,Online
IN101756,2024-01-31,Mumbai,Maharashtra,Clothing,5,1195.03,0.05,5676.39,1589.39,Debit Card,Store
IN101757,2025-05-24,Chennai,Tamil Nadu,Home & Kitchen,5,2339.07,0.1,10525.82,3157.75,Net Banking,Online
IN101758,2024-05-09,Hyderabad,Telangana,Home & Kitchen,5,2136.13,0.05,10146.62,3043.99,UPI,Store
IN101759,2025-01-19,Ahmedabad,Gujarat,Clothing,2,1283.4,0.2,2053.44,574.96,Net Banking,Online
IN101760,2025-08-15,Mumbai,Maharashtra,Grocery,3,750.82,0.0,2252.46,495.54,Debit Card,Online
IN101761,2024-01-25,Jaipur,Rajasthan,Electronics,1,4248.83,0.15,3611.51,866.76,Credit Card,Online
IN101762,2024-09-17,Pune,Maharashtra,Electronics,2,2394.02,0.15,4069.83,976.76,Cash,Online
IN101763,2025-07-13,Hyderabad,Telangana,Grocery,4,566.75,0.15,1926.95,423.93,Debit Card,Online
IN101764,2025-02-01,Jaipur,Rajasthan,Electronics,2,2657.2,0.1,4782.96,1147.91,UPI,Store
IN101765,2025-07-17,Chennai,Tamil Nadu,Clothing,4,1771.5,0.15,6023.1,1686.47,Cash,Store
IN101766,2024-11-25,Chennai,Tamil Nadu,Beauty,4,734.83,0.2,2351.46,752.47,Debit Card,Store
IN101767,2024-05-28,Chennai,Tamil Nadu,Beauty,5,810.22,0.2,3240.88,1037.08,Debit Card,Online
IN101768,2025-02-12,Mumbai,Maharashtra,Clothing,2,1474.91,0.0,2949.82,825.95,Cash,Online
IN101769,2025-09-02,Mumbai,Maharashtra,Grocery,3,717.41,0.0,2152.23,473.49,Credit Card,Store
IN101770,2025-08-01,Ahmedabad,Gujarat,Grocery,4,796.46,0.2,2548.67,560.71,Debit Card,Online
IN101771,2025-12-22,Ahmedabad,Gujarat,Home & Kitchen,5,1736.57,0.1,7814.56,2344.37,Debit Card,Store
IN101772,2024-04-28,Pune,Maharashtra,Clothing,3,1466.16,0.25,3298.86,923.68,Credit Card,Online
IN101773,2025-03-09,Hyderabad,Telangana,Electronics,2,4248.16,0.1,7646.69,1835.21,UPI,Store
IN101774,2024-08-15,Delhi,Delhi,Electronics,3,2858.51,0.0,8575.53,2058.13,Debit Card,Online
IN101775,2025-09-06,Delhi,Delhi,Clothing,2,1205.77,0.1,2170.39,607.71,UPI,Store
IN101776,2024-08-27,Jaipur,Rajasthan,Clothing,4,1626.65,0.1,5855.94,1639.66,Debit Card,Online
IN101777,2024-08-19,Chennai,Tamil Nadu,Home & Kitchen,1,2162.23,0.1,1946.01,583.8,Net Banking,Store
IN101778,2024-10-16,Hyderabad,Telangana,Grocery,1,630.24,0.2,504.19,110.92,UPI,Online
IN101779,2024-06-02,Lucknow,Uttar Pradesh,Clothing,4,1173.81,0.15,3990.95,1117.47,UPI,Store
IN101780,2025-11-12,Mumbai,Maharashtra,Clothing,3,1688.82,0.0,5066.46,1418.61,UPI,Store
IN101781,2024-06-07,Kolkata,West Bengal,Electronics,2,3634.63,0.15,6178.87,1482.93,Credit Card,Online
IN101782,2025-09-16,Bengaluru,Karnataka,Beauty,1,1142.59,0.1,1028.33,329.07,Net Banking,Online
IN101783,2025-07-16,Pune,Maharashtra,Beauty,2,1123.93,0.1,2023.07,647.38,Credit Card,Online
IN101784,2025-04-20,Chennai,Tamil Nadu,Beauty,4,750.04,0.15,2550.14,816.04,UPI,Online
IN101785,2025-07-01,Chennai,Tamil Nadu,Home & Kitchen,3,2233.84,0.1,6031.37,1809.41,Debit Card,Online
IN101786,2024-01-13,Chennai,Tamil Nadu,Electronics,2,2604.36,0.1,4687.85,1125.08,Debit Card,Online
IN101787,2025-05-21,Mumbai,Maharashtra,Electronics,3,4036.5,0.15,10293.07,2470.34,UPI,Online
IN101788,2024-08-05,Mumbai,Maharashtra,Grocery,1,780.46,0.15,663.39,145.95,Debit Card,Store
IN101789,2025-12-20,Bengaluru,Karnataka,Beauty,2,963.37,0.05,1830.4,585.73,UPI,Store
IN101790,2024-08-09,Lucknow,Uttar Pradesh,Electronics,5,3575.82,0.1,16091.19,3861.89,Cash,Online
IN101791,2024-10-14,Hyderabad,Telangana,Electronics,1,2456.48,0.1,2210.83,530.6,UPI,Store
IN101792,2025-06-07,Chennai,Tamil Nadu,Home & Kitchen,3,1306.67,0.0,3920.01,1176.0,UPI,Store
IN101793,2025-05-01,Delhi,Delhi,Electronics,4,2927.75,0.2,9368.8,2248.51,Cash,Online
IN101794,2025-11-29,Ahmedabad,Gujarat,Clothing,5,1727.48,0.05,8205.53,2297.55,Credit Card,Online
IN101795,2025-11-11,Delhi,Delhi,Grocery,2,651.79,0.0,1303.58,286.79,UPI,Online
IN101796,2024-11-19,Jaipur,Rajasthan,Clothing,1,1183.29,0.1,1064.96,298.19,Net Banking,Store
IN101797,2025-09-09,Delhi,Delhi,Electronics,2,3975.86,0.0,7951.72,1908.41,Debit Card,Store
IN101798,2024-06-24,Jaipur,Rajasthan,Home & Kitchen,2,1527.49,0.15,2596.73,779.02,UPI,Online
IN101799,2024-02-10,Kolkata,West Bengal,Grocery,5,799.55,0.1,3597.98,791.56,Debit Card,Store
IN101800,2024-11-20,Ahmedabad,Gujarat,Beauty,5,894.99,0.05,4251.2,1360.38,Cash,Online
IN101801,2024-09-23,Delhi,Delhi,Clothing,5,1401.78,0.25,5256.67,1471.87,Debit Card,Online
IN101802,2025-01-27,Kolkata,West Bengal,Electronics,5,2807.26,0.05,13334.48,3200.28,UPI,Store
IN101803,2024-04-22,Pune,Maharashtra,Home & Kitchen,4,2313.2,0.1,8327.52,2498.26,Debit Card,Store
IN101804,2024-10-10,Hyderabad,Telangana,Grocery,3,492.51,0.2,1182.02,260.04,Debit Card,Online
IN101805,2024-07-21,Kolkata,West Bengal,Electronics,5,2540.37,0.1,11431.66,2743.6,Cash,Online
IN101806,2024-05-23,Hyderabad,Telangana,Home & Kitchen,1,2003.99,0.25,1502.99,450.9,UPI,Store
IN101807,2024-08-30,Delhi,Delhi,Electronics,2,4008.24,0.2,6413.18,1539.16,Debit Card,Store
IN101808,2024-02-04,Lucknow,Uttar Pradesh,Clothing,5,1066.86,0.25,4000.72,1120.2,UPI,Store
IN101809,2024-02-22,Kolkata,West Bengal,Electronics,1,3766.2,0.05,3577.89,858.69,Debit Card,Online
IN101810,2025-05-17,Ahmedabad,Gujarat,Clothing,4,1655.69,0.1,5960.48,1668.93,Net Banking,Online
IN101811,2024-12-21,Delhi,Delhi,Clothing,1,1509.19,0.2,1207.35,338.06,UPI,Online
IN101812,2024-05-29,Chennai,Tamil Nadu,Grocery,1,660.64,0.25,495.48,109.01,UPI,Online
IN101813,2025-03-12,Mumbai,Maharashtra,Grocery,4,590.66,0.25,1771.98,389.84,Credit Card,Store
IN101814,2025-03-25,Kolkata,West Bengal,Beauty,4,835.61,0.2,2673.95,855.66,Debit Card,Online
IN101815,2025-06-08,Ahmedabad,Gujarat,Electronics,2,3642.82,0.15,6192.79,1486.27,UPI,Online
IN101816,2024-09-23,Pune,Maharashtra,Electronics,5,2375.8,0.0,11879.0,2850.96,Debit Card,Online
IN101817,2025-08-31,Chennai,Tamil Nadu,Electronics,1,3456.66,0.05,3283.83,788.12,Cash,Online
IN101818,2024-03-26,Pune,Maharashtra,Electronics,3,2819.76,0.0,8459.28,2030.23,Debit Card,Store
IN101819,2024-11-04,Delhi,Delhi,Grocery,3,652.14,0.0,1956.42,430.41,Debit Card,Store
IN101820,2024-09-21,Mumbai,Maharashtra,Home & Kitchen,2,1914.01,0.05,3636.62,1090.99,UPI,Online
IN101821,2025-05-06,Kolkata,West Bengal,Home & Kitchen,3,2296.22,0.0,6888.66,2066.6,Net Banking,Store
IN101822,2025-08-05,Kolkata,West Bengal,Clothing,2,1506.96,0.05,2863.22,801.7,UPI,Store
IN101823,2024-01-17,Lucknow,Uttar Pradesh,Clothing,5,1186.72,0.25,4450.2,1246.06,UPI,Store
IN101824,2024-07-07,Lucknow,Uttar Pradesh,Grocery,2,488.57,0.05,928.28,204.22,UPI,Online
IN101825,2025-06-05,Delhi,Delhi,Electronics,4,3544.14,0.0,14176.56,3402.37,Debit Card,Online
IN101826,2024-06-14,Delhi,Delhi,Grocery,4,685.28,0.15,2329.95,512.59,Cash,Online
IN101827,2025-07-04,Mumbai,Maharashtra,Beauty,4,1023.0,0.2,3273.6,1047.55,UPI,Store
IN101828,2024-12-10,Lucknow,Uttar Pradesh,Clothing,4,1398.05,0.05,5312.59,1487.53,Cash,Store
IN101829,2024-08-06,Ahmedabad,Gujarat,Home & Kitchen,4,2225.4,0.05,8456.52,2536.96,Cash,Online
IN101830,2024-04-03,Ahmedabad,Gujarat,Grocery,4,843.78,0.05,3206.36,705.4,Credit Card,Online
IN101831,2024-06-06,Mumbai,Maharashtra,Electronics,4,2323.21,0.1,8363.56,2007.25,Debit Card,Online
IN101832,2024-02-03,Ahmedabad,Gujarat,Grocery,4,769.38,0.0,3077.52,677.05,UPI,Online
IN101833,2025-02-19,Jaipur,Rajasthan,Clothing,4,1012.0,0.15,3440.8,963.42,UPI,Store
IN101834,2025-05-20,Hyderabad,Telangana,Electronics,5,3165.8,0.2,12663.2,3039.17,Cash,Online
IN101835,2025-05-04,Mumbai,Maharashtra,Grocery,4,650.03,0.15,2210.1,486.22,Credit Card,Online
IN101836,2025-06-07,Mumbai,Maharashtra,Home & Kitchen,2,2074.58,0.1,3734.24,1120.27,UPI,Store
IN101837,2024-08-20,Bengaluru,Karnataka,Clothing,5,1300.69,0.05,6178.28,1729.92,Debit Card,Online
IN101838,2025-08-21,Chennai,Tamil Nadu,Clothing,3,1727.02,0.1,4662.95,1305.63,Cash,Store
IN101839,2025-08-27,Chennai,Tamil Nadu,Beauty,1,830.58,0.1,747.52,239.21,Debit Card,Online
IN101840,2024-04-16,Jaipur,Rajasthan,Home & Kitchen,5,1660.75,0.15,7058.19,2117.46,UPI,Online
IN101841,2024-07-11,Lucknow,Uttar Pradesh,Home & Kitchen,4,1520.63,0.25,4561.89,1368.57,Credit Card,Online
IN101842,2025-04-12,Delhi,Delhi,Clothing,5,1602.32,0.0,8011.6,2243.25,Debit Card,Store
IN101843,2025-06-05,Delhi,Delhi,Beauty,1,674.8,0.25,506.1,161.95,UPI,Online
IN101844,2025-09-28,Pune,Maharashtra,Electronics,1,2995.15,0.25,2246.36,539.13,UPI,Online
IN101845,2024-10-05,Jaipur,Rajasthan,Grocery,4,567.76,0.0,2271.04,499.63,Credit Card,Store
IN101846,2024-05-07,Mumbai,Maharashtra,Electronics,4,2717.02,0.0,10868.08,2608.34,Debit Card,Online
IN101847,2024-12-06,Jaipur,Rajasthan,Grocery,2,480.77,0.05,913.46,200.96,UPI,Online
IN101848,2025-11-27,Jaipur,Rajasthan,Clothing,1,1153.25,0.1,1037.92,290.62,UPI,Online
IN101849,2024-02-28,Jaipur,Rajasthan,Clothing,4,1386.08,0.0,5544.32,1552.41,UPI,Online
IN101850,2024-06-30,Chennai,Tamil Nadu,Clothing,1,1438.4,0.05,1366.48,382.61,UPI,Store
IN101851,2025-08-08,Jaipur,Rajasthan,Electronics,2,2800.57,0.25,4200.86,1008.21,UPI,Store
IN101852,2025-05-28,Hyderabad,Telangana,Grocery,3,729.73,0.0,2189.19,481.62,Credit Card,Store
IN101853,2024-08-30,Delhi,Delhi,Beauty,1,826.44,0.1,743.8,238.02,Credit Card,Store
IN101854,2024-08-15,Pune,Maharashtra,Beauty,2,844.84,0.15,1436.23,459.59,Credit Card,Online
IN101855,2025-07-13,Hyderabad,Telangana,Electronics,2,3867.86,0.2,6188.58,1485.26,UPI,Store
IN101856,2025-06-01,Pune,Maharashtra,Home & Kitchen,2,1905.8,0.05,3621.02,1086.31,UPI,Online
IN101857,2025-07-08,Bengaluru,Karnataka,Grocery,5,857.72,0.0,4288.6,943.49,UPI,Online
IN101858,2024-05-24,Pune,Maharashtra,Clothing,4,1306.96,0.15,4443.66,1244.22,UPI,Online
IN101859,2024-05-06,Delhi,Delhi,Electronics,1,3961.91,0.15,3367.62,808.23,UPI,Online
IN101860,2024-11-30,Delhi,Delhi,Grocery,5,766.95,0.3,2684.32,590.55,UPI,Store
IN101861,2025-02-11,Jaipur,Rajasthan,Beauty,1,1150.76,0.0,1150.76,368.24,Net Banking,Online
IN101862,2024-04-30,Kolkata,West Bengal,Grocery,5,859.24,0.15,3651.77,803.39,UPI,Online
IN101863,2025-12-01,Bengaluru,Karnataka,Clothing,4,986.99,0.1,3553.16,994.88,Net Banking,Online
IN101864,2024-10-11,Mumbai,Maharashtra,Grocery,2,492.31,0.25,738.46,162.46,UPI,Online
IN101865,2024-08-29,Ahmedabad,Gujarat,Electronics,1,3642.62,0.1,3278.36,786.81,Credit Card,Online
IN101866,2024-03-18,Pune,Maharashtra,Home & Kitchen,2,1716.53,0.1,3089.75,926.93,Cash,Store
IN101867,2025-07-23,Kolkata,West Bengal,Home & Kitchen,4,2218.38,0.0,8873.52,2662.06,UPI,Online
IN101868,2025-03-25,Jaipur,Rajasthan,Electronics,1,2264.92,0.05,2151.67,516.4,UPI,Store
IN101869,2025-04-14,Chennai,Tamil Nadu,Home & Kitchen,3,2204.16,0.1,5951.23,1785.37,Net Banking,Online
IN101870,2024-06-29,Mumbai,Maharashtra,Clothing,3,1103.07,0.0,3309.21,926.58,Credit Card,Online
IN101871,2025-08-04,Lucknow,Uttar Pradesh,Beauty,3,799.8,0.1,2159.46,691.03,UPI,Store
IN101872,2024-09-21,Kolkata,West Bengal,Clothing,4,1861.86,0.05,7075.07,1981.02,UPI,Store
IN101873,2025-12-16,Chennai,Tamil Nadu,Electronics,3,2347.32,0.2,5633.57,1352.06,Net Banking,Online
IN101874,2025-11-12,Bengaluru,Karnataka,Clothing,1,1297.63,0.0,1297.63,363.34,Cash,Store
IN101875,2024-10-21,Jaipur,Rajasthan,Clothing,3,1056.92,0.15,2695.15,754.64,Credit Card,Store
IN101876,2024-09-03,Mumbai,Maharashtra,Electronics,1,4015.5,0.15,3413.18,819.16,UPI,Store
IN101877,2025-02-27,Mumbai,Maharashtra,Grocery,4,752.02,0.05,2857.68,628.69,Cash,Store
IN101878,2024-02-28,Mumbai,Maharashtra,Grocery,2,793.14,0.0,1586.28,348.98,UPI,Store
IN101879,2025-04-02,Bengaluru,Karnataka,Home & Kitchen,5,1876.92,0.2,7507.68,2252.3,UPI,Online
IN101880,2024-01-11,Pune,Maharashtra,Electronics,3,2984.06,0.05,8504.57,2041.1,Debit Card,Store
IN101881,2024-12-12,Lucknow,Uttar Pradesh,Grocery,5,455.96,0.0,2279.8,501.56,UPI,Online
IN101882,2024-01-05,Bengaluru,Karnataka,Electronics,2,2818.09,0.05,5354.37,1285.05,Debit Card,Store
IN101883,2025-12-17,Ahmedabad,Gujarat,Grocery,4,672.4,0.1,2420.64,532.54,Cash,Online
IN101884,2025-01-04,Lucknow,Uttar Pradesh,Electronics,4,3621.87,0.05,13763.11,3303.15,Cash,Online
IN101885,2025-04-02,Delhi,Delhi,Beauty,2,763.93,0.3,1069.5,342.24,UPI,Online
IN101886,2024-09-01,Jaipur,Rajasthan,Grocery,5,513.69,0.2,2054.76,452.05,UPI,Online
IN101887,2024-09-05,Bengaluru,Karnataka,Grocery,3,540.18,0.2,1296.43,285.21,UPI,Online
IN101888,2025-03-10,Chennai,Tamil Nadu,Clothing,1,1302.21,0.1,1171.99,328.16,UPI,Store
IN101889,2025-02-23,Lucknow,Uttar Pradesh,Electronics,4,2548.63,0.25,7645.89,1835.01,Credit Card,Store
IN101890,2024-04-14,Ahmedabad,Gujarat,Clothing,2,1122.7,0.15,1908.59,534.41,UPI,Store
IN101891,2024-08-29,Delhi,Delhi,Home & Kitchen,5,1311.19,0.2,5244.76,1573.43,UPI,Online
IN101892,2024-09-28,Pune,Maharashtra,Beauty,3,1131.18,0.1,3054.19,977.34,UPI,Store
IN101893,2025-06-02,Chennai,Tamil Nadu,Electronics,5,2697.1,0.0,13485.5,3236.52,UPI,Online
IN101894,2025-12-29,Lucknow,Uttar Pradesh,Grocery,3,802.25,0.2,1925.4,423.59,Credit Card,Online
IN101895,2024-02-13,Jaipur,Rajasthan,Home & Kitchen,1,1772.82,0.1,1595.54,478.66,Credit Card,Store
IN101896,2024-01-26,Chennai,Tamil Nadu,Grocery,1,722.2,0.25,541.65,119.16,Credit Card,Store
IN101897,2024-06-29,Delhi,Delhi,Electronics,2,2397.46,0.05,4555.17,1093.24,Debit Card,Online
IN101898,2025-08-26,Chennai,Tamil Nadu,Electronics,2,3453.85,0.3,4835.39,1160.49,Debit Card,Online
IN101899,2025-03-03,Hyderabad,Telangana,Clothing,3,1243.9,0.05,3545.12,992.63,Credit Card,Online
IN101900,2024-09-24,Kolkata,West Bengal,Home & Kitchen,3,1371.4,0.05,3908.49,1172.55,UPI,Online
IN101901,2025-08-02,Pune,Maharashtra,Clothing,3,1806.49,0.1,4877.52,1365.71,Credit Card,Online
IN101902,2024-05-30,Delhi,Delhi,Grocery,3,710.03,0.15,1810.58,398.33,UPI,Store
IN101903,2025-09-07,Chennai,Tamil Nadu,Beauty,1,771.4,0.15,655.69,209.82,UPI,Store
IN101904,2025-08-22,Kolkata,West Bengal,Grocery,2,632.3,0.1,1138.14,250.39,Net Banking,Store
IN101905,2024-04-04,Kolkata,West Bengal,Beauty,2,838.79,0.0,1677.58,536.83,UPI,Online
IN101906,2025-01-16,Chennai,Tamil Nadu,Clothing,4,1617.53,0.1,5823.11,1630.47,Debit Card,Store
IN101907,2025-05-29,Jaipur,Rajasthan,Electronics,2,3503.46,0.05,6656.57,1597.58,Credit Card,Online
IN101908,2025-12-20,Hyderabad,Telangana,Beauty,2,641.57,0.15,1090.67,349.01,UPI,Online
IN101909,2025-09-05,Bengaluru,Karnataka,Clothing,5,1160.02,0.0,5800.1,1624.03,UPI,Online
IN101910,2025-11-19,Hyderabad,Telangana,Electronics,5,3234.51,0.1,14555.3,3493.27,Debit Card,Store
IN101911,2025-03-03,Chennai,Tamil Nadu,Clothing,4,1385.39,0.25,4156.17,1163.73,UPI,Store
IN101912,2025-02-28,Pune,Maharashtra,Electronics,3,3314.68,0.0,9944.04,2386.57,UPI,Online
IN101913,2024-07-17,Bengaluru,Karnataka,Clothing,4,1630.48,0.15,5543.63,1552.22,Net Banking,Online
IN101914,2024-01-08,Delhi,Delhi,Home & Kitchen,4,2057.95,0.0,8231.8,2469.54,Credit Card,Online
IN101915,2024-11-22,Hyderabad,Telangana,Beauty,1,848.1,0.0,848.1,271.39,UPI,Store
IN101916,2025-11-20,Chennai,Tamil Nadu,Beauty,2,1143.39,0.15,1943.76,622.0,UPI,Online
IN101917,2025-08-16,Hyderabad,Telangana,Electronics,1,2370.9,0.1,2133.81,512.11,Credit Card,Online
IN101918,2025-09-15,Bengaluru,Karnataka,Clothing,2,1511.9,0.1,2721.42,762.0,UPI,Store
IN101919,2024-01-21,Ahmedabad,Gujarat,Electronics,4,4215.35,0.2,13489.12,3237.39,UPI,Online
IN101920,2025-06-29,Lucknow,Uttar Pradesh,Home & Kitchen,2,1902.43,0.2,3043.89,913.17,Credit Card,Online
IN101921,2024-09-11,Hyderabad,Telangana,Clothing,3,1394.15,0.2,3345.96,936.87,UPI,Online
IN101922,2025-03-08,Delhi,Delhi,Grocery,3,511.58,0.15,1304.53,287.0,Debit Card,Store
IN101923,2025-05-19,Delhi,Delhi,Home & Kitchen,4,2207.92,0.1,7948.51,2384.55,Debit Card,Online
IN101924,2024-01-27,Mumbai,Maharashtra,Clothing,5,1320.15,0.1,5940.68,1663.39,UPI,Store
IN101925,2025-06-03,Hyderabad,Telangana,Clothing,3,1618.13,0.15,4126.23,1155.34,UPI,Store
IN101926,2025-06-13,Lucknow,Uttar Pradesh,Beauty,4,745.56,0.1,2684.02,858.89,UPI,Online
IN101927,2025-05-14,Jaipur,Rajasthan,Beauty,1,654.49,0.0,654.49,209.44,Credit Card,Online
IN101928,2024-08-20,Kolkata,West Bengal,Clothing,5,1257.98,0.0,6289.9,1761.17,UPI,Online
IN101929,2025-01-30,Lucknow,Uttar Pradesh,Grocery,3,573.9,0.05,1635.61,359.83,UPI,Online
IN101930,2024-11-02,Kolkata,West Bengal,Beauty,4,1140.98,0.0,4563.92,1460.45,Net Banking,Store
IN101931,2025-05-24,Kolkata,West Bengal,Electronics,4,4038.52,0.05,15346.38,3683.13,UPI,Store
IN101932,2025-12-03,Ahmedabad,Gujarat,Clothing,1,1465.84,0.15,1245.96,348.87,Net Banking,Online
IN101933,2025-02-27,Mumbai,Maharashtra,Electronics,1,2279.52,0.0,2279.52,547.08,UPI,Online
IN101934,2024-05-29,Lucknow,Uttar Pradesh,Grocery,5,551.47,0.15,2343.75,515.62,UPI,Online
IN101935,2025-01-26,Lucknow,Uttar Pradesh,Electronics,3,3569.15,0.15,9101.33,2184.32,Credit Card,Online
IN101936,2025-05-04,Ahmedabad,Gujarat,Clothing,4,1072.28,0.0,4289.12,1200.95,UPI,Store
IN101937,2025-10-29,Hyderabad,Telangana,Clothing,5,1617.57,0.0,8087.85,2264.6,UPI,Online
IN101938,2024-02-16,Hyderabad,Telangana,Grocery,5,460.05,0.0,2300.25,506.05,UPI,Store
IN101939,2024-11-07,Hyderabad,Telangana,Beauty,1,1029.28,0.1,926.35,296.43,Net Banking,Online
IN101940,2024-05-18,Pune,Maharashtra,Home & Kitchen,4,2248.11,0.15,7643.57,2293.07,UPI,Store
IN101941,2025-02-08,Kolkata,West Bengal,Home & Kitchen,2,1808.98,0.1,3256.16,976.85,Credit Card,Store
IN101942,2025-10-15,Pune,Maharashtra,Grocery,1,805.29,0.1,724.76,159.45,Debit Card,Online
IN101943,2024-01-14,Mumbai,Maharashtra,Electronics,4,3865.58,0.1,13916.09,3339.86,Debit Card,Online
IN101944,2025-06-02,Ahmedabad,Gujarat,Electronics,5,3636.55,0.2,14546.2,3491.09,Debit Card,Online
IN101945,2025-07-04,Lucknow,Uttar Pradesh,Beauty,5,890.41,0.0,4452.05,1424.66,UPI,Online
IN101946,2024-07-03,Kolkata,West Bengal,Clothing,3,1227.43,0.2,2945.83,824.83,UPI,Store
IN101947,2024-04-24,Pune,Maharashtra,Electronics,2,4030.6,0.15,6852.02,1644.48,UPI,Store
IN101948,2024-04-19,Pune,Maharashtra,Grocery,1,729.03,0.05,692.58,152.37,UPI,Store
IN101949,2025-07-30,Chennai,Tamil Nadu,Clothing,3,1706.2,0.1,4606.74,1289.89,UPI,Store
IN101950,2024-10-07,Pune,Maharashtra,Clothing,3,1482.29,0.0,4446.87,1245.12,UPI,Online
IN101951,2025-06-26,Jaipur,Rajasthan,Beauty,2,730.54,0.05,1388.03,444.17,Net Banking,Store
IN101952,2024-03-26,Lucknow,Uttar Pradesh,Home & Kitchen,1,2405.94,0.0,2405.94,721.78,Net Banking,Store
IN101953,2024-05-17,Jaipur,Rajasthan,Clothing,1,1146.29,0.0,1146.29,320.96,UPI,Online
IN101954,2025-04-10,Lucknow,Uttar Pradesh,Beauty,5,1163.08,0.05,5524.63,1767.88,UPI,Online
IN101955,2024-03-17,Ahmedabad,Gujarat,Grocery,1,542.94,0.15,461.5,101.53,UPI,Online
IN101956,2024-05-16,Lucknow,Uttar Pradesh,Home & Kitchen,3,1697.29,0.25,3818.9,1145.67,UPI,Online
IN101957,2025-09-25,Jaipur,Rajasthan,Electronics,5,3155.37,0.15,13410.32,3218.48,UPI,Online
IN101958,2024-04-06,Lucknow,Uttar Pradesh,Electronics,1,4156.46,0.1,3740.81,897.79,Net Banking,Store
IN101959,2025-06-14,Ahmedabad,Gujarat,Grocery,2,830.26,0.3,1162.36,255.72,UPI,Store
IN101960,2024-01-09,Ahmedabad,Gujarat,Beauty,3,1111.58,0.05,3168.0,1013.76,UPI,Online
IN101961,2024-03-23,Mumbai,Maharashtra,Grocery,4,614.15,0.0,2456.6,540.45,UPI,Online
IN101962,2024-02-16,Lucknow,Uttar Pradesh,Electronics,2,2249.35,0.1,4048.83,971.72,Net Banking,Store
IN101963,2025-05-26,Chennai,Tamil Nadu,Electronics,2,3657.69,0.1,6583.84,1580.12,Net Banking,Store
IN101964,2025-03-05,Hyderabad,Telangana,Home & Kitchen,1,1740.82,0.05,1653.78,496.13,Debit Card,Online
IN101965,2024-03-30,Delhi,Delhi,Electronics,5,3814.68,0.15,16212.39,3890.97,Credit Card,Store
IN101966,2025-05-27,Ahmedabad,Gujarat,Grocery,5,790.82,0.0,3954.1,869.9,UPI,Store
IN101967,2025-11-04,Bengaluru,Karnataka,Electronics,3,3154.62,0.1,8517.47,2044.19,UPI,Store
IN101968,2025-10-26,Hyderabad,Telangana,Electronics,1,3796.05,0.1,3416.44,819.95,Credit Card,Online
IN101969,2025-02-17,Kolkata,West Bengal,Grocery,5,809.87,0.2,3239.48,712.69,Debit Card,Online
IN101970,2025-05-27,Lucknow,Uttar Pradesh,Grocery,4,847.28,0.25,2541.84,559.2,UPI,Store
IN101971,2025-10-19,Jaipur,Rajasthan,Clothing,1,1510.03,0.15,1283.53,359.39,UPI,Online
IN101972,2025-11-03,Delhi,Delhi,Electronics,1,3859.24,0.05,3666.28,879.91,Credit Card,Store
IN101973,2025-10-08,Bengaluru,Karnataka,Home & Kitchen,5,1838.64,0.15,7814.22,2344.27,UPI,Online
IN101974,2024-03-17,Hyderabad,Telangana,Electronics,2,2326.66,0.05,4420.65,1060.96,Credit Card,Online
IN101975,2024-03-21,Lucknow,Uttar Pradesh,Grocery,1,520.58,0.25,390.44,85.9,UPI,Online
IN101976,2025-07-07,Mumbai,Maharashtra,Beauty,2,705.01,0.2,1128.02,360.97,UPI,Online
IN101977,2025-09-27,Kolkata,West Bengal,Electronics,3,2597.27,0.1,7012.63,1683.03,UPI,Store
IN101978,2024-07-20,Delhi,Delhi,Beauty,3,635.97,0.2,1526.33,488.43,Net Banking,Online
IN101979,2025-03-22,Chennai,Tamil Nadu,Electronics,5,4026.11,0.1,18117.5,4348.2,UPI,Store
IN101980,2024-04-16,Mumbai,Maharashtra,Grocery,3,691.66,0.0,2074.98,456.5,UPI,Store
IN101981,2024-10-18,Bengaluru,Karnataka,Clothing,5,1328.67,0.15,5646.85,1581.12,UPI,Online
IN101982,2025-11-16,Delhi,Delhi,Beauty,5,869.72,0.1,3913.74,1252.4,Debit Card,Store
IN101983,2024-11-07,Mumbai,Maharashtra,Clothing,2,1401.65,0.25,2102.48,588.69,Cash,Online
IN101984,2025-08-21,Kolkata,West Bengal,Clothing,2,1047.23,0.05,1989.74,557.13,UPI,Store
IN101985,2025-05-31,Chennai,Tamil Nadu,Beauty,3,790.68,0.2,1897.63,607.24,UPI,Online
IN101986,2025-11-14,Mumbai,Maharashtra,Grocery,2,814.81,0.15,1385.18,304.74,Net Banking,Online
IN101987,2025-09-24,Pune,Maharashtra,Grocery,1,769.2,0.2,615.36,135.38,Debit Card,Online
IN101988,2025-10-29,Chennai,Tamil Nadu,Clothing,4,1492.7,0.05,5672.26,1588.23,Credit Card,Store
IN101989,2025-08-21,Bengaluru,Karnataka,Grocery,1,658.1,0.1,592.29,130.3,UPI,Store
IN101990,2025-03-01,Kolkata,West Bengal,Electronics,1,2778.66,0.2,2222.93,533.5,UPI,Online
IN101991,2025-09-01,Lucknow,Uttar Pradesh,Electronics,5,3220.21,0.15,13685.89,3284.61,Debit Card,Online
IN101992,2025-02-18,Jaipur,Rajasthan,Grocery,4,707.59,0.05,2688.84,591.54,Credit Card,Online
IN101993,2024-05-14,Jaipur,Rajasthan,Clothing,5,1628.5,0.1,7328.25,2051.91,Credit Card,Store
IN101994,2025-06-02,Jaipur,Rajasthan,Beauty,2,727.48,0.3,1018.47,325.91,UPI,Online
IN101995,2024-12-29,Delhi,Delhi,Beauty,2,1105.67,0.15,1879.64,601.48,Credit Card,Store
IN101996,2025-01-18,Bengaluru,Karnataka,Home & Kitchen,4,1664.6,0.15,5659.64,1697.89,Cash,Online
IN101997,2024-02-01,Kolkata,West Bengal,Home & Kitchen,3,1848.81,0.2,4437.14,1331.14,Net Banking,Store
IN101998,2025-06-23,Chennai,Tamil Nadu,Grocery,2,711.84,0.1,1281.31,281.89,UPI,Store
IN101999,2025-05-01,Delhi,Delhi,Electronics,1,3255.24,0.25,2441.43,585.94,Debit Card,Store
IN102000,2024-12-30,Bengaluru,Karnataka,Home & Kitchen,4,1929.19,0.1,6945.08,2083.52,Credit Card,Store
IN102001,2024-09-20,Lucknow,Uttar Pradesh,Electronics,4,2471.97,0.05,9393.49,2254.44,Cash,Online
IN102002,2024-05-21,Pune,Maharashtra,Clothing,2,1373.26,0.0,2746.52,769.03,Debit Card,Store
IN102003,2024-01-30,Kolkata,West Bengal,Home & Kitchen,2,1588.15,0.05,3017.48,905.24,Net Banking,Store
IN102004,2024-05-09,Jaipur,Rajasthan,Grocery,5,491.35,0.1,2211.08,486.44,Net Banking,Store
IN102005,2024-03-10,Mumbai,Maharashtra,Home & Kitchen,5,1484.23,0.15,6307.98,1892.39,UPI,Online
IN102006,2024-04-28,Kolkata,West Bengal,Electronics,1,3493.08,0.2,2794.46,670.67,Debit Card,Online
IN102007,2024-11-22,Ahmedabad,Gujarat,Grocery,4,538.1,0.25,1614.3,355.15,Credit Card,Online
IN102008,2024-03-10,Bengaluru,Karnataka,Electronics,3,2616.61,0.0,7849.83,1883.96,UPI,Online
IN102009,2024-07-26,Hyderabad,Telangana,Grocery,3,688.57,0.15,1755.85,386.29,UPI,Online
IN102010,2024-03-31,Lucknow,Uttar Pradesh,Home & Kitchen,4,2318.5,0.15,7882.9,2364.87,UPI,Store
IN102011,2024-04-29,Pune,Maharashtra,Grocery,1,788.22,0.0,788.22,173.41,Cash,Store
IN102012,2024-07-25,Lucknow,Uttar Pradesh,Clothing,5,1803.63,0.1,8116.34,2272.58,UPI,Store
IN102013,2025-02-09,Kolkata,West Bengal,Electronics,5,3452.6,0.05,16399.85,3935.96,Cash,Online
IN102014,2025-06-30,Hyderabad,Telangana,Electronics,5,3092.65,0.0,15463.25,3711.18,Debit Card,Online
IN102015,2024-05-03,Ahmedabad,Gujarat,Grocery,3,763.27,0.0,2289.81,503.76,Debit Card,Store
IN102016,2024-04-21,Chennai,Tamil Nadu,Beauty,3,782.9,0.15,1996.39,638.84,UPI,Online
IN102017,2024-07-25,Mumbai,Maharashtra,Electronics,1,2402.35,0.15,2042.0,490.08,Credit Card,Online
IN102018,2025-09-05,Hyderabad,Telangana,Home & Kitchen,3,1663.2,0.15,4241.16,1272.35,UPI,Store
IN102019,2025-01-20,Bengaluru,Karnataka,Home & Kitchen,2,1610.11,0.15,2737.19,821.16,UPI,Online
IN102020,2025-12-06,Jaipur,Rajasthan,Grocery,3,740.42,0.0,2221.26,488.68,Cash,Online
IN102021,2024-05-26,Ahmedabad,Gujarat,Grocery,5,687.95,0.0,3439.75,756.74,Debit Card,Store
IN102022,2024-05-11,Mumbai,Maharashtra,Home & Kitchen,1,1421.77,0.05,1350.68,405.2,UPI,Online
IN102023,2024-04-13,Pune,Maharashtra,Clothing,4,1806.74,0.1,6504.26,1821.19,Cash,Store
IN102024,2025-07-06,Jaipur,Rajasthan,Clothing,4,1519.94,0.25,4559.82,1276.75,UPI,Online
IN102025,2025-07-21,Kolkata,West Bengal,Electronics,1,3191.98,0.15,2713.18,651.16,UPI,Store
IN102026,2024-08-29,Hyderabad,Telangana,Beauty,2,1178.26,0.05,2238.69,716.38,Credit Card,Online
IN102027,2025-09-30,Mumbai,Maharashtra,Beauty,4,686.92,0.0,2747.68,879.26,UPI,Store
IN102028,2025-10-23,Delhi,Delhi,Home & Kitchen,5,2183.82,0.15,9281.24,2784.37,Debit Card,Online
IN102029,2024-11-26,Chennai,Tamil Nadu,Electronics,4,2998.5,0.15,10194.9,2446.78,Debit Card,Store
IN102030,2024-05-28,Chennai,Tamil Nadu,Clothing,4,1612.8,0.15,5483.52,1535.39,Debit Card,Online
IN102031,2024-06-17,Ahmedabad,Gujarat,Electronics,5,4175.91,0.05,19835.57,4760.54,UPI,Online
IN102032,2025-07-10,Pune,Maharashtra,Electronics,3,3316.84,0.1,8955.47,2149.31,UPI,Store
IN102033,2024-03-24,Ahmedabad,Gujarat,Grocery,2,464.56,0.05,882.66,194.19,UPI,Online
IN102034,2025-06-03,Delhi,Delhi,Beauty,5,646.88,0.2,2587.52,828.01,Net Banking,Online
IN102035,2024-04-16,Bengaluru,Karnataka,Beauty,5,823.38,0.0,4116.9,1317.41,UPI,Online
IN102036,2024-09-21,Pune,Maharashtra,Grocery,1,785.25,0.05,745.99,164.12,Credit Card,Online
IN102037,2025-10-19,Lucknow,Uttar Pradesh,Electronics,2,2839.58,0.15,4827.29,1158.55,Cash,Online
IN102038,2024-01-31,Bengaluru,Karnataka,Clothing,3,1284.37,0.05,3660.45,1024.93,Debit Card,Online
IN102039,2025-06-30,Pune,Maharashtra,Clothing,5,1693.86,0.15,7198.9,2015.69,Cash,Online
IN102040,2024-09-03,Pune,Maharashtra,Home & Kitchen,3,1395.94,0.0,4187.82,1256.35,Net Banking,Store
IN102041,2025-06-13,Delhi,Delhi,Home & Kitchen,5,2250.77,0.0,11253.85,3376.16,UPI,Online
IN102042,2024-01-24,Kolkata,West Bengal,Clothing,5,1221.87,0.2,4887.48,1368.49,UPI,Online
IN102043,2025-05-12,Delhi,Delhi,Clothing,1,1026.61,0.05,975.28,273.08,UPI,Store
IN102044,2024-10-30,Pune,Maharashtra,Electronics,4,2484.07,0.0,9936.28,2384.71,UPI,Store
IN102045,2025-02-01,Mumbai,Maharashtra,Clothing,2,1846.82,0.0,3693.64,1034.22,Credit Card,Online
IN102046,2025-02-06,Bengaluru,Karnataka,Clothing,1,1390.7,0.2,1112.56,311.52,UPI,Online
IN102047,2024-11-11,Delhi,Delhi,Electronics,3,2773.39,0.15,7072.14,1697.31,Debit Card,Store
IN102048,2024-10-04,Kolkata,West Bengal,Clothing,5,1454.36,0.25,5453.85,1527.08,UPI,Online
IN102049,2025-06-25,Hyderabad,Telangana,Home & Kitchen,5,2058.35,0.2,8233.4,2470.02,UPI,Online
IN102050,2024-05-22,Ahmedabad,Gujarat,Grocery,2,589.69,0.15,1002.47,220.54,Debit Card,Online
IN102051,2025-02-13,Pune,Maharashtra,Electronics,1,3748.56,0.1,3373.7,809.69,UPI,Store
IN102052,2024-12-21,Lucknow,Uttar Pradesh,Electronics,1,2764.68,0.2,2211.74,530.82,Debit Card,Online
IN102053,2025-06-07,Hyderabad,Telangana,Grocery,3,502.46,0.1,1356.64,298.46,Net Banking,Store
IN102054,2024-07-21,Chennai,Tamil Nadu,Clothing,1,1480.23,0.2,1184.18,331.57,Cash,Store
IN102055,2024-09-06,Jaipur,Rajasthan,Clothing,1,1117.52,0.15,949.89,265.97,UPI,Online
IN102056,2024-04-12,Kolkata,West Bengal,Grocery,4,852.35,0.15,2897.99,637.56,Net Banking,Store
IN102057,2025-04-12,Lucknow,Uttar Pradesh,Grocery,2,455.19,0.05,864.86,190.27,UPI,Online
IN102058,2024-02-04,Jaipur,Rajasthan,Home & Kitchen,1,2144.16,0.15,1822.54,546.76,Debit Card,Store
IN102059,2024-11-19,Kolkata,West Bengal,Clothing,3,1234.32,0.1,3332.66,933.14,UPI,Online
IN102060,2025-06-15,Mumbai,Maharashtra,Home & Kitchen,5,2249.92,0.1,10124.64,3037.39,UPI,Online
IN102061,2025-07-12,Ahmedabad,Gujarat,Clothing,1,1034.74,0.3,724.32,202.81,Net Banking,Online
IN102062,2025-08-18,Hyderabad,Telangana,Electronics,1,4222.24,0.1,3800.02,912.0,UPI,Online
IN102063,2024-09-24,Bengaluru,Karnataka,Grocery,5,497.84,0.0,2489.2,547.62,Cash,Online
IN102064,2024-02-22,Kolkata,West Bengal,Grocery,4,787.88,0.15,2678.79,589.33,UPI,Online
IN102065,2024-01-18,Bengaluru,Karnataka,Beauty,2,932.65,0.15,1585.5,507.36,Cash,Online
IN102066,2024-04-13,Ahmedabad,Gujarat,Home & Kitchen,4,1763.56,0.2,5643.39,1693.02,Net Banking,Store
IN102067,2024-05-31,Pune,Maharashtra,Beauty,3,793.89,0.15,2024.42,647.81,Credit Card,Online
IN102068,2025-11-07,Chennai,Tamil Nadu,Beauty,1,1122.2,0.0,1122.2,359.1,Credit Card,Store
IN102069,2025-02-17,Hyderabad,Telangana,Grocery,4,539.39,0.0,2157.56,474.66,Debit Card,Online
IN102070,2024-03-24,Ahmedabad,Gujarat,Grocery,2,759.72,0.0,1519.44,334.28,Net Banking,Online
IN102071,2024-11-03,Ahmedabad,Gujarat,Grocery,3,643.35,0.05,1833.55,403.38,UPI,Online
IN102072,2024-05-30,Mumbai,Maharashtra,Beauty,4,1214.12,0.2,3885.18,1243.26,Debit Card,Online
IN102073,2025-07-02,Jaipur,Rajasthan,Home & Kitchen,1,1975.34,0.05,1876.57,562.97,UPI,Online
IN102074,2025-01-13,Chennai,Tamil Nadu,Electronics,2,2456.71,0.05,4667.75,1120.26,UPI,Online
IN102075,2025-04-02,Hyderabad,Telangana,Home & Kitchen,1,1750.84,0.15,1488.21,446.46,UPI,Store
IN102076,2024-12-18,Pune,Maharashtra,Electronics,1,2377.9,0.1,2140.11,513.63,Debit Card,Store
IN102077,2025-10-25,Pune,Maharashtra,Clothing,3,1239.95,0.0,3719.85,1041.56,Cash,Online
IN102078,2025-01-10,Delhi,Delhi,Electronics,2,2954.1,0.1,5317.38,1276.17,UPI,Store
IN102079,2024-07-26,Ahmedabad,Gujarat,Grocery,5,815.47,0.0,4077.35,897.02,Credit Card,Online
IN102080,2025-07-15,Kolkata,West Bengal,Home & Kitchen,1,2240.45,0.1,2016.4,604.92,Debit Card,Online
IN102081,2025-04-04,Mumbai,Maharashtra,Clothing,2,990.52,0.15,1683.88,471.49,UPI,Store
IN102082,2025-02-07,Chennai,Tamil Nadu,Electronics,1,3347.14,0.25,2510.36,602.49,Net Banking,Online
IN102083,2025-07-12,Pune,Maharashtra,Clothing,4,1183.42,0.0,4733.68,1325.43,UPI,Online
IN102084,2025-06-13,Hyderabad,Telangana,Grocery,4,590.24,0.05,2242.91,493.44,UPI,Online
IN102085,2025-04-29,Delhi,Delhi,Clothing,2,999.7,0.15,1699.49,475.86,UPI,Online
IN102086,2024-05-01,Hyderabad,Telangana,Clothing,3,1662.27,0.05,4737.47,1326.49,Cash,Online
IN102087,2024-04-29,Mumbai,Maharashtra,Electronics,5,4217.23,0.1,18977.54,4554.61,Net Banking,Online
IN102088,2024-09-07,Kolkata,West Bengal,Grocery,4,547.64,0.0,2190.56,481.92,UPI,Online
IN102089,2024-10-25,Delhi,Delhi,Clothing,3,1291.01,0.15,3292.08,921.78,UPI,Online
IN102090,2024-02-16,Delhi,Delhi,Home & Kitchen,5,1501.53,0.2,6006.12,1801.84,Credit Card,Store
IN102091,2025-08-19,Jaipur,Rajasthan,Electronics,4,4174.5,0.3,11688.6,2805.26,Debit Card,Online
IN102092,2024-10-25,Chennai,Tamil Nadu,Grocery,5,458.95,0.2,1835.8,403.88,Debit Card,Store
IN102093,2025-11-02,Delhi,Delhi,Clothing,1,1511.31,0.0,1511.31,423.17,Net Banking,Store
IN102094,2025-06-02,Jaipur,Rajasthan,Grocery,2,822.9,0.15,1398.93,307.76,Cash,Store
IN102095,2024-09-01,Jaipur,Rajasthan,Clothing,4,1149.54,0.1,4138.34,1158.74,Cash,Store
IN102096,2025-12-27,Mumbai,Maharashtra,Home & Kitchen,4,1950.29,0.25,5850.87,1755.26,Credit Card,Online
IN102097,2025-12-24,Bengaluru,Karnataka,Beauty,1,659.63,0.25,494.72,158.31,UPI,Online
IN102098,2025-12-24,Hyderabad,Telangana,Beauty,4,1106.53,0.3,3098.28,991.45,Debit Card,Online
IN102099,2024-08-05,Kolkata,West Bengal,Grocery,4,570.95,0.2,1827.04,401.95,Credit Card,Store
IN102100,2024-12-09,Lucknow,Uttar Pradesh,Clothing,4,1879.77,0.1,6767.17,1894.81,UPI,Store
IN102101,2024-11-09,Hyderabad,Telangana,Home & Kitchen,4,2338.75,0.15,7951.75,2385.53,UPI,Online
IN102102,2025-11-23,Delhi,Delhi,Grocery,4,764.49,0.25,2293.47,504.56,Credit Card,Online
IN102103,2025-08-26,Kolkata,West Bengal,Electronics,3,3273.43,0.1,8838.26,2121.18,Credit Card,Store
IN102104,2025-12-30,Pune,Maharashtra,Home & Kitchen,4,2156.91,0.2,6902.11,2070.63,Credit Card,Online
IN102105,2024-10-16,Bengaluru,Karnataka,Clothing,1,1098.85,0.25,824.14,230.76,UPI,Online
IN102106,2025-08-24,Pune,Maharashtra,Electronics,4,2885.22,0.1,10386.79,2492.83,Credit Card,Online
IN102107,2024-07-15,Pune,Maharashtra,Clothing,5,1004.48,0.0,5022.4,1406.27,UPI,Store
IN102108,2025-11-26,Chennai,Tamil Nadu,Clothing,5,1566.97,0.0,7834.85,2193.76,Debit Card,Online
IN102109,2025-07-31,Hyderabad,Telangana,Grocery,1,795.34,0.0,795.34,174.97,Credit Card,Online
IN102110,2025-02-19,Lucknow,Uttar Pradesh,Clothing,3,1841.12,0.1,4971.02,1391.89,Cash,Store
IN102111,2025-09-01,Mumbai,Maharashtra,Electronics,1,3667.93,0.1,3301.14,792.27,Debit Card,Online
IN102112,2024-11-01,Lucknow,Uttar Pradesh,Electronics,3,3762.75,0.15,9595.01,2302.8,Debit Card,Store
IN102113,2025-04-22,Pune,Maharashtra,Grocery,2,833.33,0.1,1499.99,330.0,Debit Card,Online
IN102114,2025-06-19,Delhi,Delhi,Home & Kitchen,5,2355.56,0.3,8244.46,2473.34,Credit Card,Online
IN102115,2024-08-07,Bengaluru,Karnataka,Clothing,5,1427.08,0.05,6778.63,1898.02,UPI,Store
IN102116,2025-11-16,Ahmedabad,Gujarat,Electronics,5,2468.36,0.2,9873.44,2369.63,Debit Card,Store
IN102117,2025-09-17,Lucknow,Uttar Pradesh,Electronics,3,3210.15,0.0,9630.45,2311.31,Credit Card,Online
IN102118,2024-12-19,Pune,Maharashtra,Beauty,1,955.3,0.15,812.0,259.84,Credit Card,Online
IN102119,2024-08-22,Bengaluru,Karnataka,Grocery,3,721.83,0.15,1840.67,404.95,UPI,Store
IN102120,2024-11-01,Kolkata,West Bengal,Clothing,5,1880.25,0.15,7991.06,2237.5,Net Banking,Online
IN102121,2024-04-19,Hyderabad,Telangana,Electronics,5,4148.53,0.1,18668.38,4480.41,UPI,Store
IN102122,2024-11-09,Jaipur,Rajasthan,Home & Kitchen,5,1723.75,0.0,8618.75,2585.63,UPI,Store
IN102123,2024-01-13,Chennai,Tamil Nadu,Grocery,5,502.93,0.05,2388.92,525.56,Net Banking,Online
IN102124,2025-09-28,Bengaluru,Karnataka,Electronics,2,2686.77,0.05,5104.86,1225.17,Cash,Store
IN102125,2024-06-15,Delhi,Delhi,Electronics,5,2601.5,0.1,11706.75,2809.62,UPI,Online
IN102126,2024-02-22,Delhi,Delhi,Clothing,3,1303.97,0.1,3520.72,985.8,Net Banking,Store
IN102127,2024-07-04,Bengaluru,Karnataka,Home & Kitchen,5,2285.49,0.15,9713.33,2914.0,UPI,Online
IN102128,2024-10-02,Delhi,Delhi,Home & Kitchen,4,1772.42,0.2,5671.74,1701.52,Debit Card,Store
IN102129,2025-03-22,Hyderabad,Telangana,Grocery,2,694.67,0.25,1042.0,229.24,Credit Card,Store
IN102130,2024-12-17,Delhi,Delhi,Home & Kitchen,5,1469.63,0.1,6613.34,1984.0,Credit Card,Store
IN102131,2024-01-10,Lucknow,Uttar Pradesh,Electronics,4,3265.12,0.0,13060.48,3134.52,Debit Card,Store
IN102132,2025-02-13,Jaipur,Rajasthan,Grocery,3,824.11,0.2,1977.86,435.13,UPI,Online
IN102133,2024-05-26,Delhi,Delhi,Grocery,2,781.79,0.1,1407.22,309.59,UPI,Online
IN102134,2025-04-21,Jaipur,Rajasthan,Electronics,5,2408.88,0.1,10839.96,2601.59,Debit Card,Store
IN102135,2025-09-21,Pune,Maharashtra,Beauty,3,1134.31,0.1,3062.64,980.04,UPI,Store
IN102136,2025-03-03,Mumbai,Maharashtra,Electronics,4,2809.56,0.15,9552.5,2292.6,Net Banking,Store
IN102137,2025-05-02,Hyderabad,Telangana,Clothing,2,1585.8,0.2,2537.28,710.44,Credit Card,Store
IN102138,2025-06-13,Mumbai,Maharashtra,Grocery,5,516.85,0.25,1938.19,426.4,UPI,Online
IN102139,2025-01-11,Pune,Maharashtra,Grocery,3,740.04,0.25,1665.09,366.32,Debit Card,Online
IN102140,2024-04-21,Hyderabad,Telangana,Grocery,2,470.08,0.2,752.13,165.47,UPI,Online
IN102141,2025-08-06,Bengaluru,Karnataka,Electronics,4,3489.34,0.2,11165.89,2679.81,UPI,Store
IN102142,2025-10-17,Bengaluru,Karnataka,Home & Kitchen,5,2015.75,0.0,10078.75,3023.63,Credit Card,Online
IN102143,2025-09-07,Jaipur,Rajasthan,Grocery,2,558.3,0.2,893.28,196.52,Net Banking,Store
IN102144,2024-08-02,Pune,Maharashtra,Grocery,4,850.87,0.0,3403.48,748.77,UPI,Online
IN102145,2025-05-24,Jaipur,Rajasthan,Beauty,4,656.89,0.15,2233.43,714.7,UPI,Online
IN102146,2025-05-25,Chennai,Tamil Nadu,Home & Kitchen,3,2303.3,0.0,6909.9,2072.97,Credit Card,Online
IN102147,2025-08-11,Delhi,Delhi,Electronics,4,3034.35,0.05,11530.53,2767.33,UPI,Online
IN102148,2024-01-26,Ahmedabad,Gujarat,Home & Kitchen,4,2095.28,0.0,8381.12,2514.34,UPI,Store
IN102149,2024-07-11,Chennai,Tamil Nadu,Electronics,1,3595.22,0.1,3235.7,776.57,Cash,Online
IN102150,2024-04-12,Delhi,Delhi,Electronics,4,2589.95,0.1,9323.82,2237.72,Net Banking,Online
IN102151,2024-07-23,Hyderabad,Telangana,Clothing,5,1270.29,0.0,6351.45,1778.41,UPI,Online
IN102152,2025-02-14,Jaipur,Rajasthan,Beauty,2,939.86,0.2,1503.78,481.21,Credit Card,Store
IN102153,2024-02-20,Hyderabad,Telangana,Electronics,5,4000.74,0.2,16002.96,3840.71,Net Banking,Store
IN102154,2024-05-10,Hyderabad,Telangana,Grocery,5,858.43,0.2,3433.72,755.42,UPI,Online
IN102155,2024-12-08,Delhi,Delhi,Electronics,3,2282.82,0.2,5478.77,1314.9,UPI,Store
IN102156,2025-07-31,Pune,Maharashtra,Home & Kitchen,1,1672.49,0.15,1421.62,426.49,Net Banking,Online
IN102157,2025-02-03,Delhi,Delhi,Grocery,1,737.29,0.25,552.97,121.65,Debit Card,Online
IN102158,2024-07-20,Kolkata,West Bengal,Grocery,5,677.97,0.1,3050.86,671.19,UPI,Store
IN102159,2024-10-26,Bengaluru,Karnataka,Electronics,2,4201.49,0.1,7562.68,1815.04,UPI,Online
IN102160,2024-05-25,Bengaluru,Karnataka,Home & Kitchen,1,1279.85,0.2,1023.88,307.16,UPI,Store
IN102161,2025-04-06,Chennai,Tamil Nadu,Beauty,1,886.08,0.05,841.78,269.37,Credit Card,Online
IN102162,2025-05-18,Bengaluru,Karnataka,Grocery,5,737.57,0.0,3687.85,811.33,Debit Card,Store
IN102163,2025-09-07,Delhi,Delhi,Grocery,1,546.93,0.15,464.89,102.28,Credit Card,Online
IN102164,2024-05-30,Lucknow,Uttar Pradesh,Beauty,3,1054.63,0.05,3005.7,961.82,Debit Card,Online
IN102165,2025-09-21,Jaipur,Rajasthan,Electronics,5,2408.96,0.1,10840.32,2601.68,UPI,Store
IN102166,2024-11-11,Delhi,Delhi,Home & Kitchen,1,1787.72,0.05,1698.33,509.5,UPI,Online
IN102167,2024-07-17,Delhi,Delhi,Beauty,1,1025.6,0.2,820.48,262.55,UPI,Online
IN102168,2025-03-04,Ahmedabad,Gujarat,Electronics,1,2794.85,0.25,2096.14,503.07,Cash,Online
IN102169,2024-10-29,Jaipur,Rajasthan,Clothing,5,1047.2,0.0,5236.0,1466.08,Debit Card,Store
IN102170,2025-05-12,Kolkata,West Bengal,Electronics,2,4230.6,0.05,8038.14,1929.15,UPI,Online
IN102171,2024-04-14,Bengaluru,Karnataka,Grocery,4,841.09,0.0,3364.36,740.16,UPI,Online
IN102172,2024-01-10,Jaipur,Rajasthan,Grocery,1,846.39,0.15,719.43,158.27,Cash,Store
IN102173,2025-09-16,Bengaluru,Karnataka,Clothing,4,1870.44,0.1,6733.58,1885.4,Credit Card,Online
IN102174,2024-01-27,Chennai,Tamil Nadu,Clothing,4,1148.08,0.1,4133.09,1157.27,UPI,Store
IN102175,2025-09-02,Jaipur,Rajasthan,Clothing,1,1123.58,0.0,1123.58,314.6,UPI,Online
IN102176,2024-11-22,Bengaluru,Karnataka,Clothing,1,1011.14,0.1,910.03,254.81,UPI,Online
IN102177,2025-05-09,Kolkata,West Bengal,Electronics,4,4094.99,0.05,15560.96,3734.63,Cash,Online
IN102178,2025-10-09,Mumbai,Maharashtra,Beauty,2,1070.37,0.15,1819.63,582.28,Credit Card,Store
IN102179,2024-05-06,Hyderabad,Telangana,Electronics,4,3557.19,0.05,13517.32,3244.16,Debit Card,Online
IN102180,2024-04-25,Hyderabad,Telangana,Beauty,2,1172.69,0.15,1993.57,637.94,Cash,Online
IN102181,2024-06-19,Kolkata,West Bengal,Grocery,3,697.97,0.05,1989.21,437.63,Net Banking,Online
IN102182,2024-07-30,Ahmedabad,Gujarat,Clothing,2,1098.05,0.05,2086.29,584.16,UPI,Online
IN102183,2024-07-07,Mumbai,Maharashtra,Home & Kitchen,5,1466.93,0.05,6967.92,2090.38,UPI,Online
IN102184,2025-05-04,Chennai,Tamil Nadu,Grocery,1,510.85,0.15,434.22,95.53,Credit Card,Online
IN102185,2025-01-21,Kolkata,West Bengal,Grocery,3,584.99,0.1,1579.47,347.48,UPI,Store
IN102186,2025-12-26,Hyderabad,Telangana,Electronics,4,3029.35,0.2,9693.92,2326.54,Cash,Online
IN102187,2025-08-23,Hyderabad,Telangana,Clothing,2,1705.12,0.05,3239.73,907.12,Cash,Online
IN102188,2024-05-09,Hyderabad,Telangana,Clothing,3,1154.04,0.0,3462.12,969.39,Debit Card,Online
IN102189,2024-01-23,Pune,Maharashtra,Electronics,5,3748.76,0.0,18743.8,4498.51,UPI,Online
IN102190,2024-06-27,Kolkata,West Bengal,Clothing,2,1427.02,0.05,2711.34,759.18,UPI,Online
IN102191,2025-02-04,Delhi,Delhi,Electronics,4,4319.29,0.0,17277.16,4146.52,UPI,Store
IN102192,2025-05-19,Chennai,Tamil Nadu,Clothing,4,1686.69,0.0,6746.76,1889.09,Cash,Store
IN102193,2025-02-14,Hyderabad,Telangana,Electronics,2,4255.42,0.1,7659.76,1838.34,UPI,Store
IN102194,2025-06-15,Bengaluru,Karnataka,Electronics,5,2952.09,0.15,12546.38,3011.13,UPI,Store
IN102195,2024-11-24,Kolkata,West Bengal,Electronics,1,2495.94,0.15,2121.55,509.17,UPI,Online
IN102196,2025-04-15,Pune,Maharashtra,Beauty,1,925.95,0.1,833.36,266.68,Net Banking,Online
IN102197,2025-02-23,Kolkata,West Bengal,Electronics,4,2498.42,0.1,8994.31,2158.63,Debit Card,Store
IN102198,2025-02-15,Chennai,Tamil Nadu,Grocery,5,663.06,0.15,2818.0,619.96,Net Banking,Online
IN102199,2024-01-29,Pune,Maharashtra,Electronics,4,2801.48,0.05,10645.62,2554.95,Debit Card,Online
IN102200,2024-09-01,Chennai,Tamil Nadu,Beauty,1,917.26,0.2,733.81,234.82,Credit Card,Store
IN102201,2025-09-23,Kolkata,West Bengal,Electronics,4,4215.24,0.25,12645.72,3034.97,UPI,Store
IN102202,2025-06-27,Delhi,Delhi,Beauty,2,799.08,0.2,1278.53,409.13,UPI,Online
IN102203,2025-10-13,Chennai,Tamil Nadu,Grocery,2,874.73,0.1,1574.51,346.39,Credit Card,Online
IN102204,2025-10-31,Pune,Maharashtra,Electronics,5,2717.01,0.1,12226.55,2934.37,Cash,Store
IN102205,2024-02-29,Pune,Maharashtra,Beauty,1,751.74,0.15,638.98,204.47,UPI,Store
IN102206,2024-05-18,Chennai,Tamil Nadu,Grocery,5,685.17,0.05,3254.56,716.0,UPI,Store
IN102207,2024-12-22,Lucknow,Uttar Pradesh,Clothing,5,1746.26,0.2,6985.04,1955.81,Credit Card,Store
IN102208,2024-07-30,Kolkata,West Bengal,Home & Kitchen,1,2136.92,0.1,1923.23,576.97,UPI,Online
IN102209,2024-05-18,Lucknow,Uttar Pradesh,Beauty,3,1053.27,0.2,2527.85,808.91,Debit Card,Online
IN102210,2025-01-02,Ahmedabad,Gujarat,Grocery,3,574.41,0.05,1637.07,360.16,UPI,Online
IN102211,2025-09-14,Kolkata,West Bengal,Clothing,4,1000.49,0.0,4001.96,1120.55,UPI,Online
IN102212,2025-04-30,Chennai,Tamil Nadu,Home & Kitchen,3,1449.25,0.15,3695.59,1108.68,UPI,Store
IN102213,2025-05-07,Mumbai,Maharashtra,Grocery,2,602.65,0.1,1084.77,238.65,Credit Card,Store
IN102214,2024-12-01,Chennai,Tamil Nadu,Beauty,5,1198.43,0.0,5992.15,1917.49,Credit Card,Online
IN102215,2025-09-02,Lucknow,Uttar Pradesh,Grocery,4,843.61,0.1,3037.0,668.14,UPI,Online
IN102216,2024-06-26,Delhi,Delhi,Clothing,5,1162.59,0.0,5812.95,1627.63,Cash,Online
IN102217,2025-05-27,Chennai,Tamil Nadu,Beauty,1,1054.49,0.15,896.32,286.82,UPI,Store
IN102218,2025-08-23,Chennai,Tamil Nadu,Electronics,3,3444.36,0.1,9299.77,2231.94,UPI,Online
IN102219,2024-04-22,Delhi,Delhi,Clothing,1,1025.36,0.0,1025.36,287.1,Debit Card,Online
IN102220,2024-10-09,Chennai,Tamil Nadu,Grocery,4,612.05,0.1,2203.38,484.74,UPI,Online
IN102221,2024-04-25,Hyderabad,Telangana,Grocery,2,660.37,0.05,1254.7,276.03,Credit Card,Online
IN102222,2025-06-27,Mumbai,Maharashtra,Electronics,3,3628.55,0.15,9252.8,2220.67,Net Banking,Store
IN102223,2024-02-10,Bengaluru,Karnataka,Home & Kitchen,1,1605.04,0.05,1524.79,457.44,Debit Card,Online
IN102224,2024-06-15,Mumbai,Maharashtra,Clothing,3,1829.77,0.2,4391.45,1229.61,Debit Card,Online
IN102225,2024-08-08,Chennai,Tamil Nadu,Clothing,5,1391.21,0.0,6956.05,1947.69,Credit Card,Online
IN102226,2025-12-26,Hyderabad,Telangana,Home & Kitchen,2,1550.78,0.1,2791.4,837.42,UPI,Online
IN102227,2024-11-08,Kolkata,West Bengal,Clothing,3,1267.95,0.15,3233.27,905.32,Credit Card,Store
IN102228,2024-12-11,Chennai,Tamil Nadu,Electronics,2,3803.92,0.0,7607.84,1825.88,UPI,Online
IN102229,2025-04-15,Lucknow,Uttar Pradesh,Electronics,5,3571.79,0.05,16966.0,4071.84,Net Banking,Online
IN102230,2024-05-10,Hyderabad,Telangana,Beauty,5,1064.17,0.05,5054.81,1617.54,UPI,Store
IN102231,2024-02-17,Delhi,Delhi,Electronics,1,2848.07,0.0,2848.07,683.54,Credit Card,Online
IN102232,2024-05-13,Hyderabad,Telangana,Clothing,4,1277.43,0.1,4598.75,1287.65,Net Banking,Store
IN102233,2025-06-02,Delhi,Delhi,Grocery,1,622.61,0.15,529.22,116.43,Cash,Online
IN102234,2025-07-09,Ahmedabad,Gujarat,Grocery,2,534.68,0.05,1015.89,223.5,Net Banking,Online
IN102235,2024-11-12,Bengaluru,Karnataka,Electronics,1,3677.37,0.1,3309.63,794.31,Debit Card,Store
IN102236,2025-03-13,Jaipur,Rajasthan,Grocery,3,594.15,0.3,1247.71,274.5,UPI,Store
IN102237,2025-03-10,Hyderabad,Telangana,Clothing,1,1276.87,0.2,1021.5,286.02,Cash,Online
IN102238,2024-03-26,Pune,Maharashtra,Beauty,4,787.58,0.0,3150.32,1008.1,UPI,Online
IN102239,2024-02-17,Lucknow,Uttar Pradesh,Electronics,4,3181.88,0.0,12727.52,3054.6,UPI,Online
IN102240,2025-05-04,Chennai,Tamil Nadu,Clothing,2,1682.5,0.1,3028.5,847.98,Debit Card,Online
IN102241,2025-02-27,Lucknow,Uttar Pradesh,Clothing,5,1740.4,0.05,8266.9,2314.73,Debit Card,Online
IN102242,2025-01-21,Mumbai,Maharashtra,Clothing,4,1712.1,0.0,6848.4,1917.55,Cash,Store
IN102243,2024-08-27,Jaipur,Rajasthan,Grocery,2,717.45,0.05,1363.16,299.9,Net Banking,Online
IN102244,2025-10-25,Mumbai,Maharashtra,Electronics,4,2823.29,0.0,11293.16,2710.36,Cash,Online
IN102245,2025-03-26,Ahmedabad,Gujarat,Clothing,4,1648.72,0.1,5935.39,1661.91,UPI,Store
IN102246,2024-09-14,Jaipur,Rajasthan,Home & Kitchen,5,1306.05,0.1,5877.22,1763.17,Debit Card,Online
IN102247,2024-02-13,Jaipur,Rajasthan,Grocery,3,792.22,0.0,2376.66,522.87,Cash,Store
IN102248,2024-06-16,Mumbai,Maharashtra,Clothing,2,1690.01,0.1,3042.02,851.77,Net Banking,Online
IN102249,2024-07-09,Delhi,Delhi,Electronics,4,3633.6,0.1,13080.96,3139.43,UPI,Online
IN102250,2025-10-25,Mumbai,Maharashtra,Electronics,4,2443.68,0.15,8308.51,1994.04,UPI,Store
IN102251,2025-07-15,Lucknow,Uttar Pradesh,Electronics,1,4314.47,0.3,3020.13,724.83,Cash,Online
IN102252,2024-10-02,Delhi,Delhi,Electronics,3,3813.33,0.3,8007.99,1921.92,UPI,Online
IN102253,2025-01-03,Lucknow,Uttar Pradesh,Grocery,5,765.46,0.1,3444.57,757.81,Credit Card,Store
IN102254,2024-11-01,Ahmedabad,Gujarat,Beauty,2,667.44,0.2,1067.9,341.73,UPI,Store
IN102255,2025-08-29,Chennai,Tamil Nadu,Clothing,4,1342.82,0.0,5371.28,1503.96,UPI,Store
IN102256,2024-04-14,Kolkata,West Bengal,Clothing,2,1058.42,0.1,1905.16,533.44,Debit Card,Online
IN102257,2025-02-24,Delhi,Delhi,Electronics,5,2990.96,0.15,12711.58,3050.78,UPI,Online
IN102258,2024-12-14,Ahmedabad,Gujarat,Clothing,3,1499.14,0.1,4047.68,1133.35,Debit Card,Store
IN102259,2025-10-11,Pune,Maharashtra,Electronics,1,4068.05,0.05,3864.65,927.52,UPI,Online
IN102260,2024-11-14,Ahmedabad,Gujarat,Beauty,3,795.52,0.0,2386.56,763.7,UPI,Online
IN102261,2025-02-23,Mumbai,Maharashtra,Grocery,1,718.39,0.1,646.55,142.24,UPI,Store
IN102262,2025-11-25,Mumbai,Maharashtra,Beauty,2,726.32,0.15,1234.74,395.12,Debit Card,Online
IN102263,2024-02-26,Kolkata,West Bengal,Beauty,3,837.07,0.3,1757.85,562.51,UPI,Online
IN102264,2024-08-27,Ahmedabad,Gujarat,Grocery,3,855.21,0.05,2437.35,536.22,Debit Card,Store
IN102265,2025-03-02,Bengaluru,Karnataka,Grocery,3,770.88,0.25,1734.48,381.59,Debit Card,Online
IN102266,2025-09-08,Chennai,Tamil Nadu,Electronics,5,3375.28,0.0,16876.4,4050.34,Debit Card,Online
IN102267,2025-07-30,Mumbai,Maharashtra,Clothing,2,1209.04,0.25,1813.56,507.8,Debit Card,Online
IN102268,2024-05-19,Kolkata,West Bengal,Beauty,1,852.13,0.2,681.7,218.14,UPI,Store
IN102269,2024-03-02,Chennai,Tamil Nadu,Electronics,3,2565.92,0.0,7697.76,1847.46,UPI,Online
IN102270,2024-05-31,Ahmedabad,Gujarat,Home & Kitchen,2,1673.56,0.05,3179.76,953.93,Credit Card,Online
IN102271,2024-05-09,Ahmedabad,Gujarat,Clothing,5,1117.08,0.0,5585.4,1563.91,UPI,Store
IN102272,2025-03-06,Jaipur,Rajasthan,Beauty,5,1095.25,0.3,3833.37,1226.68,Cash,Store
IN102273,2025-09-29,Kolkata,West Bengal,Beauty,2,677.24,0.1,1219.03,390.09,Cash,Online
IN102274,2025-03-15,Mumbai,Maharashtra,Grocery,1,535.02,0.15,454.77,100.05,UPI,Store
IN102275,2024-07-30,Bengaluru,Karnataka,Grocery,2,747.02,0.05,1419.34,312.25,Credit Card,Store
IN102276,2025-02-03,Ahmedabad,Gujarat,Clothing,2,1801.29,0.25,2701.94,756.54,Net Banking,Store
IN102277,2025-11-04,Bengaluru,Karnataka,Home & Kitchen,4,2388.57,0.05,9076.57,2722.97,UPI,Online
IN102278,2025-12-17,Ahmedabad,Gujarat,Beauty,5,1119.07,0.05,5315.58,1700.99,Debit Card,Store
IN102279,2025-06-24,Mumbai,Maharashtra,Home & Kitchen,1,1507.42,0.05,1432.05,429.62,UPI,Online
IN102280,2024-06-30,Chennai,Tamil Nadu,Grocery,4,575.71,0.1,2072.56,455.96,Credit Card,Online
IN102281,2024-02-20,Hyderabad,Telangana,Grocery,2,822.89,0.0,1645.78,362.07,Cash,Online
IN102282,2025-06-09,Chennai,Tamil Nadu,Home & Kitchen,5,2300.52,0.1,10352.34,3105.7,Credit Card,Store
IN102283,2024-12-15,Ahmedabad,Gujarat,Grocery,4,725.68,0.0,2902.72,638.6,Debit Card,Online
IN102284,2024-02-27,Lucknow,Uttar Pradesh,Home & Kitchen,4,1626.96,0.1,5857.06,1757.12,Net Banking,Online
IN102285,2025-02-22,Hyderabad,Telangana,Grocery,1,549.66,0.1,494.69,108.83,Debit Card,Store
IN102286,2024-05-16,Hyderabad,Telangana,Electronics,2,4012.75,0.05,7624.22,1829.81,Debit Card,Store
IN102287,2025-10-01,Bengaluru,Karnataka,Clothing,1,1166.78,0.05,1108.44,310.36,Credit Card,Store
IN102288,2024-02-06,Kolkata,West Bengal,Clothing,4,1582.24,0.15,5379.62,1506.29,Debit Card,Online
IN102289,2025-05-08,Bengaluru,Karnataka,Electronics,4,4253.34,0.0,17013.36,4083.21,Cash,Online
IN102290,2024-12-24,Bengaluru,Karnataka,Electronics,1,3707.01,0.05,3521.66,845.2,Net Banking,Store
IN102291,2024-03-25,Lucknow,Uttar Pradesh,Grocery,4,563.87,0.15,1917.16,421.78,Cash,Online
IN102292,2025-12-22,Chennai,Tamil Nadu,Electronics,3,2827.61,0.0,8482.83,2035.88,Debit Card,Store
IN102293,2025-10-12,Chennai,Tamil Nadu,Clothing,5,1064.53,0.1,4790.38,1341.31,UPI,Online
IN102294,2025-06-22,Pune,Maharashtra,Home & Kitchen,2,2062.9,0.0,4125.8,1237.74,Cash,Store
IN102295,2024-12-09,Ahmedabad,Gujarat,Beauty,5,933.28,0.0,4666.4,1493.25,Debit Card,Online
IN102296,2024-06-19,Lucknow,Uttar Pradesh,Home & Kitchen,2,1501.57,0.15,2552.67,765.8,Debit Card,Online
IN102297,2025-11-20,Pune,Maharashtra,Beauty,4,763.19,0.05,2900.12,928.04,UPI,Store
IN102298,2024-01-20,Mumbai,Maharashtra,Grocery,1,458.81,0.05,435.87,95.89,Net Banking,Online
IN102299,2024-10-29,Ahmedabad,Gujarat,Clothing,1,1870.36,0.15,1589.81,445.15,UPI,Online
IN102300,2024-07-15,Ahmedabad,Gujarat,Grocery,4,804.84,0.0,3219.36,708.26,UPI,Store
IN102301,2024-11-22,Jaipur,Rajasthan,Grocery,2,621.54,0.1,1118.77,246.13,Debit Card,Online
IN102302,2025-07-29,Jaipur,Rajasthan,Clothing,4,1840.94,0.25,5522.82,1546.39,Debit Card,Online
IN102303,2025-07-09,Delhi,Delhi,Electronics,2,3648.41,0.1,6567.14,1576.11,UPI,Online
IN102304,2024-01-12,Delhi,Delhi,Grocery,4,772.49,0.0,3089.96,679.79,Debit Card,Online
IN102305,2024-12-26,Bengaluru,Karnataka,Electronics,4,3654.31,0.1,13155.52,3157.32,UPI,Online
IN102306,2024-10-22,Mumbai,Maharashtra,Grocery,4,774.77,0.0,3099.08,681.8,UPI,Store
IN102307,2025-02-06,Hyderabad,Telangana,Electronics,1,2595.55,0.05,2465.77,591.78,UPI,Store
IN102308,2025-03-13,Hyderabad,Telangana,Grocery,2,692.61,0.2,1108.18,243.8,Cash,Online
IN102309,2025-01-09,Jaipur,Rajasthan,Grocery,4,813.86,0.0,3255.44,716.2,UPI,Online
IN102310,2025-10-14,Jaipur,Rajasthan,Electronics,5,2280.65,0.0,11403.25,2736.78,UPI,Store
IN102311,2025-11-23,Jaipur,Rajasthan,Clothing,5,1092.33,0.05,5188.57,1452.8,Debit Card,Store
IN102312,2025-05-14,Lucknow,Uttar Pradesh,Grocery,1,558.78,0.3,391.15,86.05,Credit Card,Online
IN102313,2025-03-01,Kolkata,West Bengal,Home & Kitchen,3,1604.83,0.05,4573.77,1372.13,Cash,Store
IN102314,2025-10-26,Delhi,Delhi,Beauty,1,736.88,0.0,736.88,235.8,Cash,Store
IN102315,2024-02-13,Lucknow,Uttar Pradesh,Grocery,3,718.78,0.1,1940.71,426.96,Cash,Online
IN102316,2024-04-18,Chennai,Tamil Nadu,Home & Kitchen,1,1604.0,0.1,1443.6,433.08,UPI,Online
IN102317,2024-04-07,Hyderabad,Telangana,Clothing,5,1123.87,0.1,5057.42,1416.08,Credit Card,Online
IN102318,2025-03-20,Ahmedabad,Gujarat,Clothing,4,1804.3,0.25,5412.9,1515.61,Debit Card,Store
IN102319,2024-03-21,Delhi,Delhi,Electronics,2,3685.67,0.05,7002.77,1680.66,UPI,Store
IN102320,2024-08-05,Pune,Maharashtra,Grocery,4,558.96,0.05,2124.05,467.29,UPI,Store
IN102321,2024-05-28,Chennai,Tamil Nadu,Clothing,5,1308.47,0.0,6542.35,1831.86,Credit Card,Online
IN102322,2024-03-16,Delhi,Delhi,Electronics,2,3780.83,0.15,6427.41,1542.58,UPI,Store
IN102323,2025-08-14,Lucknow,Uttar Pradesh,Grocery,3,789.16,0.05,2249.11,494.8,Net Banking,Store
IN102324,2025-07-17,Mumbai,Maharashtra,Grocery,3,529.54,0.2,1270.9,279.6,Cash,Store
IN102325,2024-03-03,Ahmedabad,Gujarat,Clothing,5,1832.28,0.3,6412.98,1795.63,UPI,Online
IN102326,2025-08-18,Delhi,Delhi,Electronics,2,3873.37,0.0,7746.74,1859.22,UPI,Store
IN102327,2025-01-28,Kolkata,West Bengal,Clothing,4,1759.7,0.3,4927.16,1379.6,Net Banking,Online
IN102328,2025-05-17,Jaipur,Rajasthan,Clothing,5,1110.91,0.05,5276.82,1477.51,UPI,Store
IN102329,2025-01-01,Jaipur,Rajasthan,Grocery,3,515.57,0.1,1392.04,306.25,Cash,Store
IN102330,2025-04-22,Ahmedabad,Gujarat,Clothing,5,1257.89,0.15,5346.03,1496.89,Credit Card,Online
IN102331,2024-09-11,Lucknow,Uttar Pradesh,Grocery,4,482.31,0.15,1639.85,360.77,Cash,Store
IN102332,2024-02-28,Jaipur,Rajasthan,Home & Kitchen,1,1366.55,0.15,1161.57,348.47,Debit Card,Online
IN102333,2025-06-03,Delhi,Delhi,Clothing,1,1110.32,0.1,999.29,279.8,UPI,Store
IN102334,2025-01-23,Pune,Maharashtra,Beauty,4,1046.77,0.25,3140.31,1004.9,UPI,Online
IN102335,2025-08-10,Hyderabad,Telangana,Clothing,2,1007.51,0.2,1612.02,451.37,Credit Card,Store
IN102336,2025-03-01,Hyderabad,Telangana,Clothing,5,1055.75,0.05,5014.81,1404.15,Net Banking,Store
IN102337,2025-08-12,Chennai,Tamil Nadu,Clothing,4,1839.21,0.25,5517.63,1544.94,UPI,Online
IN102338,2025-09-27,Bengaluru,Karnataka,Electronics,1,2414.01,0.25,1810.51,434.52,Debit Card,Online
IN102339,2025-05-16,Mumbai,Maharashtra,Electronics,3,3357.92,0.1,9066.38,2175.93,UPI,Online
IN102340,2025-06-07,Ahmedabad,Gujarat,Clothing,4,1564.74,0.15,5320.12,1489.63,Cash,Online
IN102341,2024-10-06,Chennai,Tamil Nadu,Home & Kitchen,4,2381.55,0.2,7620.96,2286.29,Debit Card,Store
IN102342,2024-02-14,Bengaluru,Karnataka,Beauty,4,1156.38,0.2,3700.42,1184.13,UPI,Store
IN102343,2025-07-18,Lucknow,Uttar Pradesh,Grocery,1,641.19,0.0,641.19,141.06,UPI,Store
IN102344,2024-06-29,Kolkata,West Bengal,Electronics,1,4199.7,0.15,3569.74,856.74,UPI,Store
IN102345,2025-02-04,Kolkata,West Bengal,Grocery,4,637.63,0.3,1785.36,392.78,Debit Card,Online
IN102346,2025-01-08,Mumbai,Maharashtra,Grocery,4,738.04,0.05,2804.55,617.0,UPI,Store
IN102347,2024-08-21,Jaipur,Rajasthan,Home & Kitchen,2,1563.74,0.2,2501.98,750.59,UPI,Store
IN102348,2024-07-04,Delhi,Delhi,Home & Kitchen,3,2004.87,0.1,5413.15,1623.95,Net Banking,Online
IN102349,2024-03-15,Chennai,Tamil Nadu,Home & Kitchen,5,1889.68,0.05,8975.98,2692.79,Credit Card,Online
IN102350,2025-12-10,Chennai,Tamil Nadu,Clothing,5,1532.22,0.0,7661.1,2145.11,Debit Card,Online
IN102351,2025-08-13,Ahmedabad,Gujarat,Grocery,5,743.42,0.15,3159.54,695.1,UPI,Store
IN102352,2024-08-20,Ahmedabad,Gujarat,Clothing,1,1137.84,0.05,1080.95,302.67,UPI,Store
IN102353,2024-06-16,Kolkata,West Bengal,Beauty,1,806.24,0.05,765.93,245.1,UPI,Store
IN102354,2025-06-18,Kolkata,West Bengal,Electronics,2,3771.38,0.1,6788.48,1629.24,Debit Card,Online
IN102355,2025-02-10,Pune,Maharashtra,Electronics,1,2580.75,0.1,2322.68,557.44,Credit Card,Store
IN102356,2024-08-17,Pune,Maharashtra,Electronics,4,2956.02,0.05,11232.88,2695.89,Cash,Online
IN102357,2025-10-08,Jaipur,Rajasthan,Home & Kitchen,3,2039.78,0.15,5201.44,1560.43,Credit Card,Store
IN102358,2024-10-19,Pune,Maharashtra,Clothing,3,1833.26,0.15,4674.81,1308.95,UPI,Online
IN102359,2025-02-03,Delhi,Delhi,Clothing,3,1048.52,0.0,3145.56,880.76,Net Banking,Online
IN102360,2024-02-07,Delhi,Delhi,Beauty,3,932.19,0.1,2516.91,805.41,UPI,Store
IN102361,2024-08-19,Chennai,Tamil Nadu,Beauty,5,677.91,0.15,2881.12,921.96,UPI,Store
IN102362,2024-06-16,Hyderabad,Telangana,Clothing,5,1325.01,0.0,6625.05,1855.01,UPI,Online
IN102363,2024-10-11,Delhi,Delhi,Electronics,4,2604.8,0.2,8335.36,2000.49,Cash,Online
IN102364,2024-04-12,Bengaluru,Karnataka,Home & Kitchen,2,2019.84,0.1,3635.71,1090.71,Cash,Online
IN102365,2024-05-24,Kolkata,West Bengal,Beauty,1,1073.33,0.0,1073.33,343.47,UPI,Online
IN102366,2025-10-21,Ahmedabad,Gujarat,Grocery,1,559.5,0.05,531.52,116.93,UPI,Online
IN102367,2024-12-31,Pune,Maharashtra,Grocery,5,756.19,0.1,3402.86,748.63,Debit Card,Store
IN102368,2024-06-01,Chennai,Tamil Nadu,Clothing,3,1386.61,0.0,4159.83,1164.75,Net Banking,Store
IN102369,2025-02-25,Mumbai,Maharashtra,Home & Kitchen,4,1591.79,0.0,6367.16,1910.15,UPI,Online
IN102370,2024-11-14,Ahmedabad,Gujarat,Grocery,2,676.14,0.0,1352.28,297.5,Cash,Online
IN102371,2025-09-29,Bengaluru,Karnataka,Grocery,5,615.4,0.1,2769.3,609.25,UPI,Online
IN102372,2025-12-04,Pune,Maharashtra,Electronics,4,2718.39,0.05,10329.88,2479.17,UPI,Online
IN102373,2025-04-29,Bengaluru,Karnataka,Beauty,4,1072.75,0.2,3432.8,1098.5,UPI,Online
IN102374,2024-03-23,Kolkata,West Bengal,Grocery,5,791.95,0.1,3563.78,784.03,UPI,Online
IN102375,2025-06-16,Kolkata,West Bengal,Electronics,4,3904.65,0.15,13275.81,3186.19,UPI,Online
IN102376,2024-10-14,Jaipur,Rajasthan,Grocery,3,616.46,0.15,1571.97,345.83,Net Banking,Online
IN102377,2025-05-03,Chennai,Tamil Nadu,Grocery,4,526.63,0.1,1895.87,417.09,UPI,Online
IN102378,2024-09-24,Ahmedabad,Gujarat,Grocery,2,810.07,0.15,1377.12,302.97,UPI,Online
IN102379,2025-09-24,Lucknow,Uttar Pradesh,Home & Kitchen,4,1645.24,0.1,5922.86,1776.86,UPI,Online
IN102380,2025-09-14,Lucknow,Uttar Pradesh,Grocery,1,771.06,0.1,693.95,152.67,Debit Card,Store
IN102381,2024-03-19,Ahmedabad,Gujarat,Beauty,4,1108.21,0.1,3989.56,1276.66,Net Banking,Store
IN102382,2025-01-10,Mumbai,Maharashtra,Electronics,5,3837.76,0.2,15351.04,3684.25,UPI,Store
IN102383,2025-08-19,Chennai,Tamil Nadu,Electronics,1,3050.8,0.1,2745.72,658.97,Credit Card,Online
IN102384,2025-08-14,Bengaluru,Karnataka,Electronics,5,4191.07,0.05,19907.58,4777.82,UPI,Online
IN102385,2024-05-30,Mumbai,Maharashtra,Grocery,2,733.92,0.0,1467.84,322.92,Credit Card,Online
IN102386,2025-12-30,Hyderabad,Telangana,Grocery,3,698.25,0.1,1885.28,414.76,UPI,Online
IN102387,2024-01-15,Ahmedabad,Gujarat,Beauty,2,1038.28,0.05,1972.73,631.27,Credit Card,Store
IN102388,2024-04-10,Bengaluru,Karnataka,Home & Kitchen,1,1312.33,0.25,984.25,295.28,Debit Card,Online
IN102389,2025-01-22,Lucknow,Uttar Pradesh,Grocery,3,619.99,0.1,1673.97,368.27,Credit Card,Online
IN102390,2024-02-04,Delhi,Delhi,Beauty,4,1145.51,0.0,4582.04,1466.25,UPI,Store
IN102391,2024-12-16,Jaipur,Rajasthan,Clothing,1,1126.58,0.0,1126.58,315.44,UPI,Online
IN102392,2024-10-09,Lucknow,Uttar Pradesh,Home & Kitchen,3,1744.85,0.05,4972.82,1491.85,Debit Card,Store
IN102393,2025-09-28,Chennai,Tamil Nadu,Clothing,5,1348.78,0.0,6743.9,1888.29,Credit Card,Online
IN102394,2025-11-03,Kolkata,West Bengal,Grocery,3,605.43,0.2,1453.03,319.67,UPI,Store
IN102395,2025-06-08,Delhi,Delhi,Home & Kitchen,5,1917.95,0.2,7671.8,2301.54,Cash,Online
IN102396,2024-06-13,Jaipur,Rajasthan,Grocery,5,875.89,0.3,3065.62,674.44,Credit Card,Store
IN102397,2025-03-03,Jaipur,Rajasthan,Electronics,3,2772.17,0.15,7069.03,1696.57,UPI,Online
IN102398,2024-09-14,Hyderabad,Telangana,Clothing,2,1621.51,0.15,2756.57,771.84,UPI,Store
IN102399,2025-03-18,Hyderabad,Telangana,Grocery,2,775.25,0.25,1162.88,255.83,Net Banking,Online
IN102400,2025-09-17,Pune,Maharashtra,Home & Kitchen,5,1943.86,0.25,7289.48,2186.84,UPI,Store
IN102401,2024-04-29,Lucknow,Uttar Pradesh,Clothing,1,1068.7,0.2,854.96,239.39,Net Banking,Online
IN102402,2024-03-09,Lucknow,Uttar Pradesh,Beauty,3,964.84,0.2,2315.62,741.0,UPI,Online
IN102403,2024-09-30,Lucknow,Uttar Pradesh,Clothing,1,1847.65,0.15,1570.5,439.74,UPI,Store
IN102404,2025-07-13,Pune,Maharashtra,Grocery,2,599.52,0.0,1199.04,263.79,Debit Card,Store
IN102405,2024-11-17,Mumbai,Maharashtra,Home & Kitchen,1,2008.44,0.1,1807.6,542.28,UPI,Online
IN102406,2024-12-27,Jaipur,Rajasthan,Grocery,4,860.35,0.15,2925.19,643.54,UPI,Store
IN102407,2025-07-23,Delhi,Delhi,Beauty,4,1096.82,0.1,3948.55,1263.54,UPI,Online
IN102408,2025-08-12,Chennai,Tamil Nadu,Grocery,2,745.81,0.2,1193.3,262.53,Cash,Store
IN102409,2025-05-13,Jaipur,Rajasthan,Grocery,1,865.31,0.2,692.25,152.29,Credit Card,Store
IN102410,2024-07-22,Hyderabad,Telangana,Electronics,3,2594.81,0.1,7005.99,1681.44,UPI,Online
IN102411,2025-05-20,Bengaluru,Karnataka,Clothing,2,1683.2,0.0,3366.4,942.59,UPI,Store
IN102412,2025-09-06,Kolkata,West Bengal,Clothing,4,1350.22,0.05,5130.84,1436.64,Credit Card,Store
IN102413,2024-04-18,Pune,Maharashtra,Home & Kitchen,2,1681.71,0.05,3195.25,958.58,UPI,Online
IN102414,2024-09-21,Ahmedabad,Gujarat,Electronics,1,3323.0,0.05,3156.85,757.64,UPI,Store
IN102415,2025-01-22,Bengaluru,Karnataka,Electronics,1,2310.2,0.15,1963.67,471.28,UPI,Online
IN102416,2025-02-19,Chennai,Tamil Nadu,Electronics,1,2890.06,0.0,2890.06,693.61,Debit Card,Store
IN102417,2025-07-21,Lucknow,Uttar Pradesh,Electronics,5,2585.73,0.0,12928.65,3102.88,UPI,Store
IN102418,2024-11-07,Hyderabad,Telangana,Clothing,1,1106.21,0.1,995.59,278.77,Credit Card,Online
IN102419,2024-09-08,Hyderabad,Telangana,Beauty,4,827.34,0.2,2647.49,847.2,Debit Card,Store
IN102420,2025-08-06,Hyderabad,Telangana,Home & Kitchen,4,2198.65,0.0,8794.6,2638.38,Net Banking,Store
IN102421,2025-10-14,Lucknow,Uttar Pradesh,Home & Kitchen,5,1495.3,0.2,5981.2,1794.36,Debit Card,Store
IN102422,2025-01-22,Ahmedabad,Gujarat,Home & Kitchen,4,1881.76,0.1,6774.34,2032.3,UPI,Online
IN102423,2025-11-22,Pune,Maharashtra,Clothing,4,1661.28,0.0,6645.12,1860.63,Debit Card,Online
IN102424,2024-07-21,Bengaluru,Karnataka,Beauty,2,770.97,0.1,1387.75,444.08,Net Banking,Store
IN102425,2024-04-19,Lucknow,Uttar Pradesh,Electronics,1,4162.34,0.25,3121.76,749.22,Credit Card,Online
IN102426,2024-03-22,Chennai,Tamil Nadu,Clothing,2,1768.51,0.1,3183.32,891.33,UPI,Online
IN102427,2025-08-18,Pune,Maharashtra,Grocery,2,561.12,0.15,953.9,209.86,UPI,Store
IN102428,2024-07-11,Chennai,Tamil Nadu,Electronics,4,4298.45,0.2,13755.04,3301.21,Cash,Online
IN102429,2024-05-18,Pune,Maharashtra,Home & Kitchen,3,2042.93,0.2,4903.03,1470.91,UPI,Store
IN102430,2024-08-08,Ahmedabad,Gujarat,Clothing,1,1240.35,0.0,1240.35,347.3,UPI,Store
IN102431,2024-07-07,Kolkata,West Bengal,Home & Kitchen,3,2056.81,0.15,5244.87,1573.46,Credit Card,Store
IN102432,2024-12-05,Chennai,Tamil Nadu,Grocery,4,736.49,0.25,2209.47,486.08,Cash,Online
IN102433,2025-04-22,Lucknow,Uttar Pradesh,Electronics,5,3500.88,0.15,14878.74,3570.9,UPI,Online
IN102434,2025-02-25,Pune,Maharashtra,Home & Kitchen,2,2092.68,0.2,3348.29,1004.49,Cash,Online
IN102435,2024-07-15,Hyderabad,Telangana,Clothing,4,1224.17,0.1,4407.01,1233.96,Cash,Store
IN102436,2025-08-08,Jaipur,Rajasthan,Grocery,4,868.62,0.05,3300.76,726.17,Credit Card,Online
IN102437,2024-07-16,Hyderabad,Telangana,Electronics,3,4024.42,0.15,10262.27,2462.94,Credit Card,Store
IN102438,2024-11-19,Mumbai,Maharashtra,Grocery,5,770.08,0.1,3465.36,762.38,Credit Card,Store
IN102439,2024-09-16,Kolkata,West Bengal,Grocery,2,466.11,0.2,745.78,164.07,Net Banking,Store
IN102440,2024-07-17,Kolkata,West Bengal,Clothing,5,1517.25,0.3,5310.38,1486.91,Debit Card,Online
IN102441,2024-05-16,Hyderabad,Telangana,Beauty,5,1043.29,0.2,4173.16,1335.41,Net Banking,Online
IN102442,2024-12-11,Bengaluru,Karnataka,Home & Kitchen,5,2259.3,0.3,7907.55,2372.27,UPI,Store
IN102443,2025-05-14,Ahmedabad,Gujarat,Grocery,1,854.75,0.05,812.01,178.64,UPI,Online
IN102444,2024-06-23,Chennai,Tamil Nadu,Home & Kitchen,5,2331.55,0.2,9326.2,2797.86,UPI,Online
IN102445,2025-05-03,Lucknow,Uttar Pradesh,Clothing,4,1349.5,0.05,5128.1,1435.87,Credit Card,Online
IN102446,2025-04-13,Kolkata,West Bengal,Grocery,1,833.77,0.0,833.77,183.43,Cash,Store
IN102447,2024-11-11,Hyderabad,Telangana,Electronics,1,2241.56,0.15,1905.33,457.28,UPI,Store
IN102448,2025-01-14,Hyderabad,Telangana,Electronics,5,2971.07,0.1,13369.82,3208.76,UPI,Online
IN102449,2025-03-17,Ahmedabad,Gujarat,Beauty,4,696.62,0.25,2089.86,668.76,UPI,Store
IN102450,2024-05-12,Ahmedabad,Gujarat,Grocery,2,828.1,0.1,1490.58,327.93,Credit Card,Online
IN102451,2024-01-27,Delhi,Delhi,Clothing,5,1824.46,0.25,6841.72,1915.68,UPI,Store
IN102452,2024-09-13,Delhi,Delhi,Clothing,1,1212.97,0.0,1212.97,339.63,UPI,Online
IN102453,2025-07-16,Bengaluru,Karnataka,Grocery,2,610.19,0.2,976.3,214.79,Cash,Store
IN102454,2025-10-17,Bengaluru,Karnataka,Electronics,2,4286.47,0.15,7287.0,1748.88,UPI,Online
IN102455,2024-12-21,Mumbai,Maharashtra,Electronics,1,3417.41,0.15,2904.8,697.15,Debit Card,Online
IN102456,2024-08-23,Bengaluru,Karnataka,Electronics,2,3273.88,0.05,6220.37,1492.89,Credit Card,Online
IN102457,2025-11-02,Pune,Maharashtra,Grocery,4,666.43,0.2,2132.58,469.17,Debit Card,Online
IN102458,2024-12-24,Ahmedabad,Gujarat,Grocery,4,749.14,0.1,2696.9,593.32,UPI,Store
IN102459,2024-09-27,Lucknow,Uttar Pradesh,Electronics,5,4225.45,0.15,17958.16,4309.96,Net Banking,Online
IN102460,2025-10-27,Pune,Maharashtra,Home & Kitchen,5,1688.95,0.1,7600.28,2280.08,Debit Card,Online
IN102461,2025-07-02,Chennai,Tamil Nadu,Clothing,2,1137.12,0.0,2274.24,636.79,UPI,Online
IN102462,2025-05-24,Hyderabad,Telangana,Grocery,1,533.17,0.0,533.17,117.3,UPI,Online
IN102463,2025-12-29,Bengaluru,Karnataka,Beauty,4,641.91,0.05,2439.26,780.56,UPI,Online
IN102464,2025-03-14,Hyderabad,Telangana,Grocery,3,689.66,0.25,1551.74,341.38,Cash,Online
IN102465,2025-10-03,Kolkata,West Bengal,Beauty,5,1173.53,0.1,5280.88,1689.88,Credit Card,Online
IN102466,2025-08-10,Mumbai,Maharashtra,Beauty,4,1047.15,0.2,3350.88,1072.28,UPI,Online
IN102467,2025-04-15,Kolkata,West Bengal,Grocery,2,874.53,0.1,1574.15,346.31,UPI,Online
IN102468,2025-12-09,Mumbai,Maharashtra,Grocery,4,839.28,0.25,2517.84,553.92,Cash,Store
IN102469,2024-11-06,Delhi,Delhi,Home & Kitchen,4,1835.47,0.05,6974.79,2092.44,Cash,Store
IN102470,2024-08-04,Hyderabad,Telangana,Clothing,2,1422.76,0.0,2845.52,796.75,Credit Card,Online
IN102471,2025-09-02,Mumbai,Maharashtra,Clothing,5,1551.81,0.2,6207.24,1738.03,Credit Card,Store
IN102472,2024-11-07,Jaipur,Rajasthan,Beauty,5,694.9,0.15,2953.32,945.06,Cash,Store
IN102473,2024-08-17,Pune,Maharashtra,Home & Kitchen,3,1970.99,0.1,5321.67,1596.5,Debit Card,Online
IN102474,2025-09-12,Mumbai,Maharashtra,Electronics,3,3205.27,0.05,9135.02,2192.4,UPI,Store
IN102475,2024-12-05,Mumbai,Maharashtra,Clothing,5,1564.89,0.0,7824.45,2190.85,UPI,Online
IN102476,2025-05-09,Pune,Maharashtra,Home & Kitchen,5,1921.3,0.1,8645.85,2593.76,Debit Card,Store
IN102477,2024-06-12,Hyderabad,Telangana,Grocery,5,586.14,0.15,2491.09,548.04,UPI,Online
IN102478,2024-04-25,Hyderabad,Telangana,Grocery,5,711.78,0.1,3203.01,704.66,UPI,Online
IN102479,2024-03-11,Pune,Maharashtra,Home & Kitchen,4,1688.24,0.1,6077.66,1823.3,Cash,Online
IN102480,2025-12-26,Kolkata,West Bengal,Grocery,3,537.23,0.1,1450.52,319.11,Credit Card,Store
IN102481,2024-02-22,Jaipur,Rajasthan,Grocery,2,740.22,0.0,1480.44,325.7,Cash,Store
IN102482,2025-08-19,Lucknow,Uttar Pradesh,Home & Kitchen,1,1618.43,0.15,1375.67,412.7,Credit Card,Online
IN102483,2024-12-07,Chennai,Tamil Nadu,Home & Kitchen,2,2300.16,0.15,3910.27,1173.08,Net Banking,Online
IN102484,2025-08-10,Jaipur,Rajasthan,Grocery,1,539.22,0.0,539.22,118.63,UPI,Online
IN102485,2024-11-27,Hyderabad,Telangana,Clothing,4,1526.13,0.05,5799.29,1623.8,Debit Card,Online
IN102486,2024-03-19,Lucknow,Uttar Pradesh,Clothing,3,1500.11,0.0,4500.33,1260.09,UPI,Online
IN102487,2024-04-16,Delhi,Delhi,Beauty,1,745.68,0.3,521.98,167.03,UPI,Online
IN102488,2024-03-22,Bengaluru,Karnataka,Electronics,5,3154.96,0.1,14197.32,3407.36,UPI,Store
IN102489,2024-07-20,Mumbai,Maharashtra,Clothing,4,1594.74,0.1,5741.06,1607.5,Debit Card,Store
IN102490,2025-01-26,Pune,Maharashtra,Grocery,1,589.58,0.1,530.62,116.74,UPI,Online
IN102491,2024-08-17,Pune,Maharashtra,Home & Kitchen,5,1393.18,0.25,5224.42,1567.33,Credit Card,Online
IN102492,2024-01-20,Mumbai,Maharashtra,Electronics,4,3519.7,0.15,11966.98,2872.08,UPI,Store
IN102493,2024-11-18,Bengaluru,Karnataka,Clothing,1,1183.95,0.0,1183.95,331.51,UPI,Store
IN102494,2025-04-12,Chennai,Tamil Nadu,Electronics,5,3657.47,0.1,16458.61,3950.07,Debit Card,Store
IN102495,2025-11-20,Bengaluru,Karnataka,Grocery,3,809.67,0.15,2064.66,454.23,Net Banking,Store
IN102496,2025-10-13,Lucknow,Uttar Pradesh,Clothing,4,1092.25,0.1,3932.1,1100.99,UPI,Store
IN102497,2024-11-05,Bengaluru,Karnataka,Clothing,1,1378.22,0.05,1309.31,366.61,Credit Card,Online
IN102498,2025-04-16,Lucknow,Uttar Pradesh,Clothing,5,1384.88,0.3,4847.08,1357.18,Net Banking,Online
IN102499,2025-08-14,Bengaluru,Karnataka,Beauty,3,1000.03,0.25,2250.07,720.02,Debit Card,Store
IN102500,2025-11-24,Chennai,Tamil Nadu,Clothing,5,1284.31,0.25,4816.16,1348.52,Debit Card,Online
IN102501,2024-03-14,Chennai,Tamil Nadu,Electronics,3,3110.62,0.0,9331.86,2239.65,UPI,Online
IN102502,2025-10-20,Hyderabad,Telangana,Grocery,1,460.07,0.05,437.07,96.16,Credit Card,Online
IN102503,2025-10-15,Mumbai,Maharashtra,Beauty,5,701.62,0.1,3157.29,1010.33,UPI,Store
IN102504,2025-03-11,Chennai,Tamil Nadu,Grocery,5,695.77,0.2,2783.08,612.28,Credit Card,Store
IN102505,2025-04-06,Lucknow,Uttar Pradesh,Beauty,2,756.3,0.15,1285.71,411.43,Cash,Online
IN102506,2024-05-29,Chennai,Tamil Nadu,Home & Kitchen,4,1429.15,0.2,4573.28,1371.98,Credit Card,Online
IN102507,2025-10-05,Hyderabad,Telangana,Electronics,5,2914.78,0.25,10930.42,2623.3,UPI,Store
IN102508,2024-11-10,Pune,Maharashtra,Grocery,3,524.09,0.2,1257.82,276.72,Net Banking,Online
IN102509,2025-11-04,Lucknow,Uttar Pradesh,Clothing,4,1034.26,0.05,3930.19,1100.45,Credit Card,Online
IN102510,2024-09-06,Hyderabad,Telangana,Grocery,1,574.93,0.05,546.18,120.16,Net Banking,Store
IN102511,2025-10-01,Kolkata,West Bengal,Clothing,4,1129.57,0.05,4292.37,1201.86,Credit Card,Online
IN102512,2024-09-30,Kolkata,West Bengal,Clothing,2,1707.45,0.05,3244.16,908.36,UPI,Online
IN102513,2025-04-26,Delhi,Delhi,Beauty,1,666.65,0.05,633.32,202.66,Credit Card,Store
IN102514,2024-03-22,Bengaluru,Karnataka,Electronics,5,3794.68,0.15,16127.39,3870.57,Credit Card,Online
IN102515,2024-08-19,Mumbai,Maharashtra,Home & Kitchen,1,1707.87,0.0,1707.87,512.36,UPI,Store
IN102516,2024-01-31,Ahmedabad,Gujarat,Electronics,1,3644.67,0.15,3097.97,743.51,Credit Card,Online
IN102517,2024-03-24,Jaipur,Rajasthan,Electronics,2,2349.59,0.2,3759.34,902.24,Credit Card,Online
IN102518,2024-02-11,Hyderabad,Telangana,Home & Kitchen,3,2337.22,0.0,7011.66,2103.5,Debit Card,Online
IN102519,2025-12-14,Pune,Maharashtra,Grocery,1,779.22,0.0,779.22,171.43,UPI,Online
IN102520,2024-09-07,Jaipur,Rajasthan,Home & Kitchen,3,1423.97,0.05,4058.31,1217.49,Credit Card,Store
IN102521,2025-05-24,Pune,Maharashtra,Electronics,4,2695.07,0.05,10241.27,2457.9,UPI,Store
IN102522,2025-01-21,Jaipur,Rajasthan,Grocery,2,727.09,0.1,1308.76,287.93,Credit Card,Store
IN102523,2025-08-19,Hyderabad,Telangana,Home & Kitchen,5,2338.23,0.15,9937.48,2981.24,UPI,Online
IN102524,2025-11-25,Ahmedabad,Gujarat,Grocery,1,643.36,0.15,546.86,120.31,UPI,Store
IN102525,2024-09-22,Jaipur,Rajasthan,Grocery,3,660.18,0.05,1881.51,413.93,UPI,Online
IN102526,2025-08-05,Hyderabad,Telangana,Beauty,1,769.11,0.1,692.2,221.5,UPI,Store
IN102527,2024-01-22,Chennai,Tamil Nadu,Grocery,2,616.82,0.15,1048.59,230.69,UPI,Store
IN102528,2025-02-10,Ahmedabad,Gujarat,Beauty,5,797.32,0.0,3986.6,1275.71,Net Banking,Online
IN102529,2024-03-16,Lucknow,Uttar Pradesh,Home & Kitchen,4,1670.17,0.05,6346.65,1904.0,Credit Card,Online
IN102530,2025-05-01,Pune,Maharashtra,Home & Kitchen,4,1284.1,0.2,4109.12,1232.74,Credit Card,Online
IN102531,2025-11-10,Kolkata,West Bengal,Electronics,3,2325.41,0.05,6627.42,1590.58,Net Banking,Online
IN102532,2024-12-16,Bengaluru,Karnataka,Clothing,4,1599.42,0.2,5118.14,1433.08,Net Banking,Store
IN102533,2024-08-27,Kolkata,West Bengal,Home & Kitchen,3,2057.7,0.05,5864.44,1759.33,Cash,Online
IN102534,2024-02-20,Ahmedabad,Gujarat,Clothing,5,1280.51,0.0,6402.55,1792.71,UPI,Online
IN102535,2025-04-20,Lucknow,Uttar Pradesh,Electronics,1,4081.76,0.1,3673.58,881.66,Debit Card,Online
IN102536,2025-08-17,Pune,Maharashtra,Clothing,2,1222.16,0.2,1955.46,547.53,Cash,Store
IN102537,2025-08-24,Lucknow,Uttar Pradesh,Clothing,5,1340.16,0.2,5360.64,1500.98,Cash,Online
IN102538,2025-06-08,Jaipur,Rajasthan,Beauty,5,1057.85,0.05,5024.79,1607.93,Credit Card,Online
IN102539,2024-06-05,Pune,Maharashtra,Home & Kitchen,4,2129.97,0.25,6389.91,1916.97,UPI,Online
IN102540,2024-07-17,Jaipur,Rajasthan,Grocery,4,818.84,0.1,2947.82,648.52,Net Banking,Store
IN102541,2025-03-06,Hyderabad,Telangana,Electronics,2,2300.44,0.0,4600.88,1104.21,Credit Card,Online
IN102542,2025-10-27,Ahmedabad,Gujarat,Home & Kitchen,1,1475.0,0.0,1475.0,442.5,UPI,Store
IN102543,2025-12-10,Hyderabad,Telangana,Grocery,5,725.64,0.1,3265.38,718.38,UPI,Online
IN102544,2024-04-27,Delhi,Delhi,Beauty,4,827.85,0.1,2980.26,953.68,Credit Card,Online
IN102545,2025-10-24,Lucknow,Uttar Pradesh,Grocery,5,473.4,0.0,2367.0,520.74,UPI,Online
IN102546,2024-03-15,Jaipur,Rajasthan,Clothing,1,1513.68,0.25,1135.26,317.87,UPI,Online
IN102547,2025-12-25,Chennai,Tamil Nadu,Grocery,3,621.07,0.15,1583.73,348.42,Net Banking,Online
IN102548,2025-01-01,Hyderabad,Telangana,Beauty,1,843.0,0.2,674.4,215.81,UPI,Online
IN102549,2024-06-26,Delhi,Delhi,Grocery,5,566.69,0.1,2550.11,561.02,Credit Card,Store
IN102550,2024-04-17,Mumbai,Maharashtra,Grocery,5,457.53,0.15,1944.5,427.79,Cash,Online
IN102551,2025-11-19,Kolkata,West Bengal,Clothing,2,1145.95,0.1,2062.71,577.56,Credit Card,Online
IN102552,2025-04-23,Pune,Maharashtra,Home & Kitchen,5,1814.86,0.15,7713.15,2313.95,UPI,Store
IN102553,2025-11-16,Delhi,Delhi,Home & Kitchen,4,1582.61,0.3,4431.31,1329.39,Credit Card,Online
IN102554,2024-04-02,Ahmedabad,Gujarat,Clothing,2,1775.69,0.15,3018.67,845.23,UPI,Store
IN102555,2024-04-09,Hyderabad,Telangana,Grocery,5,515.42,0.05,2448.24,538.61,UPI,Store
IN102556,2024-06-29,Ahmedabad,Gujarat,Clothing,1,1776.56,0.05,1687.73,472.56,Debit Card,Online
IN102557,2025-11-01,Kolkata,West Bengal,Clothing,5,1348.39,0.25,5056.46,1415.81,Net Banking,Store
IN102558,2024-04-05,Chennai,Tamil Nadu,Electronics,1,2813.75,0.0,2813.75,675.3,Debit Card,Online
IN102559,2024-08-19,Lucknow,Uttar Pradesh,Clothing,1,1256.91,0.2,1005.53,281.55,UPI,Online
IN102560,2024-09-07,Lucknow,Uttar Pradesh,Grocery,5,594.45,0.1,2675.02,588.5,UPI,Online
IN102561,2025-08-01,Ahmedabad,Gujarat,Electronics,1,3293.65,0.1,2964.29,711.43,UPI,Online
IN102562,2024-01-19,Jaipur,Rajasthan,Clothing,3,1302.03,0.15,3320.18,929.65,Credit Card,Online
IN102563,2024-10-13,Chennai,Tamil Nadu,Beauty,2,1008.62,0.0,2017.24,645.52,UPI,Online
IN102564,2024-07-25,Lucknow,Uttar Pradesh,Grocery,5,634.64,0.1,2855.88,628.29,Cash,Online
IN102565,2024-11-06,Chennai,Tamil Nadu,Grocery,3,738.77,0.0,2216.31,487.59,UPI,Online
IN102566,2024-04-12,Delhi,Delhi,Clothing,1,1530.03,0.15,1300.53,364.15,UPI,Online
IN102567,2024-06-07,Chennai,Tamil Nadu,Grocery,1,558.28,0.0,558.28,122.82,Credit Card,Online
IN102568,2025-12-07,Bengaluru,Karnataka,Electronics,2,3930.57,0.0,7861.14,1886.67,UPI,Online
IN102569,2025-07-16,Kolkata,West Bengal,Home & Kitchen,3,2194.81,0.2,5267.54,1580.26,Debit Card,Online
IN102570,2025-01-12,Lucknow,Uttar Pradesh,Electronics,3,4297.08,0.1,11602.12,2784.51,Net Banking,Store
IN102571,2024-08-11,Chennai,Tamil Nadu,Grocery,5,528.96,0.05,2512.56,552.76,UPI,Online
IN102572,2025-12-14,Ahmedabad,Gujarat,Clothing,1,1751.53,0.1,1576.38,441.39,UPI,Store
IN102573,2024-04-01,Mumbai,Maharashtra,Home & Kitchen,4,2280.22,0.1,8208.79,2462.64,Net Banking,Store
IN102574,2025-10-28,Bengaluru,Karnataka,Grocery,5,726.31,0.1,3268.4,719.05,Debit Card,Online
IN102575,2024-06-24,Bengaluru,Karnataka,Clothing,5,1440.81,0.25,5403.04,1512.85,Net Banking,Store
IN102576,2024-04-19,Jaipur,Rajasthan,Electronics,5,4231.1,0.15,17982.18,4315.72,UPI,Online
IN102577,2024-06-27,Chennai,Tamil Nadu,Grocery,2,865.96,0.0,1731.92,381.02,UPI,Online
IN102578,2025-03-28,Jaipur,Rajasthan,Beauty,2,1005.39,0.1,1809.7,579.1,UPI,Store
IN102579,2024-03-15,Jaipur,Rajasthan,Home & Kitchen,5,1680.69,0.0,8403.45,2521.04,UPI,Online
IN102580,2025-08-05,Mumbai,Maharashtra,Electronics,4,3939.7,0.05,14970.86,3593.01,Debit Card,Store
IN102581,2025-12-21,Delhi,Delhi,Clothing,3,1061.22,0.25,2387.74,668.57,UPI,Online
IN102582,2025-05-06,Chennai,Tamil Nadu,Beauty,3,800.0,0.1,2160.0,691.2,Credit Card,Online
IN102583,2024-04-12,Hyderabad,Telangana,Grocery,1,871.4,0.2,697.12,153.37,UPI,Online
IN102584,2024-02-10,Lucknow,Uttar Pradesh,Grocery,3,799.06,0.0,2397.18,527.38,Cash,Online
IN102585,2025-03-10,Jaipur,Rajasthan,Beauty,3,1179.66,0.05,3362.03,1075.85,UPI,Online
IN102586,2024-11-29,Kolkata,West Bengal,Home & Kitchen,4,1955.91,0.05,7432.46,2229.74,UPI,Online
IN102587,2024-10-06,Pune,Maharashtra,Grocery,3,627.24,0.05,1787.63,393.28,Debit Card,Store
IN102588,2025-06-25,Kolkata,West Bengal,Clothing,4,1871.52,0.15,6363.17,1781.69,UPI,Online
IN102589,2025-05-20,Mumbai,Maharashtra,Clothing,2,1261.58,0.1,2270.84,635.84,Credit Card,Online
IN102590,2024-08-30,Mumbai,Maharashtra,Home & Kitchen,4,2146.17,0.1,7726.21,2317.86,Credit Card,Online
IN102591,2025-07-17,Ahmedabad,Gujarat,Clothing,2,1487.97,0.15,2529.55,708.27,Cash,Store
IN102592,2025-07-22,Delhi,Delhi,Clothing,4,1187.94,0.15,4039.0,1130.92,Debit Card,Online
IN102593,2025-12-02,Lucknow,Uttar Pradesh,Clothing,5,995.91,0.2,3983.64,1115.42,Debit Card,Online
IN102594,2024-03-19,Jaipur,Rajasthan,Electronics,2,3038.23,0.1,5468.81,1312.51,Net Banking,Store
IN102595,2025-03-12,Kolkata,West Bengal,Grocery,2,686.4,0.2,1098.24,241.61,Net Banking,Online
IN102596,2025-12-08,Pune,Maharashtra,Grocery,3,532.4,0.1,1437.48,316.25,Debit Card,Online
IN102597,2025-04-05,Mumbai,Maharashtra,Grocery,2,630.15,0.15,1071.25,235.68,Credit Card,Store
IN102598,2024-07-15,Mumbai,Maharashtra,Clothing,4,1539.82,0.2,4927.42,1379.68,Debit Card,Store
IN102599,2024-01-31,Delhi,Delhi,Beauty,5,1048.23,0.0,5241.15,1677.17,UPI,Online
IN102600,2024-01-30,Pune,Maharashtra,Electronics,5,2349.7,0.1,10573.65,2537.68,Net Banking,Online
IN102601,2024-04-22,Pune,Maharashtra,Home & Kitchen,3,2037.09,0.3,4277.89,1283.37,Debit Card,Store
IN102602,2025-10-11,Delhi,Delhi,Beauty,4,663.15,0.1,2387.34,763.95,UPI,Online
IN102603,2025-11-14,Mumbai,Maharashtra,Clothing,4,1005.65,0.2,3218.08,901.06,UPI,Store
IN102604,2025-01-24,Lucknow,Uttar Pradesh,Grocery,1,519.39,0.0,519.39,114.27,UPI,Online
IN102605,2025-10-28,Chennai,Tamil Nadu,Beauty,2,1012.38,0.15,1721.05,550.74,UPI,Online
IN102606,2024-10-02,Chennai,Tamil Nadu,Electronics,3,2349.87,0.2,5639.69,1353.53,UPI,Online
IN102607,2024-08-07,Delhi,Delhi,Grocery,5,463.83,0.1,2087.24,459.19,UPI,Store
IN102608,2024-10-02,Pune,Maharashtra,Grocery,1,504.84,0.1,454.36,99.96,UPI,Store
IN102609,2024-01-12,Jaipur,Rajasthan,Clothing,4,1844.25,0.0,7377.0,2065.56,Debit Card,Store
IN102610,2025-05-07,Delhi,Delhi,Home & Kitchen,2,2321.51,0.0,4643.02,1392.91,UPI,Store
IN102611,2025-08-19,Lucknow,Uttar Pradesh,Beauty,5,680.58,0.1,3062.61,980.04,UPI,Online
IN102612,2024-02-18,Delhi,Delhi,Home & Kitchen,1,1615.7,0.2,1292.56,387.77,Credit Card,Online
IN102613,2025-11-22,Bengaluru,Karnataka,Electronics,4,4210.37,0.25,12631.11,3031.47,Cash,Store
IN102614,2024-01-10,Kolkata,West Bengal,Electronics,5,2443.19,0.15,10383.56,2492.05,Credit Card,Store
IN102615,2024-09-17,Pune,Maharashtra,Grocery,5,494.97,0.2,1979.88,435.57,UPI,Store
IN102616,2024-11-15,Ahmedabad,Gujarat,Electronics,4,2418.89,0.15,8224.23,1973.82,Credit Card,Store
IN102617,2024-07-04,Ahmedabad,Gujarat,Grocery,4,867.56,0.15,2949.7,648.93,UPI,Online
IN102618,2024-08-16,Pune,Maharashtra,Grocery,3,768.96,0.15,1960.85,431.39,UPI,Online
IN102619,2025-10-31,Lucknow,Uttar Pradesh,Grocery,5,545.62,0.1,2455.29,540.16,UPI,Store
IN102620,2024-01-21,Bengaluru,Karnataka,Grocery,4,474.41,0.1,1707.88,375.73,Credit Card,Online
IN102621,2024-01-16,Bengaluru,Karnataka,Clothing,1,1858.37,0.0,1858.37,520.34,Debit Card,Online
IN102622,2025-04-24,Mumbai,Maharashtra,Electronics,2,3125.02,0.2,5000.03,1200.01,Debit Card,Store
IN102623,2025-09-18,Kolkata,West Bengal,Clothing,3,1524.52,0.0,4573.56,1280.6,UPI,Online
IN102624,2024-01-06,Chennai,Tamil Nadu,Grocery,4,572.96,0.05,2177.25,478.99,Debit Card,Store
IN102625,2024-10-24,Hyderabad,Telangana,Grocery,2,775.41,0.1,1395.74,307.06,UPI,Online
IN102626,2024-09-15,Lucknow,Uttar Pradesh,Home & Kitchen,3,1490.26,0.3,3129.55,938.87,UPI,Store
IN102627,2024-02-09,Hyderabad,Telangana,Home & Kitchen,5,2180.69,0.2,8722.76,2616.83,UPI,Store
IN102628,2024-10-02,Hyderabad,Telangana,Beauty,2,764.9,0.05,1453.31,465.06,Credit Card,Online
IN102629,2025-06-02,Pune,Maharashtra,Clothing,3,1069.1,0.15,2726.2,763.34,UPI,Online
IN102630,2025-08-27,Ahmedabad,Gujarat,Electronics,4,3235.95,0.25,9707.85,2329.88,Debit Card,Online
IN102631,2025-05-25,Ahmedabad,Gujarat,Clothing,4,1720.03,0.1,6192.11,1733.79,Cash,Online
IN102632,2024-11-03,Chennai,Tamil Nadu,Home & Kitchen,3,1710.29,0.1,4617.78,1385.33,UPI,Online
IN102633,2025-06-16,Pune,Maharashtra,Clothing,5,1006.28,0.1,4528.26,1267.91,Credit Card,Store
IN102634,2025-04-24,Hyderabad,Telangana,Home & Kitchen,3,1907.37,0.05,5436.0,1630.8,UPI,Online
IN102635,2025-02-17,Jaipur,Rajasthan,Grocery,1,742.5,0.25,556.88,122.51,UPI,Online
IN102636,2025-06-06,Ahmedabad,Gujarat,Beauty,3,1063.31,0.2,2551.94,816.62,UPI,Online
IN102637,2025-04-09,Lucknow,Uttar Pradesh,Beauty,3,865.13,0.15,2206.08,705.95,Net Banking,Store
IN102638,2025-02-12,Lucknow,Uttar Pradesh,Electronics,4,2441.8,0.1,8790.48,2109.72,UPI,Online
IN102639,2024-02-19,Mumbai,Maharashtra,Clothing,5,1511.74,0.25,5669.02,1587.33,Cash,Store
IN102640,2024-02-14,Delhi,Delhi,Grocery,3,594.23,0.05,1693.56,372.58,UPI,Store
IN102641,2024-09-27,Jaipur,Rajasthan,Clothing,2,1841.67,0.05,3499.17,979.77,Cash,Store
IN102642,2024-10-01,Ahmedabad,Gujarat,Clothing,4,1437.47,0.05,5462.39,1529.47,Cash,Store
IN102643,2025-02-26,Bengaluru,Karnataka,Grocery,4,654.53,0.15,2225.4,489.59,Debit Card,Online
IN102644,2024-02-04,Ahmedabad,Gujarat,Clothing,3,1261.38,0.2,3027.31,847.65,Net Banking,Store
IN102645,2025-05-18,Mumbai,Maharashtra,Grocery,2,598.14,0.1,1076.65,236.86,UPI,Online
IN102646,2025-05-02,Lucknow,Uttar Pradesh,Grocery,3,671.64,0.15,1712.68,376.79,Credit Card,Store
IN102647,2025-10-14,Hyderabad,Telangana,Electronics,2,2877.86,0.05,5467.93,1312.3,Debit Card,Store
IN102648,2024-05-23,Bengaluru,Karnataka,Grocery,4,832.0,0.0,3328.0,732.16,Credit Card,Online
IN102649,2024-07-11,Pune,Maharashtra,Clothing,2,1379.51,0.05,2621.07,733.9,Cash,Online
IN102650,2025-06-30,Kolkata,West Bengal,Home & Kitchen,3,1601.67,0.1,4324.51,1297.35,UPI,Online
IN102651,2024-06-26,Hyderabad,Telangana,Electronics,1,2563.22,0.2,2050.58,492.14,UPI,Store
IN102652,2024-11-13,Kolkata,West Bengal,Beauty,1,1023.33,0.15,869.83,278.35,UPI,Online
IN102653,2025-01-25,Jaipur,Rajasthan,Clothing,2,1003.47,0.0,2006.94,561.94,Cash,Online
IN102654,2024-05-30,Delhi,Delhi,Electronics,3,3175.99,0.0,9527.97,2286.71,Net Banking,Online
IN102655,2025-09-02,Bengaluru,Karnataka,Clothing,5,1480.61,0.2,5922.44,1658.28,Credit Card,Online
IN102656,2025-03-22,Chennai,Tamil Nadu,Clothing,1,1289.2,0.0,1289.2,360.98,Credit Card,Store
IN102657,2025-06-24,Bengaluru,Karnataka,Clothing,4,1662.33,0.1,5984.39,1675.63,Debit Card,Store
IN102658,2024-05-29,Ahmedabad,Gujarat,Grocery,3,740.47,0.0,2221.41,488.71,Debit Card,Online
IN102659,2024-07-26,Lucknow,Uttar Pradesh,Grocery,3,865.42,0.1,2336.63,514.06,UPI,Online
IN102660,2024-12-14,Ahmedabad,Gujarat,Electronics,1,3298.23,0.05,3133.32,752.0,Debit Card,Online
IN102661,2024-09-18,Ahmedabad,Gujarat,Electronics,5,3358.65,0.05,15953.59,3828.86,Credit Card,Online
IN102662,2025-12-22,Jaipur,Rajasthan,Home & Kitchen,4,1547.63,0.1,5571.47,1671.44,Credit Card,Store
IN102663,2025-02-16,Hyderabad,Telangana,Grocery,5,617.87,0.05,2934.88,645.67,UPI,Online
IN102664,2024-03-29,Chennai,Tamil Nadu,Clothing,4,1004.44,0.0,4017.76,1124.97,Debit Card,Online
IN102665,2024-09-14,Chennai,Tamil Nadu,Home & Kitchen,1,2066.45,0.15,1756.48,526.94,Cash,Store
IN102666,2025-05-06,Ahmedabad,Gujarat,Clothing,3,1263.58,0.2,3032.59,849.13,Debit Card,Store
IN102667,2025-12-04,Kolkata,West Bengal,Home & Kitchen,4,1892.23,0.05,7190.47,2157.14,Debit Card,Online
IN102668,2025-08-30,Jaipur,Rajasthan,Clothing,3,1212.04,0.0,3636.12,1018.11,Credit Card,Online
IN102669,2025-07-01,Ahmedabad,Gujarat,Electronics,2,3531.76,0.0,7063.52,1695.24,Debit Card,Online
IN102670,2024-04-05,Delhi,Delhi,Beauty,2,891.84,0.1,1605.31,513.7,UPI,Store
IN102671,2025-02-07,Lucknow,Uttar Pradesh,Clothing,1,1418.49,0.2,1134.79,317.74,Cash,Store
IN102672,2025-03-14,Hyderabad,Telangana,Home & Kitchen,1,2362.85,0.05,2244.71,673.41,Credit Card,Online
IN102673,2024-02-06,Pune,Maharashtra,Clothing,1,1622.61,0.1,1460.35,408.9,Debit Card,Online
IN102674,2025-09-05,Delhi,Delhi,Grocery,2,565.65,0.0,1131.3,248.89,Debit Card,Store
IN102675,2025-04-25,Kolkata,West Bengal,Home & Kitchen,4,1849.59,0.1,6658.52,1997.56,Debit Card,Store
IN102676,2024-06-28,Bengaluru,Karnataka,Electronics,5,3210.68,0.0,16053.4,3852.82,Cash,Store
IN102677,2024-11-20,Bengaluru,Karnataka,Home & Kitchen,1,2190.21,0.25,1642.66,492.8,Credit Card,Online
IN102678,2025-08-04,Delhi,Delhi,Grocery,5,807.09,0.15,3430.13,754.63,Cash,Online
IN102679,2025-02-09,Ahmedabad,Gujarat,Grocery,5,574.75,0.05,2730.06,600.61,Credit Card,Online
IN102680,2025-04-13,Pune,Maharashtra,Grocery,2,801.94,0.2,1283.1,282.28,Net Banking,Online
IN102681,2025-09-10,Mumbai,Maharashtra,Home & Kitchen,4,1470.02,0.0,5880.08,1764.02,Debit Card,Online
IN102682,2024-09-27,Mumbai,Maharashtra,Electronics,2,3826.56,0.0,7653.12,1836.75,UPI,Online
IN102683,2024-12-19,Kolkata,West Bengal,Clothing,1,1206.39,0.25,904.79,253.34,Cash,Online
IN102684,2025-07-12,Ahmedabad,Gujarat,Home & Kitchen,2,1608.58,0.05,3056.3,916.89,Credit Card,Store
IN102685,2025-04-09,Chennai,Tamil Nadu,Home & Kitchen,2,2257.39,0.25,3386.08,1015.82,Net Banking,Online
IN102686,2025-09-11,Chennai,Tamil Nadu,Electronics,2,3113.76,0.15,5293.39,1270.41,Debit Card,Store
IN102687,2024-12-29,Hyderabad,Telangana,Grocery,1,873.51,0.3,611.46,134.52,UPI,Online
IN102688,2024-03-09,Pune,Maharashtra,Grocery,1,519.2,0.15,441.32,97.09,UPI,Store
IN102689,2024-11-03,Pune,Maharashtra,Clothing,2,1401.65,0.0,2803.3,784.92,Credit Card,Online
IN102690,2025-02-26,Bengaluru,Karnataka,Clothing,2,1646.53,0.2,2634.45,737.65,Cash,Store
IN102691,2025-05-28,Jaipur,Rajasthan,Grocery,5,457.27,0.0,2286.35,503.0,Debit Card,Online
IN102692,2024-08-06,Kolkata,West Bengal,Electronics,4,2555.86,0.15,8689.92,2085.58,UPI,Online
IN102693,2024-02-14,Mumbai,Maharashtra,Home & Kitchen,5,1283.82,0.1,5777.19,1733.16,Debit Card,Store
IN102694,2024-08-20,Kolkata,West Bengal,Home & Kitchen,4,2421.67,0.15,8233.68,2470.1,Credit Card,Online
IN102695,2025-12-01,Chennai,Tamil Nadu,Clothing,4,1672.17,0.15,5685.38,1591.91,UPI,Online
IN102696,2025-01-01,Chennai,Tamil Nadu,Clothing,2,1319.94,0.2,2111.9,591.33,UPI,Store
IN102697,2024-05-01,Delhi,Delhi,Clothing,5,1122.22,0.2,4488.88,1256.89,UPI,Store
IN102698,2025-05-09,Hyderabad,Telangana,Grocery,4,493.19,0.2,1578.21,347.21,UPI,Online
IN102699,2025-07-30,Pune,Maharashtra,Home & Kitchen,4,1882.33,0.1,6776.39,2032.92,UPI,Online
IN102700,2024-05-28,Lucknow,Uttar Pradesh,Clothing,1,1868.06,0.2,1494.45,418.45,UPI,Online
IN102701,2025-04-20,Kolkata,West Bengal,Grocery,4,740.02,0.15,2516.07,553.54,Cash,Online
IN102702,2025-08-01,Chennai,Tamil Nadu,Clothing,2,1312.28,0.2,2099.65,587.9,UPI,Store
IN102703,2024-12-15,Jaipur,Rajasthan,Clothing,3,1435.77,0.3,3015.12,844.23,UPI,Online
IN102704,2025-07-24,Bengaluru,Karnataka,Electronics,1,4317.72,0.0,4317.72,1036.25,UPI,Online
IN102705,2024-04-24,Mumbai,Maharashtra,Electronics,3,3319.03,0.05,9459.24,2270.22,Credit Card,Store
IN102706,2025-09-19,Hyderabad,Telangana,Clothing,2,1857.42,0.2,2971.87,832.12,Credit Card,Online
IN102707,2024-08-24,Jaipur,Rajasthan,Clothing,3,994.89,0.0,2984.67,835.71,UPI,Store
IN102708,2024-02-16,Hyderabad,Telangana,Home & Kitchen,4,2103.53,0.1,7572.71,2271.81,Debit Card,Online
IN102709,2025-09-12,Delhi,Delhi,Home & Kitchen,3,1993.78,0.2,4785.07,1435.52,Debit Card,Online
IN102710,2024-09-30,Lucknow,Uttar Pradesh,Clothing,5,1603.65,0.0,8018.25,2245.11,UPI,Store
IN102711,2024-04-22,Chennai,Tamil Nadu,Clothing,2,1499.22,0.25,2248.83,629.67,Credit Card,Online
IN102712,2025-06-28,Bengaluru,Karnataka,Clothing,5,1020.2,0.3,3570.7,999.8,Credit Card,Online
IN102713,2025-02-02,Jaipur,Rajasthan,Clothing,3,1116.1,0.05,3180.88,890.65,UPI,Online
IN102714,2024-10-18,Hyderabad,Telangana,Grocery,5,844.65,0.15,3589.76,789.75,Debit Card,Online
IN102715,2024-11-11,Pune,Maharashtra,Clothing,1,1191.96,0.0,1191.96,333.75,Cash,Online
IN102716,2024-06-10,Delhi,Delhi,Electronics,3,4305.31,0.15,10978.54,2634.85,Debit Card,Online
IN102717,2024-03-30,Pune,Maharashtra,Electronics,5,3653.54,0.1,16440.93,3945.82,UPI,Online
IN102718,2024-02-20,Bengaluru,Karnataka,Electronics,4,3164.26,0.2,10125.63,2430.15,Net Banking,Online
IN102719,2025-02-27,Jaipur,Rajasthan,Electronics,3,4153.7,0.05,11838.04,2841.13,Credit Card,Store
IN102720,2025-02-09,Delhi,Delhi,Grocery,1,790.88,0.15,672.25,147.89,UPI,Online
IN102721,2024-05-23,Jaipur,Rajasthan,Clothing,4,1370.36,0.2,4385.15,1227.84,UPI,Online
IN102722,2025-09-07,Chennai,Tamil Nadu,Clothing,3,1042.42,0.05,2970.9,831.85,Debit Card,Store
IN102723,2025-11-12,Ahmedabad,Gujarat,Grocery,4,821.86,0.2,2629.95,578.59,Cash,Online
IN102724,2025-06-11,Delhi,Delhi,Beauty,3,1077.55,0.25,2424.49,775.84,UPI,Store
IN102725,2024-05-12,Pune,Maharashtra,Beauty,3,1092.58,0.15,2786.08,891.55,UPI,Store
IN102726,2025-05-13,Bengaluru,Karnataka,Home & Kitchen,2,2131.48,0.2,3410.37,1023.11,Debit Card,Online
IN102727,2025-01-24,Lucknow,Uttar Pradesh,Electronics,5,2813.57,0.1,12661.06,3038.65,Net Banking,Online
IN102728,2024-06-18,Chennai,Tamil Nadu,Grocery,3,817.86,0.1,2208.22,485.81,UPI,Store
IN102729,2025-06-25,Ahmedabad,Gujarat,Home & Kitchen,1,1262.61,0.0,1262.61,378.78,Cash,Online
IN102730,2024-06-08,Lucknow,Uttar Pradesh,Electronics,5,2733.53,0.1,12300.89,2952.21,Credit Card,Store
IN102731,2025-10-20,Mumbai,Maharashtra,Grocery,2,474.67,0.1,854.41,187.97,Cash,Online
IN102732,2025-02-15,Chennai,Tamil Nadu,Home & Kitchen,5,1389.4,0.15,5904.95,1771.48,Credit Card,Online
IN102733,2025-11-17,Bengaluru,Karnataka,Grocery,5,679.93,0.0,3399.65,747.92,UPI,Online
IN102734,2025-08-06,Hyderabad,Telangana,Electronics,3,2317.49,0.05,6604.85,1585.16,Debit Card,Online
IN102735,2025-01-18,Delhi,Delhi,Electronics,1,2617.27,0.15,2224.68,533.92,Net Banking,Online
IN102736,2025-09-30,Jaipur,Rajasthan,Clothing,3,1191.79,0.0,3575.37,1001.1,UPI,Store
IN102737,2025-12-08,Bengaluru,Karnataka,Electronics,1,3603.1,0.1,3242.79,778.27,Credit Card,Store
IN102738,2024-07-03,Delhi,Delhi,Grocery,1,653.08,0.05,620.43,136.49,UPI,Store
IN102739,2025-10-23,Lucknow,Uttar Pradesh,Grocery,4,648.68,0.1,2335.25,513.75,UPI,Online
IN102740,2024-08-01,Jaipur,Rajasthan,Electronics,3,3838.34,0.3,8060.51,1934.52,Debit Card,Store
IN102741,2024-04-03,Kolkata,West Bengal,Beauty,2,897.18,0.2,1435.49,459.36,UPI,Store
IN102742,2025-07-23,Pune,Maharashtra,Clothing,5,1297.12,0.05,6161.32,1725.17,Cash,Store
IN102743,2024-08-06,Mumbai,Maharashtra,Electronics,4,4241.9,0.05,16119.22,3868.61,Credit Card,Online
IN102744,2024-08-06,Chennai,Tamil Nadu,Home & Kitchen,2,1269.7,0.25,1904.55,571.37,Net Banking,Store
IN102745,2024-01-13,Bengaluru,Karnataka,Home & Kitchen,3,1617.31,0.2,3881.54,1164.46,UPI,Store
IN102746,2025-02-26,Mumbai,Maharashtra,Grocery,1,712.47,0.0,712.47,156.74,UPI,Online
IN102747,2025-02-26,Hyderabad,Telangana,Home & Kitchen,3,2175.89,0.2,5222.14,1566.64,UPI,Store
IN102748,2025-04-30,Delhi,Delhi,Home & Kitchen,3,2215.2,0.05,6313.32,1894.0,Cash,Online
IN102749,2025-01-11,Delhi,Delhi,Beauty,4,656.95,0.1,2365.02,756.81,Credit Card,Online
IN102750,2025-10-13,Bengaluru,Karnataka,Clothing,2,1625.31,0.0,3250.62,910.17,UPI,Store
IN102751,2025-02-11,Ahmedabad,Gujarat,Home & Kitchen,4,2102.7,0.3,5887.56,1766.27,Cash,Online
IN102752,2024-04-28,Ahmedabad,Gujarat,Beauty,2,755.24,0.15,1283.91,410.85,Cash,Store
IN102753,2024-09-27,Kolkata,West Bengal,Home & Kitchen,4,1391.95,0.05,5289.41,1586.82,Cash,Store
IN102754,2024-04-06,Pune,Maharashtra,Electronics,5,3799.35,0.15,16147.24,3875.34,UPI,Online
IN102755,2024-02-16,Jaipur,Rajasthan,Grocery,1,560.41,0.05,532.39,117.13,UPI,Online
IN102756,2025-10-25,Hyderabad,Telangana,Grocery,1,455.71,0.0,455.71,100.26,Debit Card,Store
IN102757,2024-06-21,Mumbai,Maharashtra,Electronics,1,2705.03,0.1,2434.53,584.29,Credit Card,Store
IN102758,2024-12-12,Ahmedabad,Gujarat,Beauty,5,648.17,0.15,2754.72,881.51,UPI,Store
IN102759,2024-08-24,Kolkata,West Bengal,Electronics,5,2758.31,0.0,13791.55,3309.97,UPI,Store
IN102760,2025-06-26,Kolkata,West Bengal,Electronics,1,2936.84,0.1,2643.16,634.36,Net Banking,Online
IN102761,2024-07-31,Bengaluru,Karnataka,Beauty,1,788.77,0.1,709.89,227.16,UPI,Online
IN102762,2024-09-28,Hyderabad,Telangana,Clothing,2,1817.14,0.15,3089.14,864.96,Debit Card,Store
IN102763,2025-02-10,Lucknow,Uttar Pradesh,Electronics,2,2723.67,0.05,5174.97,1241.99,Credit Card,Online
IN102764,2024-03-18,Jaipur,Rajasthan,Grocery,3,652.53,0.0,1957.59,430.67,Debit Card,Online
IN102765,2025-07-06,Pune,Maharashtra,Grocery,4,859.51,0.05,3266.14,718.55,Debit Card,Store
IN102766,2024-05-25,Chennai,Tamil Nadu,Electronics,2,4068.73,0.1,7323.71,1757.69,Credit Card,Store
IN102767,2024-01-12,Bengaluru,Karnataka,Beauty,2,810.92,0.15,1378.56,441.14,UPI,Store
IN102768,2024-08-16,Jaipur,Rajasthan,Grocery,2,592.94,0.25,889.41,195.67,Debit Card,Online
IN102769,2025-11-21,Chennai,Tamil Nadu,Grocery,2,705.68,0.05,1340.79,294.97,UPI,Store
IN102770,2024-12-06,Chennai,Tamil Nadu,Grocery,5,842.8,0.15,3581.9,788.02,Cash,Store
IN102771,2025-11-02,Hyderabad,Telangana,Grocery,3,459.22,0.0,1377.66,303.09,Debit Card,Store
IN102772,2024-06-12,Hyderabad,Telangana,Clothing,2,1337.74,0.0,2675.48,749.13,Credit Card,Store
IN102773,2025-11-10,Mumbai,Maharashtra,Clothing,4,1753.3,0.1,6311.88,1767.33,UPI,Online
IN102774,2025-01-16,Kolkata,West Bengal,Grocery,2,628.42,0.15,1068.31,235.03,UPI,Store
IN102775,2025-12-31,Jaipur,Rajasthan,Home & Kitchen,5,2102.46,0.2,8409.84,2522.95,Debit Card,Store
IN102776,2025-08-04,Bengaluru,Karnataka,Electronics,1,3679.2,0.15,3127.32,750.56,UPI,Online
IN102777,2025-02-25,Delhi,Delhi,Grocery,1,541.81,0.0,541.81,119.2,Net Banking,Online
IN102778,2025-03-13,Bengaluru,Karnataka,Home & Kitchen,3,1786.03,0.15,4554.38,1366.31,Net Banking,Store
IN102779,2024-03-03,Mumbai,Maharashtra,Electronics,1,3417.67,0.2,2734.14,656.19,UPI,Online
IN102780,2024-09-02,Pune,Maharashtra,Electronics,2,3728.16,0.1,6710.69,1610.57,UPI,Online
IN102781,2024-02-19,Kolkata,West Bengal,Clothing,5,1728.37,0.25,6481.39,1814.79,UPI,Online
IN102782,2024-08-21,Delhi,Delhi,Grocery,3,776.07,0.0,2328.21,512.21,Net Banking,Online
IN102783,2025-06-11,Ahmedabad,Gujarat,Electronics,2,2298.89,0.2,3678.22,882.77,UPI,Online
IN102784,2025-05-30,Pune,Maharashtra,Clothing,1,1590.28,0.05,1510.77,423.02,UPI,Online
IN102785,2024-10-08,Hyderabad,Telangana,Grocery,4,665.12,0.15,2261.41,497.51,Debit Card,Store
IN102786,2025-10-30,Chennai,Tamil Nadu,Grocery,2,697.46,0.15,1185.68,260.85,UPI,Store
IN102787,2024-08-07,Ahmedabad,Gujarat,Clothing,4,1319.4,0.05,5013.72,1403.84,UPI,Store
IN102788,2024-12-13,Bengaluru,Karnataka,Clothing,4,1629.76,0.3,4563.33,1277.73,UPI,Online
IN102789,2024-12-29,Bengaluru,Karnataka,Home & Kitchen,3,2048.45,0.0,6145.35,1843.61,Debit Card,Store
IN102790,2025-07-16,Hyderabad,Telangana,Beauty,5,969.0,0.0,4845.0,1550.4,UPI,Store
IN102791,2024-02-11,Mumbai,Maharashtra,Home & Kitchen,1,2268.08,0.2,1814.46,544.34,Credit Card,Store
IN102792,2025-02-26,Jaipur,Rajasthan,Grocery,1,498.05,0.0,498.05,109.57,Cash,Online
IN102793,2024-05-14,Ahmedabad,Gujarat,Clothing,2,1253.93,0.1,2257.07,631.98,Credit Card,Online
IN102794,2024-09-15,Ahmedabad,Gujarat,Clothing,1,1430.57,0.15,1215.98,340.47,Debit Card,Store
IN102795,2024-07-09,Lucknow,Uttar Pradesh,Electronics,3,4233.9,0.2,10161.36,2438.73,UPI,Store
IN102796,2024-09-12,Pune,Maharashtra,Electronics,1,2389.68,0.25,1792.26,430.14,Credit Card,Store
IN102797,2025-05-08,Kolkata,West Bengal,Grocery,2,597.42,0.2,955.87,210.29,UPI,Store
IN102798,2024-03-13,Pune,Maharashtra,Clothing,1,1822.56,0.2,1458.05,408.25,Credit Card,Online
IN102799,2024-03-14,Jaipur,Rajasthan,Clothing,5,1797.13,0.25,6739.24,1886.99,UPI,Store
IN102800,2025-09-26,Bengaluru,Karnataka,Beauty,4,1136.17,0.1,4090.21,1308.87,UPI,Online
IN102801,2025-08-04,Bengaluru,Karnataka,Electronics,4,2881.45,0.05,10949.51,2627.88,UPI,Store
IN102802,2025-02-04,Bengaluru,Karnataka,Electronics,4,4001.42,0.15,13604.83,3265.16,UPI,Store
IN102803,2024-03-19,Lucknow,Uttar Pradesh,Electronics,5,3291.11,0.0,16455.55,3949.33,Credit Card,Store
IN102804,2024-09-04,Bengaluru,Karnataka,Grocery,3,716.86,0.0,2150.58,473.13,Credit Card,Online
IN102805,2024-07-05,Jaipur,Rajasthan,Grocery,2,555.9,0.2,889.44,195.68,UPI,Online
IN102806,2025-10-14,Hyderabad,Telangana,Clothing,5,1623.07,0.25,6086.51,1704.22,Debit Card,Store
IN102807,2025-07-09,Kolkata,West Bengal,Grocery,2,593.45,0.1,1068.21,235.01,Credit Card,Store
IN102808,2025-04-14,Jaipur,Rajasthan,Home & Kitchen,3,1662.34,0.0,4987.02,1496.11,Credit Card,Online
IN102809,2025-08-01,Kolkata,West Bengal,Home & Kitchen,5,2005.08,0.1,9022.86,2706.86,Cash,Online
IN102810,2025-03-31,Jaipur,Rajasthan,Beauty,1,770.3,0.1,693.27,221.85,UPI,Online
IN102811,2024-10-02,Bengaluru,Karnataka,Home & Kitchen,3,1522.59,0.05,4339.38,1301.81,UPI,Store
IN102812,2024-06-27,Hyderabad,Telangana,Grocery,4,610.97,0.15,2077.3,457.01,Credit Card,Store
IN102813,2024-05-08,Ahmedabad,Gujarat,Electronics,5,3858.37,0.0,19291.85,4630.04,Net Banking,Store
IN102814,2025-01-13,Pune,Maharashtra,Electronics,3,2707.34,0.1,7309.82,1754.36,Credit Card,Online
IN102815,2024-04-24,Chennai,Tamil Nadu,Electronics,3,3877.62,0.2,9306.29,2233.51,Cash,Store
IN102816,2024-11-17,Hyderabad,Telangana,Grocery,5,748.89,0.15,3182.78,700.21,Debit Card,Online
IN102817,2025-01-23,Ahmedabad,Gujarat,Home & Kitchen,4,2054.52,0.0,8218.08,2465.42,Credit Card,Online
IN102818,2025-04-08,Mumbai,Maharashtra,Grocery,4,655.58,0.1,2360.09,519.22,Debit Card,Store
IN102819,2024-07-20,Jaipur,Rajasthan,Electronics,3,3791.45,0.0,11374.35,2729.84,UPI,Online
IN102820,2025-09-20,Mumbai,Maharashtra,Grocery,2,460.71,0.25,691.06,152.03,Credit Card,Online
IN102821,2025-06-30,Ahmedabad,Gujarat,Beauty,3,808.78,0.05,2305.02,737.61,Credit Card,Store
IN102822,2025-02-12,Hyderabad,Telangana,Grocery,5,741.94,0.25,2782.28,612.1,Debit Card,Online
IN102823,2025-09-09,Jaipur,Rajasthan,Home & Kitchen,5,2415.14,0.2,9660.56,2898.17,UPI,Online
IN102824,2024-05-31,Chennai,Tamil Nadu,Home & Kitchen,5,1262.94,0.1,5683.23,1704.97,UPI,Online
IN102825,2025-10-14,Bengaluru,Karnataka,Beauty,4,928.33,0.05,3527.65,1128.85,Cash,Store
IN102826,2025-02-08,Jaipur,Rajasthan,Home & Kitchen,1,2340.89,0.2,1872.71,561.81,Debit Card,Store
IN102827,2025-05-05,Jaipur,Rajasthan,Home & Kitchen,5,2270.34,0.0,11351.7,3405.51,Net Banking,Online
IN102828,2024-06-10,Hyderabad,Telangana,Clothing,5,1001.05,0.0,5005.25,1401.47,Credit Card,Store
IN102829,2024-05-26,Hyderabad,Telangana,Electronics,2,3341.48,0.05,6348.81,1523.71,UPI,Online
IN102830,2025-02-15,Ahmedabad,Gujarat,Grocery,2,456.81,0.1,822.26,180.9,UPI,Online
IN102831,2024-09-12,Delhi,Delhi,Electronics,3,3882.32,0.05,11064.61,2655.51,Debit Card,Online
IN102832,2025-08-25,Jaipur,Rajasthan,Beauty,3,810.69,0.3,1702.45,544.78,UPI,Store
IN102833,2025-01-04,Pune,Maharashtra,Clothing,3,1676.69,0.0,5030.07,1408.42,Net Banking,Online
IN102834,2025-12-30,Jaipur,Rajasthan,Home & Kitchen,5,2365.41,0.2,9461.64,2838.49,UPI,Store
IN102835,2025-10-12,Ahmedabad,Gujarat,Clothing,2,1868.24,0.0,3736.48,1046.21,Cash,Online
IN102836,2025-11-19,Kolkata,West Bengal,Clothing,3,1793.64,0.05,5111.87,1431.32,Debit Card,Store
IN102837,2024-10-17,Mumbai,Maharashtra,Beauty,2,749.42,0.05,1423.9,455.65,Cash,Store
IN102838,2024-12-05,Bengaluru,Karnataka,Clothing,5,1157.09,0.3,4049.81,1133.95,UPI,Store
IN102839,2024-03-16,Delhi,Delhi,Clothing,5,1549.46,0.0,7747.3,2169.24,Credit Card,Store
IN102840,2025-07-22,Chennai,Tamil Nadu,Electronics,3,3371.63,0.15,8597.66,2063.44,UPI,Store
IN102841,2025-06-23,Chennai,Tamil Nadu,Grocery,5,459.03,0.05,2180.39,479.69,UPI,Store
IN102842,2025-05-19,Chennai,Tamil Nadu,Clothing,5,1336.47,0.2,5345.88,1496.85,UPI,Online
IN102843,2024-11-16,Hyderabad,Telangana,Grocery,2,838.08,0.05,1592.35,350.32,Debit Card,Online
IN102844,2025-10-23,Chennai,Tamil Nadu,Grocery,1,834.56,0.0,834.56,183.6,UPI,Store
IN102845,2024-11-02,Bengaluru,Karnataka,Home & Kitchen,4,1498.57,0.15,5095.14,1528.54,Net Banking,Online
IN102846,2024-12-12,Mumbai,Maharashtra,Home & Kitchen,3,1706.9,0.05,4864.67,1459.4,UPI,Online
IN102847,2025-01-27,Chennai,Tamil Nadu,Grocery,1,691.75,0.1,622.58,136.97,UPI,Online
IN102848,2024-07-17,Jaipur,Rajasthan,Clothing,3,1756.03,0.0,5268.09,1475.07,UPI,Online
IN102849,2025-11-06,Jaipur,Rajasthan,Home & Kitchen,1,1882.43,0.15,1600.07,480.02,Debit Card,Store
IN102850,2024-06-30,Hyderabad,Telangana,Clothing,5,1861.06,0.1,8374.77,2344.94,UPI,Online
IN102851,2024-08-27,Bengaluru,Karnataka,Grocery,3,792.6,0.0,2377.8,523.12,Cash,Store
IN102852,2024-03-06,Mumbai,Maharashtra,Clothing,1,1847.31,0.15,1570.21,439.66,Credit Card,Store
IN102853,2024-06-19,Delhi,Delhi,Home & Kitchen,4,2115.85,0.0,8463.4,2539.02,Net Banking,Store
IN102854,2025-10-06,Ahmedabad,Gujarat,Clothing,5,1778.64,0.1,8003.88,2241.09,UPI,Online
IN102855,2025-08-15,Mumbai,Maharashtra,Clothing,3,1736.21,0.15,4427.34,1239.66,Credit Card,Online
IN102856,2024-06-13,Ahmedabad,Gujarat,Grocery,3,562.25,0.25,1265.06,278.31,Debit Card,Store
IN102857,2024-03-03,Kolkata,West Bengal,Grocery,1,551.98,0.0,551.98,121.44,Cash,Store
IN102858,2024-12-20,Ahmedabad,Gujarat,Electronics,3,4037.92,0.15,10296.7,2471.21,Credit Card,Store
IN102859,2024-02-20,Pune,Maharashtra,Grocery,5,490.78,0.1,2208.51,485.87,Cash,Online
IN102860,2025-08-06,Jaipur,Rajasthan,Home & Kitchen,2,1738.02,0.1,3128.44,938.53,UPI,Online
IN102861,2024-02-12,Bengaluru,Karnataka,Beauty,1,1110.08,0.1,999.07,319.7,Debit Card,Store
IN102862,2024-11-16,Lucknow,Uttar Pradesh,Grocery,4,798.59,0.05,3034.64,667.62,UPI,Online
IN102863,2024-11-13,Hyderabad,Telangana,Clothing,3,1106.29,0.1,2986.98,836.35,UPI,Store
IN102864,2024-08-03,Pune,Maharashtra,Clothing,5,1423.82,0.15,6051.24,1694.35,UPI,Store
IN102865,2024-07-09,Ahmedabad,Gujarat,Home & Kitchen,3,1821.4,0.1,4917.78,1475.33,Cash,Store
IN102866,2025-10-31,Chennai,Tamil Nadu,Home & Kitchen,4,1638.75,0.0,6555.0,1966.5,Net Banking,Online
IN102867,2025-05-04,Bengaluru,Karnataka,Clothing,5,1814.63,0.05,8619.49,2413.46,UPI,Store
IN102868,2024-03-30,Pune,Maharashtra,Electronics,4,3598.48,0.05,13674.22,3281.81,Cash,Store
IN102869,2025-02-25,Hyderabad,Telangana,Home & Kitchen,5,2406.82,0.05,11432.4,3429.72,Credit Card,Store
IN102870,2025-05-05,Jaipur,Rajasthan,Clothing,2,1040.76,0.0,2081.52,582.83,Debit Card,Store
IN102871,2025-09-07,Bengaluru,Karnataka,Clothing,5,1338.86,0.1,6024.87,1686.96,UPI,Store
IN102872,2025-07-16,Hyderabad,Telangana,Electronics,4,3977.09,0.15,13522.11,3245.31,Credit Card,Store
IN102873,2024-09-10,Kolkata,West Bengal,Clothing,1,1364.64,0.0,1364.64,382.1,UPI,Store
IN102874,2024-04-16,Kolkata,West Bengal,Clothing,2,1218.31,0.15,2071.13,579.92,UPI,Online
IN102875,2024-10-20,Hyderabad,Telangana,Home & Kitchen,3,2427.43,0.25,5461.72,1638.52,Credit Card,Online
IN102876,2025-05-25,Pune,Maharashtra,Clothing,2,1774.54,0.0,3549.08,993.74,Cash,Online
IN102877,2024-08-23,Bengaluru,Karnataka,Clothing,2,1477.29,0.0,2954.58,827.28,Credit Card,Online
IN102878,2025-05-12,Pune,Maharashtra,Clothing,3,1491.16,0.1,4026.13,1127.32,Net Banking,Online
IN102879,2024-12-21,Delhi,Delhi,Grocery,5,457.9,0.05,2175.02,478.5,Cash,Online
IN102880,2025-09-08,Ahmedabad,Gujarat,Electronics,2,4280.47,0.15,7276.8,1746.43,UPI,Store
IN102881,2024-10-30,Delhi,Delhi,Grocery,2,795.66,0.05,1511.75,332.58,UPI,Online
IN102882,2025-06-15,Kolkata,West Bengal,Grocery,1,470.52,0.05,446.99,98.34,Debit Card,Online
IN102883,2025-05-06,Jaipur,Rajasthan,Electronics,1,2606.77,0.0,2606.77,625.62,Net Banking,Online
IN102884,2025-08-06,Mumbai,Maharashtra,Electronics,4,3947.74,0.05,15001.41,3600.34,Net Banking,Store
IN102885,2024-04-26,Ahmedabad,Gujarat,Electronics,3,2420.68,0.05,6898.94,1655.75,Debit Card,Online
IN102886,2025-01-01,Kolkata,West Bengal,Grocery,5,852.9,0.05,4051.27,891.28,Credit Card,Online
IN102887,2025-10-03,Pune,Maharashtra,Home & Kitchen,5,2429.87,0.0,12149.35,3644.81,Debit Card,Online
IN102888,2025-04-03,Pune,Maharashtra,Electronics,4,4083.78,0.1,14701.61,3528.39,UPI,Store
IN102889,2024-04-29,Pune,Maharashtra,Beauty,5,1062.26,0.05,5045.73,1614.63,UPI,Store
IN102890,2024-07-31,Jaipur,Rajasthan,Electronics,5,3253.55,0.2,13014.2,3123.41,Debit Card,Store
IN102891,2024-07-01,Delhi,Delhi,Home & Kitchen,1,1356.44,0.05,1288.62,386.59,Cash,Online
IN102892,2025-10-07,Mumbai,Maharashtra,Grocery,5,763.61,0.05,3627.15,797.97,Net Banking,Store
IN102893,2024-12-04,Pune,Maharashtra,Grocery,5,622.68,0.0,3113.4,684.95,UPI,Store
IN102894,2025-04-22,Lucknow,Uttar Pradesh,Grocery,4,695.92,0.15,2366.13,520.55,Cash,Online
IN102895,2025-05-08,Ahmedabad,Gujarat,Grocery,4,578.96,0.1,2084.26,458.54,Cash,Online
IN102896,2024-08-18,Bengaluru,Karnataka,Home & Kitchen,2,1543.32,0.0,3086.64,925.99,Debit Card,Online
IN102897,2024-12-29,Lucknow,Uttar Pradesh,Home & Kitchen,5,1639.43,0.05,7787.29,2336.19,UPI,Store
IN102898,2025-03-21,Mumbai,Maharashtra,Grocery,5,798.84,0.3,2795.94,615.11,Debit Card,Online
IN102899,2025-04-28,Jaipur,Rajasthan,Electronics,5,3127.1,0.2,12508.4,3002.02,Credit Card,Online
IN102900,2024-09-02,Mumbai,Maharashtra,Electronics,1,2888.35,0.05,2743.93,658.54,Debit Card,Online
IN102901,2024-08-12,Bengaluru,Karnataka,Home & Kitchen,5,1766.58,0.1,7949.61,2384.88,Debit Card,Online
IN102902,2024-06-05,Ahmedabad,Gujarat,Grocery,1,468.64,0.1,421.78,92.79,Cash,Store
IN102903,2025-09-22,Bengaluru,Karnataka,Grocery,2,831.28,0.0,1662.56,365.76,UPI,Store
IN102904,2025-08-28,Hyderabad,Telangana,Grocery,3,688.12,0.15,1754.71,386.04,UPI,Store
IN102905,2024-12-30,Ahmedabad,Gujarat,Home & Kitchen,5,1382.65,0.15,5876.26,1762.88,Credit Card,Online
IN102906,2024-07-04,Mumbai,Maharashtra,Grocery,4,576.85,0.1,2076.66,456.87,UPI,Online
IN102907,2025-05-09,Pune,Maharashtra,Home & Kitchen,4,2410.76,0.2,7714.43,2314.33,Net Banking,Online
IN102908,2024-07-03,Mumbai,Maharashtra,Home & Kitchen,5,1953.88,0.1,8792.46,2637.74,UPI,Store
IN102909,2025-01-21,Mumbai,Maharashtra,Clothing,1,1245.18,0.0,1245.18,348.65,Credit Card,Store
IN102910,2024-10-06,Ahmedabad,Gujarat,Clothing,4,1367.97,0.05,5198.29,1455.52,Cash,Store
IN102911,2025-04-26,Hyderabad,Telangana,Home & Kitchen,4,1562.42,0.1,5624.71,1687.41,UPI,Online
IN102912,2024-09-21,Mumbai,Maharashtra,Clothing,2,1008.94,0.0,2017.88,565.01,Cash,Online
IN102913,2025-10-31,Lucknow,Uttar Pradesh,Beauty,2,1122.59,0.1,2020.66,646.61,Credit Card,Online
IN102914,2024-12-17,Kolkata,West Bengal,Electronics,2,2848.36,0.0,5696.72,1367.21,UPI,Store
IN102915,2025-08-11,Chennai,Tamil Nadu,Electronics,4,3983.89,0.05,15138.78,3633.31,Net Banking,Store
IN102916,2024-03-22,Chennai,Tamil Nadu,Beauty,4,909.96,0.2,2911.87,931.8,UPI,Store
IN102917,2024-06-29,Mumbai,Maharashtra,Grocery,5,532.27,0.3,1862.94,409.85,Credit Card,Store
IN102918,2024-12-07,Lucknow,Uttar Pradesh,Clothing,5,1709.7,0.1,7693.65,2154.22,UPI,Online
IN102919,2024-07-14,Pune,Maharashtra,Home & Kitchen,1,1701.22,0.15,1446.04,433.81,UPI,Online
IN102920,2024-02-29,Jaipur,Rajasthan,Grocery,4,754.02,0.2,2412.86,530.83,Cash,Online
IN102921,2024-05-30,Jaipur,Rajasthan,Grocery,5,808.73,0.15,3437.1,756.16,Debit Card,Online
IN102922,2024-03-01,Ahmedabad,Gujarat,Electronics,5,4243.01,0.0,21215.05,5091.61,UPI,Online
IN102923,2025-10-08,Chennai,Tamil Nadu,Home & Kitchen,2,1360.4,0.1,2448.72,734.62,Debit Card,Store
IN102924,2025-03-03,Mumbai,Maharashtra,Home & Kitchen,2,1269.81,0.1,2285.66,685.7,Cash,Store
IN102925,2024-11-26,Jaipur,Rajasthan,Electronics,2,3380.72,0.05,6423.37,1541.61,Cash,Online
IN102926,2024-02-08,Mumbai,Maharashtra,Home & Kitchen,3,1569.16,0.0,4707.48,1412.24,Credit Card,Online
IN102927,2024-09-09,Ahmedabad,Gujarat,Home & Kitchen,5,1808.85,0.15,7687.61,2306.28,Cash,Online
IN102928,2025-09-09,Chennai,Tamil Nadu,Grocery,2,485.7,0.0,971.4,213.71,Credit Card,Store
IN102929,2024-08-20,Bengaluru,Karnataka,Grocery,2,666.92,0.05,1267.15,278.77,Debit Card,Online
IN102930,2024-12-19,Kolkata,West Bengal,Clothing,4,1093.62,0.05,4155.76,1163.61,Net Banking,Online
IN102931,2024-06-18,Kolkata,West Bengal,Clothing,2,1743.11,0.0,3486.22,976.14,UPI,Store
IN102932,2024-08-04,Jaipur,Rajasthan,Home & Kitchen,4,2148.6,0.2,6875.52,2062.66,UPI,Store
IN102933,2024-12-13,Kolkata,West Bengal,Home & Kitchen,1,1346.67,0.15,1144.67,343.4,UPI,Online
IN102934,2025-06-09,Bengaluru,Karnataka,Grocery,2,808.36,0.2,1293.38,284.54,UPI,Store
IN102935,2025-02-14,Mumbai,Maharashtra,Grocery,4,592.29,0.1,2132.24,469.09,UPI,Store
IN102936,2025-06-11,Ahmedabad,Gujarat,Electronics,2,2973.95,0.1,5353.11,1284.75,Debit Card,Store
IN102937,2025-12-31,Bengaluru,Karnataka,Electronics,1,2613.99,0.15,2221.89,533.25,Credit Card,Online
IN102938,2025-11-11,Ahmedabad,Gujarat,Clothing,2,1740.13,0.05,3306.25,925.75,UPI,Online
IN102939,2025-06-09,Ahmedabad,Gujarat,Electronics,4,3081.79,0.1,11094.44,2662.67,UPI,Store
IN102940,2024-08-30,Chennai,Tamil Nadu,Grocery,1,475.63,0.1,428.07,94.18,UPI,Online
IN102941,2024-01-08,Mumbai,Maharashtra,Clothing,1,1859.29,0.25,1394.47,390.45,Credit Card,Store
IN102942,2024-10-09,Lucknow,Uttar Pradesh,Home & Kitchen,1,1559.39,0.2,1247.51,374.25,Debit Card,Store
IN102943,2025-09-14,Kolkata,West Bengal,Clothing,3,1831.92,0.0,5495.76,1538.81,UPI,Store
IN102944,2025-07-05,Lucknow,Uttar Pradesh,Grocery,4,582.27,0.0,2329.08,512.4,Net Banking,Online
IN102945,2025-08-02,Chennai,Tamil Nadu,Grocery,3,806.28,0.15,2056.01,452.32,Credit Card,Online
IN102946,2025-09-26,Ahmedabad,Gujarat,Electronics,1,3621.58,0.0,3621.58,869.18,Net Banking,Online
IN102947,2024-06-14,Jaipur,Rajasthan,Electronics,3,4031.47,0.0,12094.41,2902.66,UPI,Store
IN102948,2024-07-21,Kolkata,West Bengal,Clothing,2,1868.27,0.0,3736.54,1046.23,Debit Card,Online
IN102949,2025-10-01,Kolkata,West Bengal,Beauty,3,1139.82,0.05,3248.49,1039.52,Debit Card,Online
IN102950,2024-12-29,Mumbai,Maharashtra,Electronics,5,3079.62,0.1,13858.29,3325.99,Cash,Online
IN102951,2024-05-31,Hyderabad,Telangana,Home & Kitchen,1,2212.97,0.1,1991.67,597.5,Debit Card,Online
IN102952,2025-02-28,Delhi,Delhi,Beauty,1,1046.32,0.3,732.42,234.37,Net Banking,Online
IN102953,2025-10-19,Delhi,Delhi,Home & Kitchen,4,1332.08,0.1,4795.49,1438.65,Debit Card,Online
IN102954,2025-07-14,Delhi,Delhi,Clothing,2,1826.08,0.05,3469.55,971.47,Cash,Store
IN102955,2025-04-13,Hyderabad,Telangana,Beauty,4,902.59,0.1,3249.32,1039.78,Cash,Online
IN102956,2025-02-13,Mumbai,Maharashtra,Electronics,3,2519.66,0.05,7181.03,1723.45,Debit Card,Online
IN102957,2025-05-29,Hyderabad,Telangana,Clothing,5,1367.09,0.25,5126.59,1435.45,Credit Card,Store
IN102958,2024-09-07,Delhi,Delhi,Beauty,5,982.84,0.05,4668.49,1493.92,UPI,Store
IN102959,2024-03-17,Chennai,Tamil Nadu,Grocery,5,697.07,0.3,2439.74,536.74,Cash,Online
IN102960,2025-02-25,Bengaluru,Karnataka,Clothing,5,1503.06,0.1,6763.77,1893.86,Credit Card,Online
IN102961,2025-01-19,Ahmedabad,Gujarat,Clothing,2,1212.81,0.2,1940.5,543.34,Debit Card,Store
IN102962,2025-01-13,Hyderabad,Telangana,Clothing,3,1555.76,0.15,3967.19,1110.81,UPI,Online
IN102963,2024-08-15,Mumbai,Maharashtra,Grocery,5,838.38,0.25,3143.92,691.66,Credit Card,Online
IN102964,2024-04-27,Mumbai,Maharashtra,Clothing,1,1333.69,0.15,1133.64,317.42,Debit Card,Online
IN102965,2024-09-23,Lucknow,Uttar Pradesh,Beauty,3,998.89,0.1,2697.0,863.04,Credit Card,Online
IN102966,2024-08-22,Bengaluru,Karnataka,Beauty,2,772.73,0.15,1313.64,420.36,Credit Card,Store
IN102967,2024-06-16,Jaipur,Rajasthan,Home & Kitchen,5,1316.49,0.2,5265.96,1579.79,UPI,Store
IN102968,2025-12-05,Kolkata,West Bengal,Clothing,2,1513.02,0.2,2420.83,677.83,UPI,Store
IN102969,2025-11-26,Delhi,Delhi,Grocery,5,475.09,0.05,2256.68,496.47,Debit Card,Online
IN102970,2025-06-05,Jaipur,Rajasthan,Beauty,1,1053.3,0.05,1000.63,320.2,UPI,Online
IN102971,2024-12-02,Lucknow,Uttar Pradesh,Home & Kitchen,3,2044.31,0.0,6132.93,1839.88,Debit Card,Store
IN102972,2024-11-22,Delhi,Delhi,Clothing,1,1316.09,0.05,1250.29,350.08,Credit Card,Online
IN102973,2024-12-24,Bengaluru,Karnataka,Electronics,5,3095.48,0.2,12381.92,2971.66,Net Banking,Online
IN102974,2025-03-23,Lucknow,Uttar Pradesh,Electronics,4,4148.94,0.0,16595.76,3982.98,UPI,Store
IN102975,2025-10-14,Delhi,Delhi,Grocery,3,460.55,0.1,1243.49,273.57,UPI,Store
IN102976,2025-06-17,Bengaluru,Karnataka,Grocery,2,693.0,0.15,1178.1,259.18,Credit Card,Online
IN102977,2025-12-05,Pune,Maharashtra,Home & Kitchen,5,2340.33,0.2,9361.32,2808.4,Credit Card,Store
IN102978,2025-08-26,Jaipur,Rajasthan,Clothing,1,1811.73,0.1,1630.56,456.56,UPI,Online
IN102979,2024-04-06,Jaipur,Rajasthan,Electronics,4,3456.08,0.0,13824.32,3317.84,Cash,Online
IN102980,2025-10-14,Kolkata,West Bengal,Clothing,5,1326.92,0.25,4975.95,1393.27,Credit Card,Online
IN102981,2025-07-03,Bengaluru,Karnataka,Clothing,2,1070.0,0.0,2140.0,599.2,UPI,Store
IN102982,2024-09-12,Hyderabad,Telangana,Electronics,1,2601.47,0.15,2211.25,530.7,UPI,Store
IN102983,2025-03-17,Pune,Maharashtra,Grocery,3,742.16,0.0,2226.48,489.83,Cash,Store
IN102984,2025-02-12,Chennai,Tamil Nadu,Grocery,4,462.03,0.0,1848.12,406.59,UPI,Online
IN102985,2024-03-25,Delhi,Delhi,Home & Kitchen,5,2293.68,0.2,9174.72,2752.42,UPI,Online
IN102986,2025-02-20,Pune,Maharashtra,Clothing,5,1515.02,0.15,6438.84,1802.88,UPI,Online
IN102987,2025-07-02,Bengaluru,Karnataka,Clothing,5,1021.08,0.05,4850.13,1358.04,Debit Card,Online
IN102988,2025-05-16,Ahmedabad,Gujarat,Grocery,5,556.3,0.15,2364.28,520.14,Cash,Online
IN102989,2025-11-27,Delhi,Delhi,Home & Kitchen,1,1955.22,0.1,1759.7,527.91,UPI,Store
IN102990,2024-04-07,Mumbai,Maharashtra,Electronics,3,2314.05,0.0,6942.15,1666.12,UPI,Store
IN102991,2025-06-25,Jaipur,Rajasthan,Home & Kitchen,2,2172.59,0.15,3693.4,1108.02,UPI,Online
IN102992,2025-05-17,Bengaluru,Karnataka,Clothing,4,1817.13,0.15,6178.24,1729.91,Debit Card,Online
IN102993,2025-03-26,Mumbai,Maharashtra,Home & Kitchen,5,2384.63,0.2,9538.52,2861.56,UPI,Online
IN102994,2024-07-09,Kolkata,West Bengal,Home & Kitchen,5,2118.38,0.1,9532.71,2859.81,Cash,Store
IN102995,2024-07-19,Lucknow,Uttar Pradesh,Clothing,3,1759.71,0.15,4487.26,1256.43,UPI,Store
IN102996,2024-11-17,Chennai,Tamil Nadu,Grocery,3,713.02,0.1,1925.15,423.53,UPI,Store
IN102997,2025-12-01,Chennai,Tamil Nadu,Electronics,1,3193.77,0.05,3034.08,728.18,UPI,Online
IN102998,2024-09-14,Mumbai,Maharashtra,Beauty,1,1047.18,0.1,942.46,301.59,Cash,Online
IN102999,2024-06-03,Jaipur,Rajasthan,Clothing,1,1184.0,0.25,888.0,248.64,Debit Card,Store
IN103000,2025-05-01,Kolkata,West Bengal,Clothing,4,1079.9,0.0,4319.6,1209.49,Net Banking,Store
IN103001,2024-08-15,Ahmedabad,Gujarat,Grocery,1,776.88,0.05,738.04,162.37,UPI,Online
IN103002,2025-05-31,Jaipur,Rajasthan,Home & Kitchen,5,2381.08,0.15,10119.59,3035.88,UPI,Online
IN103003,2025-10-02,Pune,Maharashtra,Clothing,1,1505.51,0.0,1505.51,421.54,Credit Card,Online
IN103004,2025-05-25,Chennai,Tamil Nadu,Grocery,4,658.87,0.2,2108.38,463.84,Credit Card,Store
IN103005,2024-03-14,Pune,Maharashtra,Clothing,1,1466.31,0.0,1466.31,410.57,Credit Card,Store
IN103006,2024-12-30,Delhi,Delhi,Clothing,1,1415.4,0.15,1203.09,336.87,UPI,Store
IN103007,2024-01-24,Hyderabad,Telangana,Grocery,5,641.83,0.05,3048.69,670.71,UPI,Online
IN103008,2025-04-07,Bengaluru,Karnataka,Clothing,5,1841.8,0.0,9209.0,2578.52,UPI,Online
IN103009,2025-04-25,Kolkata,West Bengal,Clothing,5,1416.58,0.2,5666.32,1586.57,Debit Card,Online
IN103010,2025-12-18,Jaipur,Rajasthan,Home & Kitchen,1,1354.89,0.15,1151.66,345.5,Credit Card,Store
IN103011,2025-10-19,Chennai,Tamil Nadu,Electronics,5,3832.27,0.0,19161.35,4598.72,Cash,Online
IN103012,2024-03-29,Pune,Maharashtra,Grocery,3,620.43,0.05,1768.23,389.01,UPI,Store
IN103013,2025-06-17,Lucknow,Uttar Pradesh,Clothing,2,1626.73,0.05,3090.79,865.42,Cash,Online
IN103014,2024-10-26,Delhi,Delhi,Electronics,2,3445.5,0.05,6546.45,1571.15,Credit Card,Store
IN103015,2024-02-13,Bengaluru,Karnataka,Electronics,5,3723.41,0.1,16755.34,4021.28,UPI,Store
IN103016,2024-02-06,Bengaluru,Karnataka,Grocery,4,481.19,0.1,1732.28,381.1,Net Banking,Online
IN103017,2025-06-02,Jaipur,Rajasthan,Grocery,5,469.31,0.1,2111.9,464.62,Credit Card,Store
IN103018,2025-04-18,Kolkata,West Bengal,Electronics,5,3027.37,0.05,14380.01,3451.2,Debit Card,Online
IN103019,2024-10-06,Ahmedabad,Gujarat,Electronics,1,3681.79,0.1,3313.61,795.27,Debit Card,Online
IN103020,2025-04-05,Lucknow,Uttar Pradesh,Beauty,4,760.85,0.0,3043.4,973.89,UPI,Online
IN103021,2024-06-17,Jaipur,Rajasthan,Electronics,5,3141.47,0.15,13351.25,3204.3,Debit Card,Store
IN103022,2024-03-10,Pune,Maharashtra,Beauty,3,1203.77,0.15,3069.61,982.28,Cash,Store
IN103023,2024-07-31,Hyderabad,Telangana,Clothing,2,1175.54,0.05,2233.53,625.39,UPI,Online
IN103024,2025-08-05,Mumbai,Maharashtra,Home & Kitchen,3,2252.09,0.0,6756.27,2026.88,Debit Card,Store
IN103025,2025-12-19,Ahmedabad,Gujarat,Clothing,3,1731.17,0.0,5193.51,1454.18,Debit Card,Store
IN103026,2024-03-12,Kolkata,West Bengal,Home & Kitchen,3,2302.88,0.1,6217.78,1865.33,UPI,Store
IN103027,2024-06-28,Delhi,Delhi,Grocery,4,841.65,0.1,3029.94,666.59,UPI,Online
IN103028,2024-07-26,Ahmedabad,Gujarat,Clothing,4,1441.66,0.1,5189.98,1453.19,UPI,Online
IN103029,2024-06-25,Chennai,Tamil Nadu,Electronics,4,3658.42,0.3,10243.58,2458.46,Debit Card,Store
IN103030,2025-12-07,Kolkata,West Bengal,Home & Kitchen,2,1984.1,0.1,3571.38,1071.41,Cash,Online
IN103031,2024-10-27,Hyderabad,Telangana,Grocery,1,585.53,0.15,497.7,109.49,Debit Card,Online
IN103032,2024-06-02,Chennai,Tamil Nadu,Electronics,5,2821.96,0.0,14109.8,3386.35,UPI,Store
IN103033,2024-06-02,Ahmedabad,Gujarat,Electronics,5,2950.47,0.05,14014.73,3363.54,Credit Card,Online
IN103034,2024-01-30,Mumbai,Maharashtra,Home & Kitchen,1,1515.6,0.05,1439.82,431.95,Cash,Store
IN103035,2024-01-27,Mumbai,Maharashtra,Clothing,5,1669.22,0.1,7511.49,2103.22,UPI,Online
IN103036,2024-08-27,Hyderabad,Telangana,Grocery,3,862.53,0.05,2458.21,540.81,Cash,Store
IN103037,2025-10-05,Bengaluru,Karnataka,Clothing,2,1769.67,0.15,3008.44,842.36,Cash,Online
IN103038,2025-11-21,Lucknow,Uttar Pradesh,Home & Kitchen,5,1514.99,0.15,6438.71,1931.61,UPI,Online
IN103039,2024-04-07,Delhi,Delhi,Beauty,2,660.37,0.0,1320.74,422.64,UPI,Online
IN103040,2024-11-21,Bengaluru,Karnataka,Beauty,1,1072.9,0.15,911.96,291.83,Credit Card,Store
IN103041,2024-08-24,Mumbai,Maharashtra,Electronics,5,3051.64,0.0,15258.2,3661.97,Debit Card,Store
IN103042,2024-05-17,Mumbai,Maharashtra,Home & Kitchen,2,2224.8,0.1,4004.64,1201.39,Cash,Online
IN103043,2025-09-21,Pune,Maharashtra,Clothing,3,1689.1,0.15,4307.2,1206.02,Debit Card,Online
IN103044,2025-09-09,Chennai,Tamil Nadu,Grocery,3,719.24,0.15,1834.06,403.49,UPI,Store
IN103045,2025-07-01,Ahmedabad,Gujarat,Grocery,1,562.88,0.05,534.74,117.64,UPI,Online
IN103046,2024-02-15,Delhi,Delhi,Electronics,4,2456.39,0.05,9334.28,2240.23,Debit Card,Store
IN103047,2025-09-07,Hyderabad,Telangana,Beauty,5,777.8,0.1,3500.1,1120.03,UPI,Online
IN103048,2025-01-24,Ahmedabad,Gujarat,Electronics,3,3300.3,0.0,9900.9,2376.22,Debit Card,Store
IN103049,2024-12-29,Pune,Maharashtra,Grocery,3,868.82,0.3,1824.52,401.39,UPI,Store
IN103050,2024-12-25,Mumbai,Maharashtra,Home & Kitchen,1,1334.51,0.05,1267.78,380.33,UPI,Store
IN103051,2025-08-04,Hyderabad,Telangana,Home & Kitchen,3,1494.08,0.25,3361.68,1008.5,UPI,Store
IN103052,2024-07-25,Mumbai,Maharashtra,Electronics,5,3544.74,0.25,13292.77,3190.26,UPI,Online
IN103053,2025-08-23,Delhi,Delhi,Clothing,1,1256.97,0.05,1194.12,334.35,Debit Card,Online
IN103054,2025-05-29,Chennai,Tamil Nadu,Home & Kitchen,2,2264.45,0.05,4302.45,1290.74,UPI,Store
IN103055,2024-12-31,Ahmedabad,Gujarat,Clothing,1,1106.87,0.15,940.84,263.44,Net Banking,Online
IN103056,2025-03-13,Ahmedabad,Gujarat,Clothing,5,1856.47,0.05,8818.23,2469.1,Credit Card,Store
IN103057,2024-08-18,Bengaluru,Karnataka,Clothing,5,1810.26,0.1,8146.17,2280.93,Credit Card,Store
IN103058,2025-02-26,Hyderabad,Telangana,Clothing,2,1787.65,0.0,3575.3,1001.08,Credit Card,Online
IN103059,2025-04-13,Lucknow,Uttar Pradesh,Beauty,1,731.25,0.1,658.12,210.6,Credit Card,Online
IN103060,2025-09-21,Pune,Maharashtra,Clothing,5,1279.84,0.0,6399.2,1791.78,UPI,Online
IN103061,2024-11-06,Lucknow,Uttar Pradesh,Grocery,5,794.73,0.05,3774.97,830.49,Net Banking,Online
IN103062,2025-01-29,Bengaluru,Karnataka,Clothing,2,1715.11,0.15,2915.69,816.39,Credit Card,Online
IN103063,2024-04-23,Delhi,Delhi,Clothing,4,1621.71,0.3,4540.79,1271.42,UPI,Online
IN103064,2024-07-20,Pune,Maharashtra,Electronics,1,3171.95,0.05,3013.35,723.2,Credit Card,Online
IN103065,2025-04-07,Chennai,Tamil Nadu,Clothing,5,1263.55,0.1,5685.98,1592.07,Credit Card,Online
IN103066,2025-06-25,Lucknow,Uttar Pradesh,Clothing,3,1856.29,0.1,5011.98,1403.35,UPI,Online
IN103067,2024-12-29,Chennai,Tamil Nadu,Grocery,2,513.84,0.0,1027.68,226.09,Net Banking,Online
IN103068,2024-09-03,Lucknow,Uttar Pradesh,Clothing,4,1019.82,0.15,3467.39,970.87,UPI,Online
IN103069,2025-08-15,Chennai,Tamil Nadu,Clothing,4,988.31,0.15,3360.25,940.87,Credit Card,Store
IN103070,2024-09-02,Lucknow,Uttar Pradesh,Clothing,2,1685.27,0.0,3370.54,943.75,Net Banking,Online
IN103071,2024-07-02,Chennai,Tamil Nadu,Clothing,4,1031.6,0.15,3507.44,982.08,UPI,Online
IN103072,2025-02-16,Bengaluru,Karnataka,Beauty,5,945.11,0.15,4016.72,1285.35,UPI,Store
IN103073,2024-09-29,Kolkata,West Bengal,Grocery,4,610.18,0.0,2440.72,536.96,UPI,Store
IN103074,2025-06-28,Pune,Maharashtra,Electronics,1,2545.57,0.15,2163.73,519.3,UPI,Online
IN103075,2025-09-05,Hyderabad,Telangana,Electronics,3,3780.44,0.1,10207.19,2449.73,UPI,Online
IN103076,2024-10-03,Delhi,Delhi,Beauty,5,662.18,0.15,2814.26,900.56,Cash,Online
IN103077,2025-09-14,Jaipur,Rajasthan,Clothing,2,1269.74,0.1,2285.53,639.95,Cash,Online
IN103078,2025-05-13,Mumbai,Maharashtra,Home & Kitchen,3,1917.76,0.0,5753.28,1725.98,Debit Card,Store
IN103079,2025-12-18,Hyderabad,Telangana,Electronics,5,3077.02,0.2,12308.08,2953.94,UPI,Store
IN103080,2025-05-04,Mumbai,Maharashtra,Beauty,3,781.6,0.1,2110.32,675.3,Cash,Store
IN103081,2024-08-02,Pune,Maharashtra,Home & Kitchen,4,2343.42,0.15,7967.63,2390.29,Credit Card,Online
IN103082,2024-04-12,Hyderabad,Telangana,Grocery,2,848.33,0.0,1696.66,373.27,UPI,Store
IN103083,2025-08-12,Chennai,Tamil Nadu,Electronics,2,3105.48,0.15,5279.32,1267.04,Credit Card,Online
IN103084,2024-06-23,Chennai,Tamil Nadu,Clothing,1,1338.31,0.1,1204.48,337.25,UPI,Store
IN103085,2024-02-21,Jaipur,Rajasthan,Clothing,4,1259.72,0.2,4031.1,1128.71,Net Banking,Online
IN103086,2024-10-23,Mumbai,Maharashtra,Clothing,1,1758.74,0.1,1582.87,443.2,Debit Card,Online
IN103087,2024-06-23,Delhi,Delhi,Clothing,1,1496.8,0.05,1421.96,398.15,Debit Card,Online
IN103088,2024-12-08,Pune,Maharashtra,Electronics,4,2426.21,0.05,9219.6,2212.7,Debit Card,Store
IN103089,2025-12-11,Chennai,Tamil Nadu,Grocery,5,815.53,0.2,3262.12,717.67,Debit Card,Online
IN103090,2025-08-22,Kolkata,West Bengal,Grocery,1,680.99,0.1,612.89,134.84,UPI,Online
IN103091,2024-06-19,Bengaluru,Karnataka,Clothing,3,1358.19,0.3,2852.2,798.62,Credit Card,Online
IN103092,2024-02-06,Bengaluru,Karnataka,Electronics,5,2942.76,0.05,13978.11,3354.75,Cash,Online
IN103093,2025-09-26,Lucknow,Uttar Pradesh,Beauty,4,688.16,0.15,2339.74,748.72,UPI,Store
IN103094,2024-07-19,Delhi,Delhi,Grocery,2,859.21,0.15,1460.66,321.35,Net Banking,Store
IN103095,2024-03-04,Bengaluru,Karnataka,Home & Kitchen,5,2127.25,0.15,9040.81,2712.24,Credit Card,Store
IN103096,2025-04-30,Lucknow,Uttar Pradesh,Clothing,1,1099.92,0.15,934.93,261.78,UPI,Online
IN103097,2025-03-30,Mumbai,Maharashtra,Electronics,3,3303.44,0.0,9910.32,2378.48,Credit Card,Store
IN103098,2025-11-30,Chennai,Tamil Nadu,Clothing,4,1485.57,0.1,5348.05,1497.45,Cash,Store
IN103099,2025-12-27,Chennai,Tamil Nadu,Clothing,2,1132.78,0.1,2039.0,570.92,Credit Card,Online
IN103100,2025-02-12,Kolkata,West Bengal,Home & Kitchen,3,1759.85,0.05,5015.57,1504.67,Debit Card,Online
IN103101,2024-05-29,Hyderabad,Telangana,Grocery,2,727.83,0.1,1310.09,288.22,Credit Card,Store
IN103102,2025-05-16,Bengaluru,Karnataka,Clothing,4,1238.45,0.1,4458.42,1248.36,Debit Card,Online
IN103103,2025-09-27,Mumbai,Maharashtra,Beauty,5,823.99,0.05,3913.95,1252.46,UPI,Online
IN103104,2025-12-10,Ahmedabad,Gujarat,Clothing,1,1091.05,0.05,1036.5,290.22,UPI,Online
IN103105,2025-07-01,Bengaluru,Karnataka,Beauty,4,871.75,0.15,2963.95,948.46,UPI,Online
IN103106,2024-10-04,Delhi,Delhi,Beauty,3,971.56,0.0,2914.68,932.7,UPI,Online
IN103107,2024-02-04,Hyderabad,Telangana,Electronics,5,2482.37,0.05,11791.26,2829.9,UPI,Online
IN103108,2025-09-16,Bengaluru,Karnataka,Clothing,2,1539.45,0.15,2617.06,732.78,Debit Card,Store
IN103109,2024-06-23,Mumbai,Maharashtra,Grocery,5,623.07,0.05,2959.58,651.11,Credit Card,Online
IN103110,2024-02-02,Bengaluru,Karnataka,Grocery,5,741.53,0.1,3336.88,734.11,UPI,Store
IN103111,2025-12-25,Delhi,Delhi,Grocery,3,588.02,0.05,1675.86,368.69,UPI,Online
IN103112,2025-12-15,Ahmedabad,Gujarat,Beauty,1,962.57,0.2,770.06,246.42,UPI,Store
IN103113,2025-01-31,Pune,Maharashtra,Home & Kitchen,5,1976.98,0.05,9390.65,2817.2,UPI,Store
IN103114,2024-09-10,Jaipur,Rajasthan,Electronics,5,3676.26,0.05,17462.24,4190.94,UPI,Store
IN103115,2025-07-21,Ahmedabad,Gujarat,Electronics,1,3814.43,0.1,3432.99,823.92,Credit Card,Store
IN103116,2024-11-18,Lucknow,Uttar Pradesh,Grocery,1,512.61,0.0,512.61,112.77,UPI,Store
IN103117,2024-01-13,Bengaluru,Karnataka,Electronics,2,4247.7,0.2,6796.32,1631.12,Credit Card,Store
IN103118,2024-02-19,Chennai,Tamil Nadu,Home & Kitchen,2,2247.07,0.15,3820.02,1146.01,Debit Card,Online
IN103119,2024-08-20,Kolkata,West Bengal,Clothing,1,1491.71,0.15,1267.95,355.03,UPI,Online
IN103120,2025-06-23,Chennai,Tamil Nadu,Clothing,4,1790.23,0.1,6444.83,1804.55,UPI,Store
IN103121,2025-09-07,Ahmedabad,Gujarat,Electronics,1,3035.46,0.2,2428.37,582.81,UPI,Online
IN103122,2024-04-05,Chennai,Tamil Nadu,Grocery,2,469.49,0.1,845.08,185.92,UPI,Store
IN103123,2024-12-08,Mumbai,Maharashtra,Electronics,3,3752.23,0.0,11256.69,2701.61,UPI,Store
IN103124,2024-07-11,Chennai,Tamil Nadu,Home & Kitchen,3,2363.71,0.05,6736.57,2020.97,Debit Card,Online
IN103125,2025-05-25,Hyderabad,Telangana,Grocery,5,523.38,0.15,2224.37,489.36,UPI,Store
IN103126,2025-03-26,Pune,Maharashtra,Home & Kitchen,3,2013.33,0.2,4831.99,1449.6,Net Banking,Online
IN103127,2024-05-04,Bengaluru,Karnataka,Grocery,2,798.67,0.0,1597.34,351.41,UPI,Online
IN103128,2024-03-21,Chennai,Tamil Nadu,Electronics,3,4122.54,0.2,9894.1,2374.58,Cash,Online
IN103129,2024-01-07,Delhi,Delhi,Home & Kitchen,4,1583.54,0.2,5067.33,1520.2,Debit Card,Online
IN103130,2024-11-25,Pune,Maharashtra,Electronics,1,2507.77,0.05,2382.38,571.77,UPI,Online
IN103131,2024-03-23,Pune,Maharashtra,Grocery,1,559.72,0.15,475.76,104.67,UPI,Online
IN103132,2025-06-19,Chennai,Tamil Nadu,Electronics,2,3441.66,0.0,6883.32,1652.0,Credit Card,Online
IN103133,2025-09-17,Pune,Maharashtra,Home & Kitchen,5,2334.91,0.2,9339.64,2801.89,Cash,Store
IN103134,2025-06-10,Kolkata,West Bengal,Beauty,1,970.78,0.15,825.16,264.05,UPI,Store
IN103135,2024-04-22,Chennai,Tamil Nadu,Grocery,3,843.54,0.1,2277.56,501.06,UPI,Online
IN103136,2025-03-15,Mumbai,Maharashtra,Grocery,4,780.34,0.2,2497.09,549.36,UPI,Online
IN103137,2025-10-18,Ahmedabad,Gujarat,Home & Kitchen,5,1960.12,0.0,9800.6,2940.18,UPI,Store
IN103138,2024-01-19,Hyderabad,Telangana,Electronics,5,2285.34,0.2,9141.36,2193.93,Net Banking,Store
IN103139,2024-01-09,Jaipur,Rajasthan,Beauty,5,824.85,0.0,4124.25,1319.76,Debit Card,Online
IN103140,2024-07-03,Lucknow,Uttar Pradesh,Electronics,1,2359.52,0.15,2005.59,481.34,UPI,Online
IN103141,2024-02-07,Pune,Maharashtra,Beauty,5,818.51,0.1,3683.3,1178.66,UPI,Store
IN103142,2025-12-23,Mumbai,Maharashtra,Home & Kitchen,2,1332.93,0.15,2265.98,679.79,UPI,Store
IN103143,2024-05-13,Bengaluru,Karnataka,Home & Kitchen,3,1456.34,0.1,3932.12,1179.64,Cash,Online
IN103144,2024-04-11,Bengaluru,Karnataka,Grocery,4,628.51,0.2,2011.23,442.47,Net Banking,Store
IN103145,2024-05-28,Lucknow,Uttar Pradesh,Grocery,3,672.54,0.05,1916.74,421.68,UPI,Online
IN103146,2024-04-02,Hyderabad,Telangana,Grocery,2,546.74,0.05,1038.81,228.54,Credit Card,Store
IN103147,2024-05-19,Pune,Maharashtra,Electronics,2,3763.76,0.05,7151.14,1716.27,Net Banking,Online
IN103148,2024-10-21,Kolkata,West Bengal,Grocery,3,704.43,0.15,1796.3,395.19,UPI,Online
IN103149,2025-08-15,Lucknow,Uttar Pradesh,Grocery,1,747.27,0.1,672.54,147.96,UPI,Online
IN103150,2025-06-27,Hyderabad,Telangana,Beauty,2,1058.67,0.1,1905.61,609.8,UPI,Store
IN103151,2024-07-06,Pune,Maharashtra,Grocery,5,762.12,0.2,3048.48,670.67,UPI,Store
IN103152,2024-05-15,Mumbai,Maharashtra,Electronics,4,4187.37,0.2,13399.58,3215.9,UPI,Store
IN103153,2024-06-14,Ahmedabad,Gujarat,Clothing,4,1195.87,0.0,4783.48,1339.37,Net Banking,Store
IN103154,2025-04-21,Kolkata,West Bengal,Grocery,2,569.14,0.1,1024.45,225.38,Credit Card,Online
IN103155,2024-05-26,Jaipur,Rajasthan,Clothing,5,1065.72,0.0,5328.6,1492.01,UPI,Store
IN103156,2024-09-01,Bengaluru,Karnataka,Clothing,3,1519.25,0.2,3646.2,1020.94,UPI,Online
IN103157,2024-07-01,Delhi,Delhi,Home & Kitchen,4,1722.37,0.2,5511.58,1653.47,Debit Card,Store
IN103158,2024-01-09,Mumbai,Maharashtra,Grocery,5,664.64,0.2,2658.56,584.88,UPI,Online
IN103159,2025-03-11,Bengaluru,Karnataka,Grocery,5,526.75,0.15,2238.69,492.51,UPI,Online
IN103160,2024-06-04,Chennai,Tamil Nadu,Clothing,1,1570.64,0.1,1413.58,395.8,UPI,Online
IN103161,2025-11-18,Delhi,Delhi,Home & Kitchen,2,1984.25,0.1,3571.65,1071.5,Debit Card,Store
IN103162,2024-04-23,Bengaluru,Karnataka,Clothing,5,1220.95,0.1,5494.28,1538.4,UPI,Store
IN103163,2024-06-15,Hyderabad,Telangana,Home & Kitchen,3,1804.54,0.0,5413.62,1624.09,UPI,Store
IN103164,2025-05-02,Kolkata,West Bengal,Electronics,4,4100.15,0.25,12300.45,2952.11,Credit Card,Online
IN103165,2025-03-12,Bengaluru,Karnataka,Home & Kitchen,1,2164.99,0.1,1948.49,584.55,UPI,Store
IN103166,2024-08-10,Jaipur,Rajasthan,Grocery,3,550.88,0.25,1239.48,272.69,Net Banking,Online
IN103167,2024-07-09,Ahmedabad,Gujarat,Clothing,4,1779.76,0.2,5695.23,1594.66,Debit Card,Store
IN103168,2025-07-29,Hyderabad,Telangana,Grocery,2,483.44,0.2,773.5,170.17,UPI,Store
IN103169,2024-06-21,Mumbai,Maharashtra,Grocery,3,629.88,0.1,1700.68,374.15,UPI,Online
IN103170,2024-09-13,Mumbai,Maharashtra,Electronics,4,2406.65,0.0,9626.6,2310.38,Credit Card,Online
IN103171,2025-12-15,Mumbai,Maharashtra,Home & Kitchen,1,2341.33,0.05,2224.26,667.28,UPI,Online
IN103172,2025-03-25,Mumbai,Maharashtra,Clothing,4,1017.04,0.15,3457.94,968.22,Debit Card,Online
IN103173,2025-05-15,Ahmedabad,Gujarat,Beauty,5,718.48,0.0,3592.4,1149.57,Credit Card,Online
IN103174,2024-03-17,Bengaluru,Karnataka,Home & Kitchen,1,2330.6,0.0,2330.6,699.18,Credit Card,Online
IN103175,2025-09-06,Pune,Maharashtra,Clothing,3,1509.76,0.15,3849.89,1077.97,Net Banking,Online
IN103176,2024-08-13,Bengaluru,Karnataka,Home & Kitchen,2,2190.37,0.2,3504.59,1051.38,UPI,Store
IN103177,2024-08-13,Chennai,Tamil Nadu,Clothing,1,994.93,0.2,795.94,222.86,UPI,Store
IN103178,2025-08-30,Kolkata,West Bengal,Electronics,1,3111.72,0.0,3111.72,746.81,Debit Card,Online
IN103179,2024-03-16,Delhi,Delhi,Beauty,1,1205.91,0.25,904.43,289.42,Cash,Online
IN103180,2024-02-02,Pune,Maharashtra,Grocery,4,699.97,0.15,2379.9,523.58,Debit Card,Online
IN103181,2025-08-16,Pune,Maharashtra,Clothing,5,1753.21,0.15,7451.14,2086.32,Debit Card,Online
IN103182,2024-03-09,Bengaluru,Karnataka,Clothing,2,1856.84,0.05,3528.0,987.84,UPI,Store
IN103183,2025-02-18,Pune,Maharashtra,Clothing,2,1603.39,0.15,2725.76,763.21,Credit Card,Online
IN103184,2025-12-31,Lucknow,Uttar Pradesh,Beauty,5,821.66,0.15,3492.06,1117.46,UPI,Store
IN103185,2025-03-23,Lucknow,Uttar Pradesh,Electronics,4,2881.9,0.1,10374.84,2489.96,Debit Card,Online
IN103186,2024-12-27,Chennai,Tamil Nadu,Clothing,4,1044.86,0.05,3970.47,1111.73,UPI,Store
IN103187,2025-01-04,Delhi,Delhi,Grocery,5,635.73,0.2,2542.92,559.44,UPI,Online
IN103188,2025-02-02,Jaipur,Rajasthan,Grocery,5,841.75,0.25,3156.56,694.44,Net Banking,Store
IN103189,2024-04-29,Ahmedabad,Gujarat,Grocery,3,656.98,0.2,1576.75,346.88,UPI,Store
IN103190,2024-02-17,Bengaluru,Karnataka,Electronics,4,4134.87,0.05,15712.51,3771.0,UPI,Store
IN103191,2024-03-08,Ahmedabad,Gujarat,Electronics,1,3939.66,0.1,3545.69,850.97,UPI,Store
IN103192,2024-12-04,Jaipur,Rajasthan,Clothing,2,1875.61,0.05,3563.66,997.82,UPI,Online
IN103193,2024-03-25,Bengaluru,Karnataka,Beauty,4,1184.4,0.15,4026.96,1288.63,Credit Card,Store
IN103194,2025-01-11,Bengaluru,Karnataka,Electronics,5,3709.49,0.2,14837.96,3561.11,UPI,Online
IN103195,2025-01-19,Delhi,Delhi,Home & Kitchen,1,2279.32,0.05,2165.35,649.6,UPI,Online
IN103196,2024-10-02,Ahmedabad,Gujarat,Home & Kitchen,3,2135.25,0.25,4804.31,1441.29,UPI,Online
IN103197,2024-07-23,Lucknow,Uttar Pradesh,Home & Kitchen,3,2082.97,0.15,5311.57,1593.47,UPI,Store
IN103198,2024-03-05,Mumbai,Maharashtra,Beauty,1,1048.6,0.05,996.17,318.77,UPI,Store
IN103199,2024-03-19,Ahmedabad,Gujarat,Clothing,1,1636.15,0.05,1554.34,435.22,UPI,Store
IN103200,2025-06-09,Kolkata,West Bengal,Clothing,5,1325.27,0.0,6626.35,1855.38,UPI,Store
IN103201,2024-11-20,Kolkata,West Bengal,Clothing,5,1365.44,0.1,6144.48,1720.45,UPI,Online
IN103202,2025-01-12,Bengaluru,Karnataka,Clothing,2,1247.6,0.0,2495.2,698.66,Cash,Store
IN103203,2025-11-11,Mumbai,Maharashtra,Home & Kitchen,2,1433.46,0.15,2436.88,731.06,Cash,Store
IN103204,2025-11-01,Hyderabad,Telangana,Grocery,3,648.69,0.15,1654.16,363.92,UPI,Online
IN103205,2025-09-19,Jaipur,Rajasthan,Home & Kitchen,1,2312.94,0.1,2081.65,624.5,UPI,Online
IN103206,2024-12-11,Chennai,Tamil Nadu,Electronics,3,3594.63,0.0,10783.89,2588.13,Credit Card,Store
IN103207,2025-12-04,Mumbai,Maharashtra,Beauty,5,662.87,0.15,2817.2,901.5,Debit Card,Store
IN103208,2025-03-10,Chennai,Tamil Nadu,Clothing,4,1718.19,0.05,6529.12,1828.15,Net Banking,Store
IN103209,2025-11-25,Ahmedabad,Gujarat,Grocery,5,850.21,0.25,3188.29,701.42,UPI,Store
IN103210,2025-01-12,Ahmedabad,Gujarat,Clothing,4,1734.77,0.1,6245.17,1748.65,Debit Card,Store
IN103211,2025-11-10,Chennai,Tamil Nadu,Home & Kitchen,1,2111.22,0.0,2111.22,633.37,Cash,Store
IN103212,2024-01-15,Jaipur,Rajasthan,Clothing,1,1116.61,0.15,949.12,265.75,Credit Card,Store
IN103213,2025-03-29,Mumbai,Maharashtra,Beauty,1,834.16,0.15,709.04,226.89,UPI,Store
IN103214,2024-07-11,Hyderabad,Telangana,Beauty,2,960.69,0.0,1921.38,614.84,UPI,Online
IN103215,2024-08-20,Bengaluru,Karnataka,Home & Kitchen,2,1349.93,0.1,2429.87,728.96,UPI,Store
IN103216,2024-09-19,Delhi,Delhi,Electronics,4,2461.04,0.15,8367.54,2008.21,UPI,Online
IN103217,2025-03-21,Ahmedabad,Gujarat,Home & Kitchen,3,2353.08,0.0,7059.24,2117.77,Debit Card,Store
IN103218,2024-02-23,Kolkata,West Bengal,Home & Kitchen,3,2082.15,0.0,6246.45,1873.94,UPI,Online
IN103219,2025-11-22,Jaipur,Rajasthan,Electronics,4,2812.18,0.15,9561.41,2294.74,UPI,Online
IN103220,2024-01-04,Delhi,Delhi,Electronics,2,2920.91,0.15,4965.55,1191.73,Cash,Online
IN103221,2024-09-13,Hyderabad,Telangana,Electronics,5,3039.61,0.2,12158.44,2918.03,Credit Card,Store
IN103222,2024-12-26,Pune,Maharashtra,Electronics,4,2396.15,0.1,8626.14,2070.27,UPI,Online
IN103223,2024-08-27,Bengaluru,Karnataka,Grocery,3,767.3,0.1,2071.71,455.78,UPI,Online
IN103224,2025-04-26,Ahmedabad,Gujarat,Beauty,4,733.45,0.1,2640.42,844.93,UPI,Online
IN103225,2025-11-05,Bengaluru,Karnataka,Clothing,4,1712.66,0.15,5823.04,1630.45,UPI,Online
IN103226,2025-04-05,Delhi,Delhi,Grocery,1,812.38,0.15,690.52,151.91,Cash,Online
IN103227,2024-05-17,Bengaluru,Karnataka,Beauty,2,1003.48,0.05,1906.61,610.12,UPI,Online
IN103228,2025-03-26,Pune,Maharashtra,Clothing,1,1680.57,0.05,1596.54,447.03,Credit Card,Online
IN103229,2024-11-19,Delhi,Delhi,Home & Kitchen,2,1461.05,0.15,2483.78,745.13,UPI,Online
IN103230,2025-04-17,Ahmedabad,Gujarat,Grocery,4,698.33,0.1,2513.99,553.08,Net Banking,Online
IN103231,2025-09-05,Mumbai,Maharashtra,Grocery,2,740.95,0.0,1481.9,326.02,Debit Card,Online
IN103232,2025-04-21,Kolkata,West Bengal,Clothing,3,1582.02,0.0,4746.06,1328.9,Net Banking,Store
IN103233,2024-07-11,Delhi,Delhi,Grocery,1,504.55,0.2,403.64,88.8,UPI,Online
IN103234,2024-11-02,Lucknow,Uttar Pradesh,Electronics,4,2956.32,0.3,8277.7,1986.65,Cash,Online
IN103235,2025-06-25,Pune,Maharashtra,Home & Kitchen,3,1640.29,0.05,4674.83,1402.45,Cash,Online
IN103236,2024-08-08,Delhi,Delhi,Clothing,2,1501.0,0.1,2701.8,756.5,Debit Card,Online
IN103237,2024-06-20,Delhi,Delhi,Beauty,2,1077.66,0.0,2155.32,689.7,UPI,Online
IN103238,2024-06-08,Lucknow,Uttar Pradesh,Clothing,3,1499.24,0.05,4272.83,1196.39,UPI,Online
IN103239,2024-06-20,Ahmedabad,Gujarat,Electronics,2,3810.04,0.1,6858.07,1645.94,UPI,Store
IN103240,2024-03-03,Delhi,Delhi,Grocery,1,496.81,0.05,471.97,103.83,UPI,Store
IN103241,2025-07-26,Kolkata,West Bengal,Electronics,5,4066.53,0.15,17282.75,4147.86,Debit Card,Online
IN103242,2024-03-05,Bengaluru,Karnataka,Home & Kitchen,2,1887.84,0.1,3398.11,1019.43,Credit Card,Store
IN103243,2024-06-17,Ahmedabad,Gujarat,Beauty,4,651.94,0.2,2086.21,667.59,Credit Card,Online
IN103244,2024-03-21,Kolkata,West Bengal,Home & Kitchen,2,2012.56,0.15,3421.35,1026.41,UPI,Store
IN103245,2024-09-24,Ahmedabad,Gujarat,Electronics,4,3316.08,0.0,13264.32,3183.44,UPI,Online
IN103246,2025-01-14,Kolkata,West Bengal,Grocery,2,548.11,0.0,1096.22,241.17,UPI,Store
IN103247,2024-03-13,Pune,Maharashtra,Grocery,2,777.97,0.2,1244.75,273.84,UPI,Online
IN103248,2024-11-27,Kolkata,West Bengal,Home & Kitchen,4,2352.27,0.2,7527.26,2258.18,Debit Card,Store
IN103249,2024-07-06,Chennai,Tamil Nadu,Electronics,1,2911.18,0.1,2620.06,628.81,UPI,Online
IN103250,2024-01-25,Kolkata,West Bengal,Grocery,5,663.68,0.0,3318.4,730.05,Debit Card,Online
IN103251,2024-08-15,Mumbai,Maharashtra,Grocery,5,509.15,0.2,2036.6,448.05,Credit Card,Store
IN103252,2024-04-27,Mumbai,Maharashtra,Electronics,1,4173.98,0.05,3965.28,951.67,Cash,Online
IN103253,2025-03-20,Jaipur,Rajasthan,Clothing,2,1270.1,0.0,2540.2,711.26,UPI,Store
IN103254,2024-04-17,Chennai,Tamil Nadu,Clothing,5,1157.25,0.25,4339.69,1215.11,Credit Card,Store
IN103255,2024-08-29,Chennai,Tamil Nadu,Home & Kitchen,1,1819.76,0.2,1455.81,436.74,UPI,Online
IN103256,2025-09-02,Bengaluru,Karnataka,Beauty,1,655.32,0.15,557.02,178.25,UPI,Online
IN103257,2025-06-17,Chennai,Tamil Nadu,Grocery,5,561.82,0.0,2809.1,618.0,Credit Card,Online
IN103258,2025-04-25,Bengaluru,Karnataka,Clothing,4,1041.57,0.1,3749.65,1049.9,Debit Card,Store
IN103259,2025-05-17,Jaipur,Rajasthan,Clothing,3,1095.91,0.15,2794.57,782.48,UPI,Online
IN103260,2025-05-12,Jaipur,Rajasthan,Beauty,4,695.61,0.15,2365.07,756.82,UPI,Online
IN103261,2024-02-25,Pune,Maharashtra,Beauty,2,1140.37,0.1,2052.67,656.85,Debit Card,Store
IN103262,2024-05-28,Mumbai,Maharashtra,Beauty,4,1174.3,0.25,3522.9,1127.33,UPI,Online
IN103263,2024-11-06,Kolkata,West Bengal,Home & Kitchen,3,1815.19,0.05,5173.29,1551.99,Credit Card,Store
IN103264,2025-07-05,Kolkata,West Bengal,Clothing,3,1553.68,0.0,4661.04,1305.09,Cash,Store
IN103265,2025-10-23,Lucknow,Uttar Pradesh,Home & Kitchen,1,2074.21,0.05,1970.5,591.15,Credit Card,Online
IN103266,2024-04-30,Lucknow,Uttar Pradesh,Clothing,2,1336.1,0.15,2271.37,635.98,Debit Card,Online
IN103267,2024-01-26,Hyderabad,Telangana,Clothing,1,1316.89,0.15,1119.36,313.42,Debit Card,Store
IN103268,2024-04-21,Ahmedabad,Gujarat,Home & Kitchen,4,2050.42,0.15,6971.43,2091.43,Cash,Online
IN103269,2025-05-25,Pune,Maharashtra,Electronics,4,3023.57,0.0,12094.28,2902.63,Debit Card,Online
IN103270,2024-01-23,Hyderabad,Telangana,Electronics,5,3448.5,0.2,13794.0,3310.56,UPI,Online
IN103271,2025-11-11,Hyderabad,Telangana,Clothing,1,1448.83,0.05,1376.39,385.39,UPI,Store
IN103272,2024-09-20,Delhi,Delhi,Clothing,1,1457.26,0.05,1384.4,387.63,Net Banking,Store
IN103273,2024-04-25,Delhi,Delhi,Beauty,1,1115.17,0.15,947.89,303.32,UPI,Online
IN103274,2025-04-24,Hyderabad,Telangana,Electronics,1,3704.44,0.05,3519.22,844.61,Credit Card,Online
IN103275,2024-11-02,Chennai,Tamil Nadu,Electronics,3,4238.22,0.1,11443.19,2746.37,Cash,Store
IN103276,2024-08-18,Ahmedabad,Gujarat,Electronics,5,3885.23,0.1,17483.54,4196.05,Credit Card,Store
IN103277,2025-12-01,Pune,Maharashtra,Electronics,2,2543.25,0.05,4832.18,1159.72,UPI,Online
IN103278,2025-05-06,Hyderabad,Telangana,Electronics,2,3776.05,0.05,7174.5,1721.88,UPI,Online
IN103279,2024-04-29,Kolkata,West Bengal,Grocery,2,736.24,0.1,1325.23,291.55,UPI,Store
IN103280,2024-10-12,Ahmedabad,Gujarat,Clothing,3,1567.9,0.05,4468.52,1251.19,UPI,Store
IN103281,2025-02-10,Delhi,Delhi,Home & Kitchen,5,1822.47,0.1,8201.12,2460.34,Net Banking,Store
IN103282,2024-12-23,Kolkata,West Bengal,Beauty,5,666.54,0.15,2832.79,906.49,Debit Card,Store
IN103283,2024-05-31,Delhi,Delhi,Grocery,3,857.0,0.0,2571.0,565.62,Debit Card,Store
IN103284,2025-08-20,Delhi,Delhi,Electronics,1,4012.0,0.15,3410.2,818.45,Credit Card,Online
IN103285,2024-11-20,Ahmedabad,Gujarat,Electronics,4,3252.56,0.15,11058.7,2654.09,UPI,Store
IN103286,2024-09-02,Delhi,Delhi,Beauty,1,722.77,0.2,578.22,185.03,UPI,Store
IN103287,2024-11-10,Jaipur,Rajasthan,Grocery,2,803.34,0.2,1285.34,282.77,UPI,Store
IN103288,2024-06-10,Mumbai,Maharashtra,Home & Kitchen,1,1763.89,0.0,1763.89,529.17,Credit Card,Online
IN103289,2025-09-03,Jaipur,Rajasthan,Home & Kitchen,3,1716.43,0.0,5149.29,1544.79,Credit Card,Store
IN103290,2025-01-03,Mumbai,Maharashtra,Beauty,2,1019.25,0.15,1732.72,554.47,Credit Card,Store
IN103291,2024-07-03,Lucknow,Uttar Pradesh,Beauty,4,1073.83,0.15,3651.02,1168.33,Credit Card,Online
IN103292,2024-10-02,Lucknow,Uttar Pradesh,Grocery,2,481.55,0.05,914.94,201.29,Net Banking,Online
IN103293,2025-06-12,Delhi,Delhi,Clothing,1,1678.48,0.1,1510.63,422.98,UPI,Store
IN103294,2025-03-11,Pune,Maharashtra,Beauty,5,1059.36,0.15,4502.28,1440.73,Debit Card,Online
IN103295,2024-09-16,Pune,Maharashtra,Grocery,5,703.94,0.15,2991.75,658.18,UPI,Store
IN103296,2024-09-01,Mumbai,Maharashtra,Electronics,5,2943.91,0.15,12511.62,3002.79,Credit Card,Store
IN103297,2024-12-03,Kolkata,West Bengal,Grocery,2,524.63,0.0,1049.26,230.84,UPI,Online
IN103298,2024-02-19,Ahmedabad,Gujarat,Grocery,5,498.37,0.0,2491.85,548.21,Credit Card,Store
IN103299,2024-09-28,Delhi,Delhi,Beauty,3,630.69,0.1,1702.86,544.92,UPI,Store
IN103300,2024-08-22,Ahmedabad,Gujarat,Grocery,4,542.23,0.0,2168.92,477.16,UPI,Online
IN103301,2025-08-06,Jaipur,Rajasthan,Clothing,5,1354.32,0.25,5078.7,1422.04,Cash,Online
IN103302,2025-07-09,Pune,Maharashtra,Beauty,3,772.53,0.0,2317.59,741.63,UPI,Store
IN103303,2024-11-01,Chennai,Tamil Nadu,Home & Kitchen,3,1621.51,0.0,4864.53,1459.36,UPI,Online
IN103304,2025-04-21,Jaipur,Rajasthan,Grocery,2,619.97,0.0,1239.94,272.79,Credit Card,Online
IN103305,2025-05-02,Jaipur,Rajasthan,Clothing,2,1260.52,0.15,2142.88,600.01,Credit Card,Online
IN103306,2024-03-20,Mumbai,Maharashtra,Clothing,4,1639.41,0.1,5901.88,1652.53,Debit Card,Online
IN103307,2024-10-12,Bengaluru,Karnataka,Grocery,4,662.75,0.15,2253.35,495.74,Credit Card,Online
IN103308,2025-07-14,Jaipur,Rajasthan,Electronics,1,2280.2,0.2,1824.16,437.8,UPI,Store
IN103309,2024-04-07,Delhi,Delhi,Clothing,4,1186.27,0.1,4270.57,1195.76,UPI,Store
IN103310,2025-04-22,Hyderabad,Telangana,Home & Kitchen,2,2090.3,0.0,4180.6,1254.18,Debit Card,Online
IN103311,2025-02-09,Hyderabad,Telangana,Grocery,3,582.14,0.15,1484.46,326.58,UPI,Online
IN103312,2025-06-20,Delhi,Delhi,Clothing,1,1817.33,0.2,1453.86,407.08,Cash,Store
IN103313,2025-12-26,Bengaluru,Karnataka,Electronics,4,3722.34,0.0,14889.36,3573.45,UPI,Online
IN103314,2025-07-21,Bengaluru,Karnataka,Clothing,3,1243.83,0.05,3544.92,992.58,Debit Card,Store
IN103315,2024-09-11,Mumbai,Maharashtra,Home & Kitchen,2,1864.2,0.15,3169.14,950.74,Net Banking,Store
IN103316,2025-10-29,Pune,Maharashtra,Clothing,5,1587.19,0.05,7539.15,2110.96,Debit Card,Store
IN103317,2025-05-01,Ahmedabad,Gujarat,Electronics,1,2642.2,0.1,2377.98,570.72,UPI,Online
IN103318,2025-11-03,Bengaluru,Karnataka,Grocery,3,559.01,0.2,1341.62,295.16,Credit Card,Online
IN103319,2024-07-12,Chennai,Tamil Nadu,Beauty,2,926.67,0.0,1853.34,593.07,Credit Card,Online
IN103320,2025-05-30,Mumbai,Maharashtra,Grocery,2,845.77,0.15,1437.81,316.32,Credit Card,Online
IN103321,2025-04-08,Lucknow,Uttar Pradesh,Electronics,1,2955.54,0.05,2807.76,673.86,UPI,Online
IN103322,2025-05-18,Kolkata,West Bengal,Clothing,1,1345.94,0.0,1345.94,376.86,Debit Card,Store
IN103323,2024-02-05,Lucknow,Uttar Pradesh,Home & Kitchen,4,1483.03,0.15,5042.3,1512.69,UPI,Store
IN103324,2024-01-16,Mumbai,Maharashtra,Clothing,4,1519.82,0.0,6079.28,1702.2,UPI,Store
IN103325,2025-10-10,Jaipur,Rajasthan,Grocery,1,767.71,0.15,652.55,143.56,Debit Card,Store
IN103326,2025-08-12,Ahmedabad,Gujarat,Clothing,1,1380.98,0.05,1311.93,367.34,UPI,Online
IN103327,2024-03-13,Kolkata,West Bengal,Electronics,3,3800.52,0.0,11401.56,2736.37,Debit Card,Store
IN103328,2024-11-15,Lucknow,Uttar Pradesh,Home & Kitchen,4,1614.05,0.0,6456.2,1936.86,Cash,Online
IN103329,2024-09-01,Kolkata,West Bengal,Home & Kitchen,2,2087.17,0.2,3339.47,1001.84,Net Banking,Online
IN103330,2024-07-13,Chennai,Tamil Nadu,Grocery,4,564.15,0.05,2143.77,471.63,Debit Card,Online
IN103331,2024-03-29,Chennai,Tamil Nadu,Clothing,4,1690.39,0.05,6423.48,1798.57,Credit Card,Store
IN103332,2024-05-18,Chennai,Tamil Nadu,Electronics,1,3967.73,0.1,3570.96,857.03,UPI,Store
IN103333,2025-07-16,Mumbai,Maharashtra,Grocery,1,792.04,0.15,673.23,148.11,Credit Card,Online
IN103334,2025-10-20,Ahmedabad,Gujarat,Grocery,4,546.04,0.0,2184.16,480.52,UPI,Online
IN103335,2025-01-31,Mumbai,Maharashtra,Electronics,5,3684.04,0.2,14736.16,3536.68,UPI,Online
IN103336,2025-04-28,Hyderabad,Telangana,Electronics,5,3360.16,0.25,12600.6,3024.14,Debit Card,Online
IN103337,2025-01-21,Jaipur,Rajasthan,Electronics,4,4290.96,0.1,15447.46,3707.39,UPI,Online
IN103338,2025-01-02,Jaipur,Rajasthan,Beauty,5,841.52,0.1,3786.84,1211.79,UPI,Store
IN103339,2025-04-02,Chennai,Tamil Nadu,Home & Kitchen,4,2162.36,0.2,6919.55,2075.87,Debit Card,Store
IN103340,2025-02-25,Hyderabad,Telangana,Beauty,1,846.5,0.1,761.85,243.79,UPI,Online
IN103341,2024-08-19,Bengaluru,Karnataka,Electronics,1,3065.46,0.2,2452.37,588.57,UPI,Store
IN103342,2025-06-22,Bengaluru,Karnataka,Beauty,1,694.93,0.0,694.93,222.38,UPI,Online
IN103343,2024-12-09,Chennai,Tamil Nadu,Electronics,2,2738.5,0.1,4929.3,1183.03,Debit Card,Store
IN103344,2025-12-20,Lucknow,Uttar Pradesh,Grocery,1,524.49,0.25,393.37,86.54,Debit Card,Online
IN103345,2024-05-17,Mumbai,Maharashtra,Home & Kitchen,1,1446.26,0.05,1373.95,412.19,Debit Card,Store
IN103346,2025-01-08,Chennai,Tamil Nadu,Clothing,4,988.21,0.05,3755.2,1051.46,UPI,Store
IN103347,2025-03-12,Pune,Maharashtra,Clothing,5,1702.34,0.15,7234.94,2025.78,Debit Card,Store
IN103348,2024-06-03,Kolkata,West Bengal,Electronics,5,3213.3,0.25,12049.88,2891.97,Credit Card,Online
IN103349,2025-06-02,Jaipur,Rajasthan,Electronics,1,3912.67,0.0,3912.67,939.04,UPI,Store
IN103350,2024-04-24,Bengaluru,Karnataka,Grocery,1,713.8,0.25,535.35,117.78,Credit Card,Online
IN103351,2024-04-01,Delhi,Delhi,Grocery,1,806.24,0.15,685.3,150.77,Credit Card,Online
IN103352,2024-12-11,Bengaluru,Karnataka,Home & Kitchen,4,1849.41,0.3,5178.35,1553.51,Credit Card,Online
IN103353,2025-08-16,Jaipur,Rajasthan,Grocery,4,494.73,0.15,1682.08,370.06,Debit Card,Store
IN103354,2025-06-08,Kolkata,West Bengal,Grocery,4,715.58,0.15,2432.97,535.25,UPI,Store
IN103355,2025-08-06,Jaipur,Rajasthan,Electronics,5,3649.75,0.2,14599.0,3503.76,Credit Card,Online
IN103356,2024-03-31,Delhi,Delhi,Electronics,2,3543.13,0.0,7086.26,1700.7,Credit Card,Online
IN103357,2025-11-30,Chennai,Tamil Nadu,Beauty,5,1098.78,0.25,4120.42,1318.53,Credit Card,Store
IN103358,2025-02-01,Hyderabad,Telangana,Electronics,4,3761.52,0.0,15046.08,3611.06,Credit Card,Online
IN103359,2024-04-14,Delhi,Delhi,Grocery,3,637.79,0.0,1913.37,420.94,Cash,Online
IN103360,2025-08-18,Jaipur,Rajasthan,Electronics,2,3943.74,0.15,6704.36,1609.05,Cash,Online
IN103361,2025-06-23,Jaipur,Rajasthan,Home & Kitchen,1,2069.39,0.0,2069.39,620.82,Debit Card,Store
IN103362,2024-10-05,Pune,Maharashtra,Grocery,5,505.85,0.15,2149.86,472.97,Debit Card,Online
IN103363,2024-01-12,Pune,Maharashtra,Clothing,2,1471.28,0.2,2354.05,659.13,UPI,Store
IN103364,2024-11-02,Ahmedabad,Gujarat,Clothing,3,1642.99,0.05,4682.52,1311.11,Debit Card,Online
IN103365,2024-12-29,Pune,Maharashtra,Grocery,2,688.76,0.0,1377.52,303.05,Credit Card,Online
IN103366,2025-10-23,Mumbai,Maharashtra,Clothing,5,1843.62,0.1,8296.29,2322.96,UPI,Online
IN103367,2024-11-13,Hyderabad,Telangana,Electronics,4,2451.1,0.2,7843.52,1882.44,UPI,Online
IN103368,2025-06-21,Kolkata,West Bengal,Home & Kitchen,1,2105.12,0.2,1684.1,505.23,UPI,Online
IN103369,2024-08-01,Delhi,Delhi,Electronics,4,3954.86,0.0,15819.44,3796.67,UPI,Online
IN103370,2024-11-09,Jaipur,Rajasthan,Home & Kitchen,4,2082.1,0.25,6246.3,1873.89,UPI,Store
IN103371,2025-03-30,Ahmedabad,Gujarat,Grocery,5,617.91,0.05,2935.07,645.72,UPI,Online
IN103372,2025-02-02,Ahmedabad,Gujarat,Electronics,4,3041.8,0.05,11558.84,2774.12,Debit Card,Store
IN103373,2024-08-09,Kolkata,West Bengal,Grocery,4,702.82,0.0,2811.28,618.48,UPI,Store
IN103374,2025-08-02,Hyderabad,Telangana,Grocery,5,622.77,0.05,2958.16,650.8,UPI,Store
IN103375,2024-09-18,Delhi,Delhi,Clothing,5,1783.7,0.15,7580.72,2122.6,Cash,Store
IN103376,2025-05-10,Bengaluru,Karnataka,Clothing,3,1080.04,0.1,2916.11,816.51,UPI,Online
IN103377,2025-09-14,Pune,Maharashtra,Clothing,4,1561.63,0.2,4997.22,1399.22,Cash,Online
IN103378,2024-05-09,Chennai,Tamil Nadu,Clothing,2,1102.04,0.15,1873.47,524.57,Debit Card,Store
IN103379,2024-06-07,Ahmedabad,Gujarat,Electronics,1,3363.53,0.05,3195.35,766.88,UPI,Store
IN103380,2024-10-17,Pune,Maharashtra,Clothing,1,1631.18,0.1,1468.06,411.06,UPI,Store
IN103381,2025-06-26,Pune,Maharashtra,Clothing,5,1130.61,0.0,5653.05,1582.85,UPI,Store
IN103382,2024-03-29,Mumbai,Maharashtra,Grocery,5,752.45,0.1,3386.02,744.92,UPI,Store
IN103383,2024-11-27,Hyderabad,Telangana,Grocery,3,514.14,0.1,1388.18,305.4,UPI,Online
IN103384,2025-09-21,Chennai,Tamil Nadu,Grocery,4,717.18,0.0,2868.72,631.12,UPI,Store
IN103385,2025-05-20,Bengaluru,Karnataka,Home & Kitchen,5,1851.5,0.05,8794.62,2638.39,UPI,Online
IN103386,2024-05-09,Jaipur,Rajasthan,Home & Kitchen,5,1608.75,0.2,6435.0,1930.5,Credit Card,Online
IN103387,2024-07-25,Mumbai,Maharashtra,Grocery,1,502.13,0.1,451.92,99.42,UPI,Online
IN103388,2024-12-25,Pune,Maharashtra,Grocery,4,765.9,0.25,2297.7,505.49,Debit Card,Online
IN103389,2024-02-28,Pune,Maharashtra,Clothing,3,1327.44,0.1,3584.09,1003.55,UPI,Online
IN103390,2024-04-05,Lucknow,Uttar Pradesh,Beauty,5,680.62,0.3,2382.17,762.29,Cash,Store
IN103391,2024-09-02,Chennai,Tamil Nadu,Electronics,5,3847.4,0.05,18275.15,4386.04,UPI,Store
IN103392,2025-04-03,Chennai,Tamil Nadu,Clothing,5,1191.93,0.15,5065.7,1418.4,Debit Card,Store
IN103393,2024-05-24,Lucknow,Uttar Pradesh,Home & Kitchen,1,2121.65,0.05,2015.57,604.67,UPI,Online
IN103394,2024-11-05,Chennai,Tamil Nadu,Electronics,5,3414.99,0.0,17074.95,4097.99,Credit Card,Store
IN103395,2025-09-28,Pune,Maharashtra,Electronics,5,2644.62,0.2,10578.48,2538.84,UPI,Online
IN103396,2025-06-17,Ahmedabad,Gujarat,Grocery,1,487.28,0.15,414.19,91.12,Credit Card,Store
IN103397,2025-01-15,Delhi,Delhi,Grocery,5,705.65,0.2,2822.6,620.97,UPI,Online
IN103398,2024-12-18,Pune,Maharashtra,Home & Kitchen,4,1289.5,0.05,4900.1,1470.03,Credit Card,Online
IN103399,2024-10-11,Mumbai,Maharashtra,Home & Kitchen,4,1336.59,0.15,4544.41,1363.32,UPI,Store
IN103400,2025-12-19,Hyderabad,Telangana,Electronics,1,3700.62,0.05,3515.59,843.74,Credit Card,Store
IN103401,2025-05-16,Lucknow,Uttar Pradesh,Electronics,4,3360.86,0.0,13443.44,3226.43,UPI,Online
IN103402,2024-09-14,Bengaluru,Karnataka,Grocery,3,592.86,0.2,1422.86,313.03,UPI,Online
IN103403,2024-02-21,Jaipur,Rajasthan,Clothing,5,1470.7,0.1,6618.15,1853.08,Credit Card,Online
IN103404,2025-07-03,Bengaluru,Karnataka,Grocery,3,704.97,0.3,1480.44,325.7,Net Banking,Online
IN103405,2025-10-26,Pune,Maharashtra,Electronics,4,3415.79,0.1,12296.84,2951.24,Credit Card,Store
IN103406,2024-08-03,Mumbai,Maharashtra,Clothing,1,1564.72,0.25,1173.54,328.59,Debit Card,Online
IN103407,2025-03-21,Pune,Maharashtra,Grocery,1,852.27,0.15,724.43,159.37,Credit Card,Online
IN103408,2024-08-10,Hyderabad,Telangana,Grocery,3,619.26,0.1,1672.0,367.84,Credit Card,Online
IN103409,2025-10-16,Ahmedabad,Gujarat,Grocery,4,582.24,0.05,2212.51,486.75,UPI,Online
IN103410,2024-04-14,Jaipur,Rajasthan,Grocery,5,471.24,0.2,1884.96,414.69,UPI,Online
IN103411,2025-06-05,Hyderabad,Telangana,Clothing,4,1113.84,0.2,3564.29,998.0,Cash,Store
IN103412,2025-01-17,Lucknow,Uttar Pradesh,Electronics,4,2461.0,0.1,8859.6,2126.3,UPI,Online
IN103413,2024-04-23,Lucknow,Uttar Pradesh,Electronics,1,2937.72,0.15,2497.06,599.29,Debit Card,Online
IN103414,2024-03-09,Pune,Maharashtra,Clothing,2,1535.09,0.1,2763.16,773.68,Credit Card,Online
IN103415,2024-12-30,Mumbai,Maharashtra,Clothing,5,1022.16,0.15,4344.18,1216.37,UPI,Online
IN103416,2024-02-13,Hyderabad,Telangana,Grocery,5,762.44,0.3,2668.54,587.08,UPI,Online
IN103417,2025-11-11,Kolkata,West Bengal,Clothing,1,1341.66,0.05,1274.58,356.88,Credit Card,Online
IN103418,2024-07-29,Mumbai,Maharashtra,Grocery,4,862.08,0.15,2931.07,644.84,UPI,Online
IN103419,2024-10-02,Ahmedabad,Gujarat,Home & Kitchen,1,1925.01,0.05,1828.76,548.63,UPI,Online
IN103420,2024-04-16,Lucknow,Uttar Pradesh,Clothing,4,1681.94,0.1,6054.98,1695.39,Credit Card,Store
IN103421,2025-04-23,Pune,Maharashtra,Electronics,2,4031.26,0.2,6450.02,1548.0,Net Banking,Store
IN103422,2025-11-09,Chennai,Tamil Nadu,Electronics,2,4088.8,0.05,7768.72,1864.49,UPI,Store
IN103423,2024-07-23,Lucknow,Uttar Pradesh,Grocery,3,674.05,0.0,2022.15,444.87,Debit Card,Online
IN103424,2024-04-28,Jaipur,Rajasthan,Clothing,4,1341.04,0.2,4291.33,1201.57,UPI,Store
IN103425,2025-04-30,Delhi,Delhi,Electronics,1,3405.87,0.1,3065.28,735.67,UPI,Store
IN103426,2024-04-18,Chennai,Tamil Nadu,Grocery,1,624.87,0.1,562.38,123.72,Cash,Store
IN103427,2025-03-29,Pune,Maharashtra,Electronics,1,2740.69,0.0,2740.69,657.77,Debit Card,Online
IN103428,2024-08-26,Kolkata,West Bengal,Grocery,3,591.86,0.0,1775.58,390.63,UPI,Online
IN103429,2024-01-08,Chennai,Tamil Nadu,Grocery,5,553.35,0.05,2628.41,578.25,Credit Card,Online
IN103430,2025-05-26,Jaipur,Rajasthan,Home & Kitchen,1,1575.24,0.15,1338.95,401.69,UPI,Online
IN103431,2024-02-12,Mumbai,Maharashtra,Electronics,2,2434.7,0.1,4382.46,1051.79,Debit Card,Online
IN103432,2025-01-28,Kolkata,West Bengal,Beauty,1,879.48,0.1,791.53,253.29,UPI,Store
IN103433,2024-05-11,Lucknow,Uttar Pradesh,Grocery,1,554.41,0.0,554.41,121.97,Debit Card,Store
IN103434,2025-12-18,Kolkata,West Bengal,Electronics,1,3172.6,0.0,3172.6,761.42,Credit Card,Online
IN103435,2025-01-28,Hyderabad,Telangana,Electronics,5,3887.77,0.0,19438.85,4665.32,UPI,Online
IN103436,2025-07-11,Jaipur,Rajasthan,Clothing,1,1387.96,0.15,1179.77,330.34,Cash,Online
IN103437,2024-07-16,Chennai,Tamil Nadu,Home & Kitchen,5,2376.9,0.05,11290.28,3387.08,Net Banking,Online
IN103438,2025-04-08,Hyderabad,Telangana,Home & Kitchen,5,1432.97,0.25,5373.64,1612.09,UPI,Online
IN103439,2024-04-30,Kolkata,West Bengal,Grocery,3,814.24,0.05,2320.58,510.53,Cash,Online
IN103440,2024-10-26,Hyderabad,Telangana,Home & Kitchen,2,1550.46,0.05,2945.87,883.76,Debit Card,Online
IN103441,2024-08-07,Bengaluru,Karnataka,Electronics,1,4182.58,0.1,3764.32,903.44,Debit Card,Store
IN103442,2024-04-03,Jaipur,Rajasthan,Electronics,1,2712.47,0.05,2576.85,618.44,Net Banking,Online
IN103443,2024-10-18,Ahmedabad,Gujarat,Beauty,1,1066.97,0.2,853.58,273.15,Credit Card,Online
IN103444,2024-06-01,Mumbai,Maharashtra,Home & Kitchen,5,1332.68,0.2,5330.72,1599.22,Debit Card,Online
IN103445,2025-06-08,Kolkata,West Bengal,Clothing,4,1553.13,0.0,6212.52,1739.51,Cash,Online
IN103446,2025-12-19,Jaipur,Rajasthan,Home & Kitchen,2,1515.85,0.15,2576.94,773.08,Credit Card,Online
IN103447,2025-02-25,Ahmedabad,Gujarat,Beauty,1,1022.05,0.15,868.74,278.0,Credit Card,Store
IN103448,2024-06-06,Ahmedabad,Gujarat,Home & Kitchen,4,2003.92,0.25,6011.76,1803.53,UPI,Online
IN103449,2024-09-26,Pune,Maharashtra,Home & Kitchen,4,2340.72,0.05,8894.74,2668.42,Cash,Online
IN103450,2025-08-02,Hyderabad,Telangana,Home & Kitchen,4,1993.21,0.0,7972.84,2391.85,Debit Card,Store
IN103451,2024-09-13,Ahmedabad,Gujarat,Electronics,2,3089.16,0.1,5560.49,1334.52,Credit Card,Online
IN103452,2025-12-01,Bengaluru,Karnataka,Home & Kitchen,4,1486.47,0.1,5351.29,1605.39,UPI,Online
IN103453,2025-05-29,Jaipur,Rajasthan,Electronics,1,3607.5,0.2,2886.0,692.64,UPI,Online
IN103454,2024-08-24,Delhi,Delhi,Beauty,1,698.07,0.25,523.55,167.54,UPI,Store
IN103455,2025-03-20,Delhi,Delhi,Clothing,3,1733.95,0.0,5201.85,1456.52,Credit Card,Online
IN103456,2025-10-05,Kolkata,West Bengal,Grocery,5,559.5,0.2,2238.0,492.36,UPI,Online
IN103457,2024-06-19,Lucknow,Uttar Pradesh,Grocery,4,676.46,0.25,2029.38,446.46,Cash,Store
IN103458,2024-09-26,Hyderabad,Telangana,Electronics,5,3479.57,0.25,13048.39,3131.61,Credit Card,Online
IN103459,2025-08-23,Lucknow,Uttar Pradesh,Clothing,5,1309.87,0.15,5566.95,1558.75,Net Banking,Online
IN103460,2025-09-06,Ahmedabad,Gujarat,Beauty,5,1018.37,0.15,4328.07,1384.98,UPI,Online
IN103461,2025-09-28,Jaipur,Rajasthan,Beauty,5,776.38,0.0,3881.9,1242.21,Net Banking,Store
IN103462,2024-03-07,Kolkata,West Bengal,Clothing,5,1011.51,0.25,3793.16,1062.08,UPI,Store
IN103463,2024-01-08,Chennai,Tamil Nadu,Beauty,1,1191.17,0.05,1131.61,362.12,Debit Card,Store
IN103464,2025-07-09,Ahmedabad,Gujarat,Home & Kitchen,2,1634.45,0.0,3268.9,980.67,Credit Card,Store
IN103465,2025-03-23,Hyderabad,Telangana,Grocery,4,756.44,0.1,2723.18,599.1,UPI,Store
IN103466,2024-05-14,Delhi,Delhi,Electronics,4,3295.67,0.15,11205.28,2689.27,UPI,Store
IN103467,2024-01-25,Pune,Maharashtra,Beauty,1,1021.36,0.1,919.22,294.15,UPI,Store
IN103468,2025-04-09,Jaipur,Rajasthan,Grocery,1,501.87,0.15,426.59,93.85,Debit Card,Online
IN103469,2025-01-08,Mumbai,Maharashtra,Home & Kitchen,5,1867.05,0.1,8401.72,2520.52,UPI,Store
IN103470,2024-07-14,Lucknow,Uttar Pradesh,Home & Kitchen,2,1718.9,0.05,3265.91,979.77,Net Banking,Online
IN103471,2025-12-04,Kolkata,West Bengal,Home & Kitchen,4,1788.66,0.05,6796.91,2039.07,UPI,Online
IN103472,2025-02-05,Lucknow,Uttar Pradesh,Grocery,3,863.22,0.1,2330.69,512.75,Net Banking,Store
IN103473,2024-05-01,Jaipur,Rajasthan,Clothing,1,1104.02,0.0,1104.02,309.13,UPI,Online
IN103474,2025-07-12,Lucknow,Uttar Pradesh,Clothing,3,1666.78,0.1,4500.31,1260.09,UPI,Online
IN103475,2024-07-27,Jaipur,Rajasthan,Clothing,4,1280.61,0.0,5122.44,1434.28,UPI,Online
IN103476,2024-10-27,Lucknow,Uttar Pradesh,Electronics,1,2843.94,0.2,2275.15,546.04,Cash,Store
IN103477,2025-08-23,Bengaluru,Karnataka,Grocery,4,569.4,0.1,2049.84,450.96,Credit Card,Store
IN103478,2025-05-29,Chennai,Tamil Nadu,Grocery,1,602.36,0.15,512.01,112.64,UPI,Online
IN103479,2025-10-18,Ahmedabad,Gujarat,Home & Kitchen,4,1677.83,0.05,6375.75,1912.73,UPI,Online
IN103480,2025-06-17,Ahmedabad,Gujarat,Electronics,3,2803.15,0.05,7988.98,1917.36,UPI,Online
IN103481,2024-02-08,Hyderabad,Telangana,Grocery,2,737.02,0.15,1252.93,275.64,Credit Card,Online
IN103482,2025-09-10,Mumbai,Maharashtra,Electronics,1,2339.26,0.15,1988.37,477.21,UPI,Online
IN103483,2025-09-03,Mumbai,Maharashtra,Electronics,3,2931.17,0.0,8793.51,2110.44,Debit Card,Store
IN103484,2024-07-24,Hyderabad,Telangana,Electronics,4,2822.83,0.05,10726.75,2574.42,Debit Card,Online
IN103485,2025-08-05,Pune,Maharashtra,Home & Kitchen,3,2139.16,0.25,4813.11,1443.93,Cash,Online
IN103486,2025-11-11,Ahmedabad,Gujarat,Electronics,1,2544.72,0.05,2417.48,580.2,Credit Card,Online
IN103487,2025-11-27,Pune,Maharashtra,Home & Kitchen,3,2360.6,0.0,7081.8,2124.54,UPI,Online
IN103488,2025-02-15,Jaipur,Rajasthan,Clothing,4,1135.17,0.0,4540.68,1271.39,Net Banking,Online
IN103489,2024-11-28,Jaipur,Rajasthan,Home & Kitchen,5,1692.93,0.15,7194.95,2158.48,UPI,Online
IN103490,2024-07-26,Delhi,Delhi,Home & Kitchen,2,1493.65,0.15,2539.2,761.76,Credit Card,Online
IN103491,2025-02-08,Lucknow,Uttar Pradesh,Beauty,2,797.72,0.1,1435.9,459.49,Cash,Store
IN103492,2025-01-22,Mumbai,Maharashtra,Beauty,5,1075.2,0.0,5376.0,1720.32,UPI,Store
IN103493,2025-05-01,Delhi,Delhi,Beauty,1,908.7,0.1,817.83,261.71,UPI,Online
IN103494,2025-01-16,Chennai,Tamil Nadu,Home & Kitchen,3,1450.21,0.05,4133.1,1239.93,UPI,Online
IN103495,2024-09-27,Hyderabad,Telangana,Grocery,3,474.7,0.05,1352.89,297.64,UPI,Store
IN103496,2025-03-12,Hyderabad,Telangana,Electronics,5,2718.23,0.05,12911.59,3098.78,UPI,Online
IN103497,2025-03-05,Jaipur,Rajasthan,Clothing,5,1840.5,0.0,9202.5,2576.7,UPI,Store
IN103498,2025-10-08,Ahmedabad,Gujarat,Electronics,4,3998.26,0.2,12794.43,3070.66,UPI,Store
IN103499,2025-10-19,Pune,Maharashtra,Grocery,4,640.97,0.15,2179.3,479.45,Cash,Online
IN103500,2024-12-10,Mumbai,Maharashtra,Grocery,2,658.64,0.2,1053.82,231.84,Credit Card,Store
IN103501,2024-05-28,Delhi,Delhi,Home & Kitchen,1,2312.26,0.1,2081.03,624.31,Debit Card,Store
IN103502,2025-09-19,Pune,Maharashtra,Beauty,1,975.94,0.3,683.16,218.61,Credit Card,Online
IN103503,2025-01-26,Delhi,Delhi,Clothing,5,1781.5,0.25,6680.62,1870.57,Cash,Store
IN103504,2024-07-05,Lucknow,Uttar Pradesh,Grocery,2,662.8,0.05,1259.32,277.05,Cash,Online
IN103505,2024-01-20,Chennai,Tamil Nadu,Beauty,2,747.06,0.1,1344.71,430.31,Cash,Online
IN103506,2024-12-03,Chennai,Tamil Nadu,Clothing,4,1640.59,0.15,5578.01,1561.84,Cash,Store
IN103507,2025-01-07,Pune,Maharashtra,Home & Kitchen,3,1875.88,0.15,4783.49,1435.05,UPI,Store
IN103508,2024-03-07,Pune,Maharashtra,Clothing,1,1588.28,0.25,1191.21,333.54,Credit Card,Store
IN103509,2025-03-14,Pune,Maharashtra,Grocery,2,521.43,0.15,886.43,195.01,Credit Card,Online
IN103510,2024-03-02,Delhi,Delhi,Clothing,4,1569.32,0.1,5649.55,1581.87,Credit Card,Online
IN103511,2025-04-30,Lucknow,Uttar Pradesh,Beauty,4,853.62,0.05,3243.76,1038.0,Credit Card,Online
IN103512,2025-09-13,Bengaluru,Karnataka,Grocery,4,595.27,0.1,2142.97,471.45,UPI,Online
IN103513,2025-07-21,Pune,Maharashtra,Electronics,3,3636.67,0.2,8728.01,2094.72,UPI,Online
IN103514,2024-03-25,Ahmedabad,Gujarat,Clothing,2,1518.94,0.3,2126.52,595.43,Net Banking,Online
IN103515,2025-02-09,Mumbai,Maharashtra,Grocery,5,729.25,0.0,3646.25,802.18,Debit Card,Online
IN103516,2025-01-29,Mumbai,Maharashtra,Beauty,5,1194.72,0.1,5376.24,1720.4,UPI,Online
IN103517,2025-09-10,Delhi,Delhi,Home & Kitchen,4,2080.4,0.1,7489.44,2246.83,UPI,Online
IN103518,2025-06-07,Pune,Maharashtra,Grocery,4,725.78,0.05,2757.96,606.75,Debit Card,Store
IN103519,2024-06-24,Jaipur,Rajasthan,Clothing,3,1538.33,0.2,3691.99,1033.76,UPI,Store
IN103520,2024-12-24,Hyderabad,Telangana,Grocery,4,623.46,0.1,2244.46,493.78,Credit Card,Online
IN103521,2025-06-22,Bengaluru,Karnataka,Home & Kitchen,2,2241.85,0.05,4259.51,1277.85,UPI,Store
IN103522,2024-10-17,Ahmedabad,Gujarat,Home & Kitchen,4,1705.7,0.1,6140.52,1842.16,UPI,Store
IN103523,2024-05-09,Lucknow,Uttar Pradesh,Clothing,4,1617.22,0.05,6145.44,1720.72,UPI,Store
IN103524,2025-04-23,Jaipur,Rajasthan,Home & Kitchen,2,1602.98,0.1,2885.36,865.61,Debit Card,Online
IN103525,2025-10-09,Chennai,Tamil Nadu,Grocery,1,517.43,0.0,517.43,113.83,UPI,Online
IN103526,2025-06-15,Jaipur,Rajasthan,Beauty,5,705.91,0.0,3529.55,1129.46,UPI,Store
IN103527,2024-09-20,Delhi,Delhi,Beauty,4,1001.22,0.15,3404.15,1089.33,Debit Card,Online
IN103528,2025-11-01,Bengaluru,Karnataka,Home & Kitchen,2,1643.71,0.15,2794.31,838.29,Cash,Store
IN103529,2025-05-17,Kolkata,West Bengal,Home & Kitchen,5,1581.81,0.15,6722.69,2016.81,UPI,Store
IN103530,2024-06-08,Kolkata,West Bengal,Clothing,3,1518.77,0.15,3872.86,1084.4,Debit Card,Store
IN103531,2025-06-21,Pune,Maharashtra,Home & Kitchen,1,1290.03,0.25,967.52,290.26,Net Banking,Online
IN103532,2024-03-21,Pune,Maharashtra,Clothing,4,1204.07,0.2,3853.02,1078.85,Net Banking,Online
IN103533,2025-02-16,Delhi,Delhi,Clothing,1,1289.9,0.1,1160.91,325.05,Cash,Online
IN103534,2025-04-19,Lucknow,Uttar Pradesh,Clothing,4,1624.62,0.05,6173.56,1728.6,Debit Card,Store
IN103535,2024-01-18,Pune,Maharashtra,Home & Kitchen,4,1897.65,0.05,7211.07,2163.32,UPI,Online
IN103536,2024-03-09,Hyderabad,Telangana,Electronics,4,4020.46,0.1,14473.66,3473.68,Debit Card,Online
IN103537,2024-05-09,Bengaluru,Karnataka,Clothing,1,1284.4,0.2,1027.52,287.71,Debit Card,Online
IN103538,2025-10-08,Delhi,Delhi,Grocery,3,580.25,0.15,1479.64,325.52,UPI,Online
IN103539,2025-12-30,Mumbai,Maharashtra,Electronics,2,2309.05,0.1,4156.29,997.51,Credit Card,Online
IN103540,2024-11-05,Chennai,Tamil Nadu,Electronics,2,4219.57,0.15,7173.27,1721.58,Debit Card,Online
IN103541,2025-05-01,Delhi,Delhi,Home & Kitchen,3,1846.75,0.1,4986.23,1495.87,Net Banking,Store
IN103542,2024-01-15,Delhi,Delhi,Home & Kitchen,3,1847.95,0.3,3880.7,1164.21,UPI,Online
IN103543,2025-05-10,Kolkata,West Bengal,Clothing,4,1820.33,0.2,5825.06,1631.02,UPI,Store
IN103544,2024-07-04,Ahmedabad,Gujarat,Home & Kitchen,4,1599.2,0.2,5117.44,1535.23,Debit Card,Store
IN103545,2025-02-20,Lucknow,Uttar Pradesh,Home & Kitchen,2,1648.56,0.1,2967.41,890.22,UPI,Store
IN103546,2025-12-07,Ahmedabad,Gujarat,Clothing,4,1577.28,0.05,5993.66,1678.22,Credit Card,Store
IN103547,2025-12-03,Hyderabad,Telangana,Home & Kitchen,4,2178.66,0.0,8714.64,2614.39,UPI,Online
IN103548,2025-03-07,Mumbai,Maharashtra,Beauty,3,1039.1,0.0,3117.3,997.54,Credit Card,Online
IN103549,2024-03-06,Kolkata,West Bengal,Clothing,1,1697.73,0.0,1697.73,475.36,Debit Card,Store
IN103550,2024-03-21,Mumbai,Maharashtra,Clothing,5,1503.35,0.3,5261.72,1473.28,UPI,Online
IN103551,2024-02-05,Hyderabad,Telangana,Beauty,5,1134.75,0.0,5673.75,1815.6,UPI,Online
IN103552,2024-01-17,Ahmedabad,Gujarat,Grocery,4,687.42,0.0,2749.68,604.93,UPI,Online
IN103553,2025-05-28,Delhi,Delhi,Electronics,4,2717.03,0.1,9781.31,2347.51,UPI,Store
IN103554,2024-02-02,Pune,Maharashtra,Grocery,5,683.87,0.1,3077.42,677.03,Debit Card,Online
IN103555,2024-12-14,Pune,Maharashtra,Grocery,3,756.22,0.25,1701.5,374.33,Credit Card,Online
IN103556,2025-01-14,Jaipur,Rajasthan,Home & Kitchen,5,2024.68,0.0,10123.4,3037.02,UPI,Online
IN103557,2025-05-22,Chennai,Tamil Nadu,Grocery,5,557.67,0.25,2091.26,460.08,Credit Card,Store
IN103558,2025-10-07,Lucknow,Uttar Pradesh,Clothing,5,1017.38,0.05,4832.55,1353.11,UPI,Online
IN103559,2024-09-23,Hyderabad,Telangana,Grocery,4,561.67,0.3,1572.68,345.99,Debit Card,Store
IN103560,2025-05-31,Chennai,Tamil Nadu,Grocery,4,870.76,0.1,3134.74,689.64,UPI,Store
IN103561,2025-04-29,Lucknow,Uttar Pradesh,Clothing,5,1147.86,0.15,4878.4,1365.95,Cash,Store
IN103562,2024-12-12,Chennai,Tamil Nadu,Grocery,4,651.2,0.05,2474.56,544.4,Credit Card,Online
IN103563,2025-08-25,Ahmedabad,Gujarat,Home & Kitchen,5,2006.86,0.15,8529.15,2558.75,Credit Card,Store
IN103564,2025-10-25,Lucknow,Uttar Pradesh,Electronics,3,4069.3,0.15,10376.72,2490.41,Debit Card,Online
IN103565,2025-03-18,Ahmedabad,Gujarat,Grocery,4,776.21,0.0,3104.84,683.06,Cash,Online
IN103566,2025-01-12,Delhi,Delhi,Clothing,1,1807.15,0.0,1807.15,506.0,Net Banking,Store
IN103567,2025-09-21,Kolkata,West Bengal,Clothing,4,1529.99,0.3,4283.97,1199.51,Credit Card,Store
IN103568,2025-07-26,Ahmedabad,Gujarat,Clothing,3,1767.44,0.1,4772.09,1336.19,UPI,Store
IN103569,2024-12-23,Pune,Maharashtra,Clothing,3,1220.1,0.25,2745.22,768.66,Cash,Store
IN103570,2025-06-21,Chennai,Tamil Nadu,Home & Kitchen,4,1763.76,0.15,5996.78,1799.03,UPI,Online
IN103571,2025-09-12,Jaipur,Rajasthan,Clothing,2,1747.83,0.05,3320.88,929.85,Cash,Store
IN103572,2024-07-28,Bengaluru,Karnataka,Home & Kitchen,5,1640.91,0.0,8204.55,2461.37,Debit Card,Online
IN103573,2024-02-11,Lucknow,Uttar Pradesh,Electronics,5,4052.14,0.3,14182.49,3403.8,Net Banking,Store
IN103574,2024-01-13,Hyderabad,Telangana,Beauty,3,842.42,0.1,2274.53,727.85,Cash,Online
IN103575,2025-08-23,Jaipur,Rajasthan,Grocery,4,608.53,0.0,2434.12,535.51,UPI,Online
IN103576,2025-08-22,Pune,Maharashtra,Grocery,2,585.57,0.15,995.47,219.0,Debit Card,Online
IN103577,2025-05-03,Ahmedabad,Gujarat,Clothing,1,1477.72,0.0,1477.72,413.76,UPI,Online
IN103578,2024-07-05,Kolkata,West Bengal,Clothing,5,1097.45,0.2,4389.8,1229.14,UPI,Online
IN103579,2024-03-03,Delhi,Delhi,Clothing,2,1013.31,0.0,2026.62,567.45,Credit Card,Online
IN103580,2024-12-01,Bengaluru,Karnataka,Beauty,5,1154.99,0.05,5486.2,1755.58,UPI,Online
IN103581,2025-07-08,Mumbai,Maharashtra,Grocery,4,847.48,0.0,3389.92,745.78,Debit Card,Online
IN103582,2024-03-15,Jaipur,Rajasthan,Grocery,5,487.18,0.0,2435.9,535.9,Net Banking,Online
IN103583,2024-05-28,Kolkata,West Bengal,Home & Kitchen,1,1903.15,0.1,1712.84,513.85,Credit Card,Online
IN103584,2025-11-24,Mumbai,Maharashtra,Clothing,4,1471.11,0.15,5001.77,1400.5,UPI,Online
IN103585,2024-07-25,Bengaluru,Karnataka,Home & Kitchen,3,1695.74,0.2,4069.78,1220.93,Cash,Online
IN103586,2025-11-23,Hyderabad,Telangana,Grocery,2,695.36,0.15,1182.11,260.06,Cash,Store
IN103587,2025-11-15,Hyderabad,Telangana,Grocery,5,648.56,0.05,3080.66,677.75,Debit Card,Store
IN103588,2024-08-28,Chennai,Tamil Nadu,Grocery,4,661.87,0.1,2382.73,524.2,Debit Card,Online
IN103589,2025-11-06,Bengaluru,Karnataka,Clothing,4,1667.36,0.25,5002.08,1400.58,Cash,Store
IN103590,2025-07-28,Bengaluru,Karnataka,Clothing,5,1458.62,0.1,6563.79,1837.86,UPI,Store
IN103591,2024-08-22,Mumbai,Maharashtra,Home & Kitchen,3,1638.68,0.05,4670.24,1401.07,Net Banking,Online
IN103592,2024-05-04,Kolkata,West Bengal,Grocery,5,700.67,0.1,3153.02,693.66,Net Banking,Store
IN103593,2024-09-13,Lucknow,Uttar Pradesh,Clothing,3,1563.09,0.05,4454.81,1247.35,Cash,Online
IN103594,2024-04-01,Mumbai,Maharashtra,Beauty,5,1017.45,0.05,4832.89,1546.52,UPI,Online
IN103595,2025-12-07,Delhi,Delhi,Electronics,4,3526.08,0.15,11988.67,2877.28,Cash,Online
IN103596,2024-07-25,Hyderabad,Telangana,Home & Kitchen,1,2037.59,0.2,1630.07,489.02,Credit Card,Online
IN103597,2025-02-20,Hyderabad,Telangana,Beauty,1,811.4,0.1,730.26,233.68,Credit Card,Store
IN103598,2024-10-14,Chennai,Tamil Nadu,Beauty,4,890.99,0.15,3029.37,969.4,Cash,Online
IN103599,2024-08-02,Delhi,Delhi,Home & Kitchen,1,2042.39,0.0,2042.39,612.72,UPI,Online
IN103600,2025-11-28,Hyderabad,Telangana,Clothing,3,1666.48,0.1,4499.5,1259.86,UPI,Online
IN103601,2025-09-29,Mumbai,Maharashtra,Clothing,4,1375.07,0.15,4675.24,1309.07,Cash,Store
IN103602,2025-05-26,Delhi,Delhi,Home & Kitchen,3,1687.44,0.1,4556.09,1366.83,Cash,Store
IN103603,2025-07-26,Mumbai,Maharashtra,Clothing,4,1631.45,0.0,6525.8,1827.22,Cash,Store
IN103604,2025-01-02,Lucknow,Uttar Pradesh,Electronics,3,2702.12,0.15,6890.41,1653.7,UPI,Online
IN103605,2025-02-04,Lucknow,Uttar Pradesh,Home & Kitchen,3,1271.11,0.2,3050.66,915.2,Debit Card,Online
IN103606,2024-07-19,Hyderabad,Telangana,Clothing,1,1408.76,0.15,1197.45,335.29,UPI,Online
IN103607,2025-08-03,Hyderabad,Telangana,Beauty,4,731.42,0.0,2925.68,936.22,Cash,Online
IN103608,2024-10-11,Kolkata,West Bengal,Home & Kitchen,5,1702.59,0.0,8512.95,2553.89,UPI,Online
IN103609,2024-03-03,Lucknow,Uttar Pradesh,Home & Kitchen,1,1600.74,0.05,1520.7,456.21,Debit Card,Online
IN103610,2025-10-07,Jaipur,Rajasthan,Home & Kitchen,3,2169.4,0.0,6508.2,1952.46,Credit Card,Store
IN103611,2024-12-26,Jaipur,Rajasthan,Beauty,3,823.87,0.2,1977.29,632.73,Net Banking,Store
IN103612,2024-07-05,Chennai,Tamil Nadu,Home & Kitchen,5,2009.59,0.15,8540.76,2562.23,Credit Card,Store
IN103613,2025-04-27,Lucknow,Uttar Pradesh,Grocery,5,739.73,0.1,3328.79,732.33,Debit Card,Online
IN103614,2025-01-05,Mumbai,Maharashtra,Clothing,3,1395.37,0.2,3348.89,937.69,UPI,Online
IN103615,2024-01-21,Mumbai,Maharashtra,Beauty,5,677.43,0.0,3387.15,1083.89,Debit Card,Online
IN103616,2024-11-03,Pune,Maharashtra,Home & Kitchen,2,2079.43,0.15,3535.03,1060.51,Credit Card,Store
IN103617,2024-02-15,Delhi,Delhi,Grocery,1,486.76,0.0,486.76,107.09,UPI,Store
IN103618,2024-07-12,Ahmedabad,Gujarat,Electronics,4,2446.36,0.0,9785.44,2348.51,Debit Card,Store
IN103619,2024-02-26,Jaipur,Rajasthan,Grocery,5,537.81,0.0,2689.05,591.59,Cash,Online
IN103620,2025-07-07,Hyderabad,Telangana,Electronics,5,2823.18,0.25,10586.92,2540.86,UPI,Store
IN103621,2025-04-01,Chennai,Tamil Nadu,Beauty,2,1125.17,0.1,2025.31,648.1,UPI,Online
IN103622,2024-11-28,Ahmedabad,Gujarat,Beauty,4,1024.83,0.0,4099.32,1311.78,Debit Card,Store
IN103623,2024-01-16,Bengaluru,Karnataka,Electronics,2,3045.4,0.1,5481.72,1315.61,Cash,Store
IN103624,2025-10-06,Chennai,Tamil Nadu,Grocery,4,868.47,0.0,3473.88,764.25,UPI,Store
IN103625,2025-05-27,Bengaluru,Karnataka,Electronics,1,2746.69,0.0,2746.69,659.21,Net Banking,Online
IN103626,2024-05-29,Lucknow,Uttar Pradesh,Home & Kitchen,5,1973.48,0.15,8387.29,2516.19,Net Banking,Store
IN103627,2025-09-25,Bengaluru,Karnataka,Clothing,1,1750.96,0.0,1750.96,490.27,UPI,Online
IN103628,2024-07-31,Bengaluru,Karnataka,Grocery,4,793.85,0.25,2381.55,523.94,UPI,Online
IN103629,2025-01-25,Kolkata,West Bengal,Clothing,5,1062.18,0.1,4779.81,1338.35,Debit Card,Online
IN103630,2024-10-07,Kolkata,West Bengal,Electronics,2,3690.33,0.0,7380.66,1771.36,Net Banking,Online
IN103631,2025-10-13,Kolkata,West Bengal,Clothing,3,1214.66,0.05,3461.78,969.3,Debit Card,Store
IN103632,2025-11-01,Lucknow,Uttar Pradesh,Electronics,2,2979.93,0.15,5065.88,1215.81,Credit Card,Online
IN103633,2025-06-22,Ahmedabad,Gujarat,Grocery,3,661.6,0.05,1885.56,414.82,UPI,Online
IN103634,2024-12-07,Chennai,Tamil Nadu,Electronics,2,3884.76,0.1,6992.57,1678.22,Credit Card,Online
IN103635,2025-11-04,Chennai,Tamil Nadu,Grocery,4,525.22,0.2,1680.7,369.75,Debit Card,Online
IN103636,2025-09-21,Hyderabad,Telangana,Beauty,1,693.5,0.2,554.8,177.54,UPI,Online
IN103637,2024-12-02,Kolkata,West Bengal,Home & Kitchen,3,1439.53,0.15,3670.8,1101.24,Credit Card,Online
IN103638,2024-03-15,Lucknow,Uttar Pradesh,Beauty,4,757.66,0.2,2424.51,775.84,UPI,Online
IN103639,2024-04-02,Hyderabad,Telangana,Beauty,1,664.81,0.0,664.81,212.74,Credit Card,Online
IN103640,2025-06-29,Delhi,Delhi,Electronics,1,4166.82,0.0,4166.82,1000.04,UPI,Store
IN103641,2024-04-24,Hyderabad,Telangana,Electronics,5,2903.69,0.2,11614.76,2787.54,UPI,Online
IN103642,2025-02-24,Ahmedabad,Gujarat,Grocery,5,529.77,0.05,2516.41,553.61,Cash,Store
IN103643,2024-04-22,Jaipur,Rajasthan,Beauty,5,1003.13,0.1,4514.08,1444.51,UPI,Online
IN103644,2025-01-02,Bengaluru,Karnataka,Beauty,3,1090.39,0.15,2780.49,889.76,Credit Card,Store
IN103645,2024-02-29,Kolkata,West Bengal,Electronics,3,3806.73,0.1,10278.17,2466.76,UPI,Online
IN103646,2024-10-08,Jaipur,Rajasthan,Clothing,1,1634.02,0.0,1634.02,457.53,UPI,Online
IN103647,2024-08-24,Hyderabad,Telangana,Electronics,3,2345.1,0.15,5980.0,1435.2,UPI,Online
IN103648,2025-09-29,Lucknow,Uttar Pradesh,Home & Kitchen,1,2175.13,0.2,1740.1,522.03,UPI,Online
IN103649,2024-02-14,Bengaluru,Karnataka,Grocery,4,667.04,0.0,2668.16,587.0,UPI,Store
IN103650,2024-07-15,Chennai,Tamil Nadu,Electronics,2,3590.1,0.1,6462.18,1550.92,Cash,Online
IN103651,2025-12-24,Mumbai,Maharashtra,Grocery,1,859.09,0.1,773.18,170.1,UPI,Online
IN103652,2025-05-13,Bengaluru,Karnataka,Grocery,1,797.51,0.05,757.63,166.68,UPI,Store
IN103653,2025-08-05,Ahmedabad,Gujarat,Home & Kitchen,4,2225.69,0.0,8902.76,2670.83,Cash,Store
IN103654,2025-03-24,Ahmedabad,Gujarat,Electronics,5,2617.45,0.0,13087.25,3140.94,UPI,Online
IN103655,2025-11-09,Hyderabad,Telangana,Beauty,5,908.7,0.15,3861.98,1235.83,Debit Card,Online
IN103656,2024-07-13,Delhi,Delhi,Grocery,5,856.09,0.1,3852.4,847.53,UPI,Online
IN103657,2025-11-15,Ahmedabad,Gujarat,Home & Kitchen,1,1941.74,0.3,1359.22,407.77,UPI,Store
IN103658,2024-07-13,Ahmedabad,Gujarat,Home & Kitchen,1,1380.03,0.05,1311.03,393.31,Credit Card,Store
IN103659,2025-07-28,Lucknow,Uttar Pradesh,Electronics,3,3762.19,0.25,8464.93,2031.58,Net Banking,Store
IN103660,2025-08-04,Hyderabad,Telangana,Electronics,3,2329.29,0.1,6289.08,1509.38,UPI,Store
IN103661,2024-11-05,Bengaluru,Karnataka,Home & Kitchen,2,2128.49,0.0,4256.98,1277.09,UPI,Online
IN103662,2025-08-13,Delhi,Delhi,Electronics,2,4069.93,0.0,8139.86,1953.57,UPI,Online
IN103663,2025-07-01,Jaipur,Rajasthan,Home & Kitchen,3,1757.54,0.15,4481.73,1344.52,UPI,Online
IN103664,2025-01-23,Mumbai,Maharashtra,Home & Kitchen,1,1743.93,0.2,1395.14,418.54,Net Banking,Store
IN103665,2025-12-07,Kolkata,West Bengal,Home & Kitchen,4,1615.93,0.15,5494.16,1648.25,UPI,Store
IN103666,2025-03-10,Chennai,Tamil Nadu,Clothing,3,1778.01,0.15,4533.93,1269.5,Cash,Online
IN103667,2025-12-29,Ahmedabad,Gujarat,Clothing,1,1478.48,0.0,1478.48,413.97,UPI,Online
IN103668,2025-10-22,Hyderabad,Telangana,Grocery,3,699.74,0.0,2099.22,461.83,Cash,Store
IN103669,2025-05-10,Kolkata,West Bengal,Electronics,5,3616.35,0.0,18081.75,4339.62,Credit Card,Online
IN103670,2024-07-19,Chennai,Tamil Nadu,Home & Kitchen,3,1611.27,0.0,4833.81,1450.14,Cash,Store
IN103671,2025-10-27,Chennai,Tamil Nadu,Home & Kitchen,5,1766.36,0.15,7507.03,2252.11,UPI,Online
IN103672,2025-06-17,Jaipur,Rajasthan,Clothing,1,1654.86,0.2,1323.89,370.69,Debit Card,Online
IN103673,2024-10-23,Jaipur,Rajasthan,Home & Kitchen,5,2413.02,0.05,11461.84,3438.55,Debit Card,Online
IN103674,2025-05-08,Jaipur,Rajasthan,Electronics,3,2311.36,0.2,5547.26,1331.34,Credit Card,Store
IN103675,2025-12-27,Pune,Maharashtra,Clothing,5,1018.81,0.0,5094.05,1426.33,Cash,Online
IN103676,2024-11-26,Pune,Maharashtra,Beauty,4,880.43,0.05,3345.63,1070.6,Debit Card,Online
IN103677,2025-09-25,Chennai,Tamil Nadu,Beauty,5,1015.88,0.05,4825.43,1544.14,Cash,Store
IN103678,2024-09-17,Jaipur,Rajasthan,Grocery,5,618.24,0.0,3091.2,680.06,UPI,Store
IN103679,2024-02-24,Lucknow,Uttar Pradesh,Beauty,2,1214.79,0.0,2429.58,777.47,Credit Card,Store
IN103680,2024-10-08,Ahmedabad,Gujarat,Grocery,4,537.54,0.05,2042.65,449.38,Cash,Online
IN103681,2025-09-29,Kolkata,West Bengal,Clothing,1,987.21,0.1,888.49,248.78,UPI,Store
IN103682,2025-03-17,Kolkata,West Bengal,Clothing,5,1153.02,0.05,5476.84,1533.52,Credit Card,Online
IN103683,2024-09-15,Pune,Maharashtra,Beauty,4,1148.8,0.1,4135.68,1323.42,Net Banking,Online
IN103684,2025-07-15,Chennai,Tamil Nadu,Electronics,1,2541.91,0.05,2414.81,579.55,Credit Card,Online
IN103685,2024-05-25,Hyderabad,Telangana,Grocery,4,657.37,0.3,1840.64,404.94,UPI,Online
IN103686,2025-01-25,Bengaluru,Karnataka,Grocery,2,632.14,0.2,1011.42,222.51,UPI,Store
IN103687,2025-01-07,Bengaluru,Karnataka,Home & Kitchen,1,2038.9,0.25,1529.18,458.75,Cash,Online
IN103688,2024-02-14,Pune,Maharashtra,Grocery,1,478.07,0.1,430.26,94.66,Net Banking,Online
IN103689,2025-01-31,Hyderabad,Telangana,Clothing,5,1579.46,0.15,6712.7,1879.56,Net Banking,Store
IN103690,2024-09-18,Pune,Maharashtra,Electronics,3,2977.88,0.0,8933.64,2144.07,Debit Card,Store
IN103691,2025-04-23,Bengaluru,Karnataka,Grocery,1,846.25,0.15,719.31,158.25,Credit Card,Store
IN103692,2025-07-18,Hyderabad,Telangana,Home & Kitchen,1,2253.2,0.05,2140.54,642.16,UPI,Online
IN103693,2025-04-29,Jaipur,Rajasthan,Grocery,2,623.79,0.0,1247.58,274.47,UPI,Store
IN103694,2025-12-08,Chennai,Tamil Nadu,Home & Kitchen,2,2421.68,0.0,4843.36,1453.01,UPI,Online
IN103695,2025-05-30,Kolkata,West Bengal,Electronics,2,2348.04,0.1,4226.47,1014.35,UPI,Store
IN103696,2025-07-25,Lucknow,Uttar Pradesh,Beauty,5,1091.35,0.05,5183.91,1658.85,Cash,Online
IN103697,2025-11-15,Delhi,Delhi,Grocery,1,638.3,0.3,446.81,98.3,Cash,Store
IN103698,2025-08-06,Chennai,Tamil Nadu,Electronics,2,3141.27,0.05,5968.41,1432.42,Credit Card,Online
IN103699,2025-04-30,Jaipur,Rajasthan,Clothing,2,1134.82,0.2,1815.71,508.4,Net Banking,Online
IN103700,2025-08-09,Bengaluru,Karnataka,Home & Kitchen,4,1862.41,0.05,7077.16,2123.15,Net Banking,Online
IN103701,2025-04-10,Jaipur,Rajasthan,Beauty,4,679.56,0.15,2310.5,739.36,Debit Card,Online
IN103702,2025-04-10,Pune,Maharashtra,Clothing,2,1541.09,0.15,2619.85,733.56,Credit Card,Online
IN103703,2024-01-22,Hyderabad,Telangana,Home & Kitchen,5,1542.66,0.1,6941.97,2082.59,UPI,Store
IN103704,2025-01-30,Kolkata,West Bengal,Electronics,3,3747.7,0.1,10118.79,2428.51,Credit Card,Online
IN103705,2024-07-27,Ahmedabad,Gujarat,Electronics,4,3503.31,0.15,11911.25,2858.7,UPI,Store
IN103706,2025-07-16,Pune,Maharashtra,Grocery,4,770.36,0.1,2773.3,610.13,UPI,Online
IN103707,2024-05-24,Chennai,Tamil Nadu,Grocery,1,771.77,0.1,694.59,152.81,Net Banking,Online
IN103708,2025-02-23,Pune,Maharashtra,Home & Kitchen,1,1490.15,0.1,1341.14,402.34,UPI,Store
IN103709,2024-12-14,Chennai,Tamil Nadu,Clothing,2,980.61,0.05,1863.16,521.68,UPI,Store
IN103710,2024-10-31,Ahmedabad,Gujarat,Electronics,1,3000.78,0.05,2850.74,684.18,Credit Card,Online
IN103711,2024-02-13,Mumbai,Maharashtra,Grocery,1,843.31,0.0,843.31,185.53,Debit Card,Online
IN103712,2024-04-16,Kolkata,West Bengal,Electronics,3,3442.03,0.2,8260.87,1982.61,UPI,Store
IN103713,2024-05-29,Lucknow,Uttar Pradesh,Electronics,5,3753.2,0.15,15951.1,3828.26,UPI,Online
IN103714,2025-08-28,Lucknow,Uttar Pradesh,Clothing,2,1780.41,0.0,3560.82,997.03,Net Banking,Online
IN103715,2024-09-20,Delhi,Delhi,Clothing,3,1804.51,0.05,5142.85,1440.0,UPI,Store
IN103716,2024-04-19,Jaipur,Rajasthan,Clothing,2,1461.41,0.1,2630.54,736.55,Cash,Online
IN103717,2024-01-18,Mumbai,Maharashtra,Grocery,5,683.55,0.05,3246.86,714.31,Credit Card,Online
IN103718,2024-12-01,Lucknow,Uttar Pradesh,Electronics,2,4009.95,0.2,6415.92,1539.82,Credit Card,Store
IN103719,2024-08-26,Pune,Maharashtra,Electronics,1,3919.57,0.15,3331.63,799.59,UPI,Store
IN103720,2025-12-24,Jaipur,Rajasthan,Grocery,5,750.27,0.15,3188.65,701.5,Debit Card,Online
IN103721,2024-11-23,Mumbai,Maharashtra,Electronics,3,3497.29,0.25,7868.9,1888.54,Cash,Online
IN103722,2024-10-20,Hyderabad,Telangana,Grocery,3,715.77,0.1,1932.58,425.17,UPI,Online
IN103723,2025-02-16,Hyderabad,Telangana,Electronics,4,2994.86,0.15,10182.52,2443.8,UPI,Store
IN103724,2025-04-05,Jaipur,Rajasthan,Clothing,3,1745.24,0.15,4450.36,1246.1,UPI,Store
IN103725,2024-03-21,Chennai,Tamil Nadu,Electronics,4,3524.98,0.15,11984.93,2876.38,Cash,Online
IN103726,2024-09-11,Chennai,Tamil Nadu,Electronics,1,2704.94,0.2,2163.95,519.35,Credit Card,Online
IN103727,2024-12-28,Pune,Maharashtra,Grocery,3,556.33,0.15,1418.64,312.1,UPI,Online
IN103728,2025-12-21,Mumbai,Maharashtra,Beauty,5,1134.04,0.0,5670.2,1814.46,UPI,Online
IN103729,2025-04-01,Mumbai,Maharashtra,Electronics,4,3541.47,0.25,10624.41,2549.86,Credit Card,Store
IN103730,2025-03-18,Jaipur,Rajasthan,Clothing,3,1342.82,0.15,3424.19,958.77,Cash,Online
IN103731,2025-06-16,Bengaluru,Karnataka,Grocery,1,534.05,0.0,534.05,117.49,Debit Card,Online
IN103732,2024-08-25,Hyderabad,Telangana,Clothing,5,1535.3,0.15,6525.02,1827.01,UPI,Online
IN103733,2024-09-17,Mumbai,Maharashtra,Home & Kitchen,5,1475.64,0.05,7009.29,2102.79,UPI,Online
IN103734,2024-09-29,Jaipur,Rajasthan,Electronics,1,3217.95,0.2,2574.36,617.85,UPI,Online
IN103735,2024-10-06,Ahmedabad,Gujarat,Beauty,3,1026.34,0.25,2309.26,738.96,UPI,Online
IN103736,2024-05-29,Delhi,Delhi,Clothing,2,1494.53,0.05,2839.61,795.09,Debit Card,Store
IN103737,2024-05-31,Ahmedabad,Gujarat,Clothing,3,1819.11,0.2,4365.86,1222.44,UPI,Store
IN103738,2025-07-26,Kolkata,West Bengal,Home & Kitchen,4,1306.47,0.15,4442.0,1332.6,UPI,Store
IN103739,2025-10-09,Pune,Maharashtra,Grocery,4,573.21,0.15,1948.91,428.76,Credit Card,Online
IN103740,2024-01-12,Mumbai,Maharashtra,Grocery,3,479.12,0.1,1293.62,284.6,Debit Card,Store
IN103741,2024-01-14,Kolkata,West Bengal,Home & Kitchen,4,1487.69,0.0,5950.76,1785.23,Credit Card,Store
IN103742,2025-05-25,Lucknow,Uttar Pradesh,Grocery,2,507.38,0.1,913.28,200.92,Cash,Online
IN103743,2025-06-25,Kolkata,West Bengal,Electronics,2,3763.94,0.0,7527.88,1806.69,Debit Card,Online
IN103744,2025-03-20,Jaipur,Rajasthan,Grocery,5,611.06,0.1,2749.77,604.95,Cash,Online
IN103745,2024-11-13,Mumbai,Maharashtra,Electronics,4,4164.09,0.2,13325.09,3198.02,Debit Card,Online
IN103746,2024-08-25,Delhi,Delhi,Home & Kitchen,3,1287.35,0.3,2703.43,811.03,UPI,Store
IN103747,2025-06-22,Jaipur,Rajasthan,Beauty,5,1011.96,0.0,5059.8,1619.14,UPI,Online
IN103748,2025-10-15,Jaipur,Rajasthan,Clothing,2,1863.2,0.05,3540.08,991.22,Net Banking,Online
IN103749,2024-03-14,Pune,Maharashtra,Clothing,5,1140.01,0.2,4560.04,1276.81,Net Banking,Online
IN103750,2025-03-09,Pune,Maharashtra,Electronics,1,3160.26,0.1,2844.23,682.62,Debit Card,Online
IN103751,2024-10-24,Hyderabad,Telangana,Electronics,4,3699.93,0.25,11099.79,2663.95,Debit Card,Online
IN103752,2025-12-11,Hyderabad,Telangana,Beauty,3,1000.39,0.15,2550.99,816.32,UPI,Online
IN103753,2024-10-22,Chennai,Tamil Nadu,Electronics,2,3417.34,0.15,5809.48,1394.28,Credit Card,Online
IN103754,2024-01-14,Bengaluru,Karnataka,Clothing,5,1277.35,0.0,6386.75,1788.29,Net Banking,Store
IN103755,2025-09-03,Mumbai,Maharashtra,Home & Kitchen,3,2111.99,0.0,6335.97,1900.79,Cash,Store
IN103756,2025-08-25,Mumbai,Maharashtra,Beauty,4,1012.15,0.05,3846.17,1230.77,UPI,Store
IN103757,2025-01-29,Kolkata,West Bengal,Grocery,3,523.78,0.05,1492.77,328.41,UPI,Store
IN103758,2024-07-09,Mumbai,Maharashtra,Grocery,4,862.33,0.15,2931.92,645.02,Credit Card,Store
IN103759,2025-02-24,Mumbai,Maharashtra,Grocery,4,689.77,0.1,2483.17,546.3,UPI,Store
IN103760,2024-04-15,Bengaluru,Karnataka,Beauty,4,937.4,0.1,3374.64,1079.88,UPI,Store
IN103761,2025-01-28,Lucknow,Uttar Pradesh,Grocery,5,813.38,0.2,3253.52,715.77,Debit Card,Store
IN103762,2025-03-13,Hyderabad,Telangana,Grocery,4,725.57,0.1,2612.05,574.65,UPI,Online
IN103763,2024-01-07,Hyderabad,Telangana,Electronics,3,2394.92,0.1,6466.28,1551.91,Debit Card,Online
IN103764,2024-03-21,Delhi,Delhi,Electronics,1,3293.71,0.2,2634.97,632.39,Debit Card,Store
IN103765,2025-10-13,Mumbai,Maharashtra,Grocery,3,784.8,0.1,2118.96,466.17,Cash,Online
IN103766,2025-04-29,Bengaluru,Karnataka,Beauty,5,1039.49,0.0,5197.45,1663.18,Cash,Online
IN103767,2024-12-22,Hyderabad,Telangana,Home & Kitchen,4,2395.8,0.1,8624.88,2587.46,Credit Card,Online
IN103768,2024-11-06,Bengaluru,Karnataka,Beauty,1,644.58,0.1,580.12,185.64,Cash,Online
IN103769,2025-05-20,Ahmedabad,Gujarat,Grocery,5,565.37,0.1,2544.16,559.72,Credit Card,Store
IN103770,2025-06-02,Lucknow,Uttar Pradesh,Home & Kitchen,2,1902.51,0.05,3614.77,1084.43,Net Banking,Online
IN103771,2025-10-25,Mumbai,Maharashtra,Home & Kitchen,2,1984.8,0.05,3771.12,1131.34,UPI,Online
IN103772,2025-09-29,Delhi,Delhi,Grocery,2,570.92,0.05,1084.75,238.64,Net Banking,Online
IN103773,2025-03-24,Kolkata,West Bengal,Clothing,1,1732.39,0.0,1732.39,485.07,UPI,Store
IN103774,2024-10-11,Hyderabad,Telangana,Clothing,3,1129.56,0.15,2880.38,806.51,UPI,Store
IN103775,2024-10-08,Ahmedabad,Gujarat,Home & Kitchen,1,1260.99,0.15,1071.84,321.55,Credit Card,Store
IN103776,2024-03-14,Bengaluru,Karnataka,Clothing,1,1846.68,0.15,1569.68,439.51,Debit Card,Store
IN103777,2024-02-14,Pune,Maharashtra,Beauty,1,859.06,0.05,816.11,261.16,UPI,Online
IN103778,2025-06-12,Jaipur,Rajasthan,Clothing,2,1851.32,0.05,3517.51,984.9,Credit Card,Online
IN103779,2025-11-06,Mumbai,Maharashtra,Home & Kitchen,3,1585.18,0.2,3804.43,1141.33,Cash,Online
IN103780,2025-04-01,Mumbai,Maharashtra,Grocery,1,481.81,0.15,409.54,90.1,UPI,Store
IN103781,2025-07-28,Ahmedabad,Gujarat,Home & Kitchen,3,2163.85,0.2,5193.24,1557.97,Credit Card,Store
IN103782,2025-02-10,Bengaluru,Karnataka,Clothing,4,1740.6,0.1,6266.16,1754.52,UPI,Online
IN103783,2024-04-02,Chennai,Tamil Nadu,Beauty,1,917.87,0.1,826.08,264.35,Credit Card,Online
IN103784,2024-11-17,Mumbai,Maharashtra,Grocery,1,486.2,0.15,413.27,90.92,Debit Card,Online
IN103785,2025-04-10,Chennai,Tamil Nadu,Clothing,1,1575.26,0.3,1102.68,308.75,UPI,Store
IN103786,2025-08-26,Pune,Maharashtra,Grocery,4,531.96,0.3,1489.49,327.69,Net Banking,Online
IN103787,2025-07-07,Ahmedabad,Gujarat,Clothing,4,1752.94,0.3,4908.23,1374.3,Credit Card,Online
IN103788,2024-11-22,Bengaluru,Karnataka,Clothing,2,1229.36,0.2,1966.98,550.75,Cash,Online
IN103789,2025-08-05,Bengaluru,Karnataka,Clothing,5,1751.41,0.15,7443.49,2084.18,Debit Card,Store
IN103790,2025-12-28,Lucknow,Uttar Pradesh,Home & Kitchen,3,1759.5,0.0,5278.5,1583.55,Cash,Store
IN103791,2025-07-21,Jaipur,Rajasthan,Grocery,5,707.02,0.15,3004.84,661.06,UPI,Online
IN103792,2025-08-13,Hyderabad,Telangana,Grocery,1,788.59,0.05,749.16,164.82,UPI,Store
IN103793,2025-02-18,Hyderabad,Telangana,Clothing,1,1016.8,0.0,1016.8,284.7,Credit Card,Online
IN103794,2025-05-13,Kolkata,West Bengal,Clothing,2,1727.26,0.15,2936.34,822.18,Cash,Store
IN103795,2025-03-15,Delhi,Delhi,Beauty,5,711.11,0.15,3022.22,967.11,UPI,Online
IN103796,2025-09-24,Ahmedabad,Gujarat,Grocery,1,606.43,0.15,515.47,113.4,Net Banking,Store
IN103797,2025-12-14,Pune,Maharashtra,Beauty,5,906.58,0.05,4306.26,1378.0,UPI,Online
IN103798,2025-03-07,Bengaluru,Karnataka,Electronics,2,4102.49,0.1,7384.48,1772.28,UPI,Online
IN103799,2024-11-23,Jaipur,Rajasthan,Electronics,5,2286.68,0.25,8575.05,2058.01,UPI,Store
IN103800,2024-09-13,Chennai,Tamil Nadu,Home & Kitchen,3,1914.27,0.15,4881.39,1464.42,Credit Card,Online
IN103801,2025-10-03,Ahmedabad,Gujarat,Grocery,2,726.47,0.1,1307.65,287.68,Net Banking,Online
IN103802,2025-07-07,Kolkata,West Bengal,Electronics,5,2898.49,0.1,13043.2,3130.37,UPI,Online
IN103803,2024-03-14,Ahmedabad,Gujarat,Clothing,1,1244.34,0.25,933.25,261.31,Credit Card,Online
IN103804,2024-08-21,Kolkata,West Bengal,Home & Kitchen,4,1833.85,0.1,6601.86,1980.56,UPI,Online
IN103805,2025-06-04,Bengaluru,Karnataka,Clothing,4,1150.26,0.0,4601.04,1288.29,Debit Card,Online
IN103806,2025-06-26,Delhi,Delhi,Grocery,2,652.78,0.05,1240.28,272.86,UPI,Store
IN103807,2025-08-30,Kolkata,West Bengal,Clothing,4,1676.17,0.1,6034.21,1689.58,Credit Card,Store
IN103808,2024-09-14,Bengaluru,Karnataka,Clothing,3,1749.31,0.05,4985.53,1395.95,Debit Card,Online
IN103809,2024-08-16,Bengaluru,Karnataka,Beauty,2,855.32,0.1,1539.58,492.67,Credit Card,Store
IN103810,2024-09-01,Delhi,Delhi,Clothing,1,1541.74,0.05,1464.65,410.1,UPI,Store
IN103811,2025-03-02,Hyderabad,Telangana,Grocery,1,455.01,0.0,455.01,100.1,UPI,Online
IN103812,2025-12-10,Ahmedabad,Gujarat,Home & Kitchen,2,1903.91,0.0,3807.82,1142.35,Debit Card,Online
IN103813,2025-03-31,Mumbai,Maharashtra,Clothing,4,1867.47,0.25,5602.41,1568.67,Cash,Store
IN103814,2025-04-17,Mumbai,Maharashtra,Clothing,4,1264.16,0.15,4298.14,1203.48,Net Banking,Store
IN103815,2025-07-16,Chennai,Tamil Nadu,Grocery,1,706.29,0.05,670.98,147.62,Cash,Online
IN103816,2025-12-29,Chennai,Tamil Nadu,Grocery,3,777.06,0.05,2214.62,487.22,Net Banking,Online
IN103817,2024-06-22,Mumbai,Maharashtra,Clothing,4,1534.13,0.1,5522.87,1546.4,UPI,Online
IN103818,2024-03-15,Pune,Maharashtra,Clothing,3,1360.83,0.15,3470.12,971.63,UPI,Store
IN103819,2024-04-08,Mumbai,Maharashtra,Grocery,4,519.46,0.1,1870.06,411.41,UPI,Online
IN103820,2025-05-27,Chennai,Tamil Nadu,Grocery,2,650.91,0.25,976.36,214.8,Credit Card,Store
IN103821,2024-05-03,Jaipur,Rajasthan,Grocery,5,579.55,0.15,2463.09,541.88,Debit Card,Online
IN103822,2024-04-26,Chennai,Tamil Nadu,Electronics,1,3687.51,0.25,2765.63,663.75,Cash,Online
IN103823,2024-12-08,Pune,Maharashtra,Grocery,2,641.71,0.0,1283.42,282.35,UPI,Online
IN103824,2025-12-07,Ahmedabad,Gujarat,Beauty,4,1127.18,0.2,3606.98,1154.23,Credit Card,Store
IN103825,2024-08-20,Mumbai,Maharashtra,Grocery,1,536.68,0.15,456.18,100.36,Debit Card,Online
IN103826,2024-05-08,Delhi,Delhi,Home & Kitchen,5,1748.73,0.0,8743.65,2623.1,Credit Card,Online
IN103827,2025-01-08,Jaipur,Rajasthan,Grocery,5,690.55,0.05,3280.11,721.62,UPI,Store
IN103828,2025-07-28,Bengaluru,Karnataka,Home & Kitchen,4,1407.44,0.1,5066.78,1520.03,Cash,Store
IN103829,2024-08-23,Pune,Maharashtra,Beauty,1,973.93,0.0,973.93,311.66,UPI,Online
IN103830,2024-07-08,Chennai,Tamil Nadu,Electronics,4,2845.12,0.2,9104.38,2185.05,Net Banking,Online
IN103831,2025-12-01,Delhi,Delhi,Clothing,5,1188.88,0.2,4755.52,1331.55,Net Banking,Store
IN103832,2024-06-16,Kolkata,West Bengal,Clothing,2,1109.14,0.05,2107.37,590.06,UPI,Store
IN103833,2025-08-29,Hyderabad,Telangana,Clothing,2,1298.39,0.0,2596.78,727.1,UPI,Online
IN103834,2025-10-30,Mumbai,Maharashtra,Electronics,3,4172.28,0.3,8761.79,2102.83,Debit Card,Store
IN103835,2024-10-17,Hyderabad,Telangana,Home & Kitchen,5,1296.28,0.05,6157.33,1847.2,Credit Card,Online
IN103836,2024-12-06,Pune,Maharashtra,Electronics,5,4012.48,0.0,20062.4,4814.98,UPI,Store
IN103837,2025-01-29,Kolkata,West Bengal,Grocery,4,622.88,0.05,2366.94,520.73,Net Banking,Online
IN103838,2025-04-18,Kolkata,West Bengal,Grocery,3,692.28,0.25,1557.63,342.68,Credit Card,Online
IN103839,2024-05-18,Kolkata,West Bengal,Electronics,3,3306.65,0.2,7935.96,1904.63,UPI,Online
IN103840,2024-07-09,Bengaluru,Karnataka,Beauty,1,1171.56,0.1,1054.4,337.41,Credit Card,Store
IN103841,2025-07-21,Pune,Maharashtra,Home & Kitchen,4,2161.05,0.05,8211.99,2463.6,UPI,Store
IN103842,2025-06-02,Ahmedabad,Gujarat,Grocery,2,871.09,0.1,1567.96,344.95,UPI,Online
IN103843,2024-02-20,Hyderabad,Telangana,Clothing,1,1702.93,0.0,1702.93,476.82,Credit Card,Online
IN103844,2025-07-04,Ahmedabad,Gujarat,Clothing,3,1249.26,0.15,3185.61,891.97,UPI,Online
IN103845,2024-10-24,Delhi,Delhi,Home & Kitchen,2,2386.57,0.0,4773.14,1431.94,Credit Card,Store
IN103846,2024-03-12,Lucknow,Uttar Pradesh,Electronics,5,4285.82,0.1,19286.19,4628.69,Net Banking,Store
IN103847,2024-09-12,Jaipur,Rajasthan,Grocery,4,507.01,0.1,1825.24,401.55,Cash,Store
IN103848,2024-11-04,Jaipur,Rajasthan,Home & Kitchen,3,2314.22,0.0,6942.66,2082.8,UPI,Online
IN103849,2024-03-31,Ahmedabad,Gujarat,Clothing,5,1584.42,0.3,5545.47,1552.73,UPI,Store
IN103850,2024-05-28,Lucknow,Uttar Pradesh,Home & Kitchen,3,2338.73,0.05,6665.38,1999.61,Debit Card,Online
IN103851,2024-01-30,Lucknow,Uttar Pradesh,Electronics,2,4144.74,0.0,8289.48,1989.48,Debit Card,Online
IN103852,2025-04-06,Mumbai,Maharashtra,Beauty,1,1151.45,0.2,921.16,294.77,Cash,Online
IN103853,2025-09-26,Delhi,Delhi,Electronics,2,4081.37,0.0,8162.74,1959.06,Debit Card,Online
IN103854,2025-01-19,Pune,Maharashtra,Grocery,4,504.71,0.0,2018.84,444.14,UPI,Store
IN103855,2025-09-28,Lucknow,Uttar Pradesh,Clothing,4,1110.6,0.1,3998.16,1119.48,Credit Card,Store
IN103856,2025-10-07,Chennai,Tamil Nadu,Home & Kitchen,3,1397.8,0.0,4193.4,1258.02,Cash,Online
IN103857,2025-06-01,Jaipur,Rajasthan,Grocery,2,493.46,0.3,690.84,151.98,Net Banking,Online
IN103858,2025-01-07,Chennai,Tamil Nadu,Electronics,1,2974.83,0.0,2974.83,713.96,UPI,Online
IN103859,2024-07-15,Delhi,Delhi,Grocery,4,743.97,0.0,2975.88,654.69,Credit Card,Online
IN103860,2024-07-08,Lucknow,Uttar Pradesh,Clothing,1,1302.77,0.2,1042.22,291.82,UPI,Online
IN103861,2024-03-19,Hyderabad,Telangana,Grocery,5,759.33,0.05,3606.82,793.5,Credit Card,Online
IN103862,2025-06-30,Jaipur,Rajasthan,Beauty,3,1109.87,0.25,2497.21,799.11,UPI,Store
IN103863,2024-03-12,Mumbai,Maharashtra,Clothing,1,1586.26,0.05,1506.95,421.95,Net Banking,Store
IN103864,2024-02-12,Mumbai,Maharashtra,Clothing,3,1403.25,0.0,4209.75,1178.73,Debit Card,Store
IN103865,2024-05-12,Kolkata,West Bengal,Electronics,5,2854.68,0.0,14273.4,3425.62,Cash,Store
IN103866,2024-04-15,Bengaluru,Karnataka,Grocery,1,507.56,0.05,482.18,106.08,Net Banking,Store
IN103867,2025-11-01,Lucknow,Uttar Pradesh,Clothing,1,1429.22,0.1,1286.3,360.16,UPI,Online
IN103868,2024-12-22,Delhi,Delhi,Clothing,5,1634.84,0.0,8174.2,2288.78,Debit Card,Store
IN103869,2024-01-08,Jaipur,Rajasthan,Electronics,2,3380.35,0.1,6084.63,1460.31,Cash,Online
IN103870,2024-12-08,Bengaluru,Karnataka,Clothing,1,1636.55,0.05,1554.72,435.32,Credit Card,Store
IN103871,2025-03-12,Delhi,Delhi,Beauty,1,826.1,0.1,743.49,237.92,Debit Card,Online
IN103872,2024-03-20,Ahmedabad,Gujarat,Clothing,4,1040.78,0.05,3954.96,1107.39,UPI,Store
IN103873,2025-07-09,Lucknow,Uttar Pradesh,Grocery,2,780.79,0.1,1405.42,309.19,Debit Card,Online
IN103874,2025-11-19,Pune,Maharashtra,Home & Kitchen,1,1517.08,0.05,1441.23,432.37,UPI,Online
IN103875,2025-01-26,Pune,Maharashtra,Home & Kitchen,5,1981.05,0.0,9905.25,2971.58,Credit Card,Online
IN103876,2025-07-29,Lucknow,Uttar Pradesh,Clothing,3,1711.91,0.2,4108.58,1150.4,UPI,Online
IN103877,2024-10-14,Kolkata,West Bengal,Grocery,5,513.77,0.1,2311.96,508.63,UPI,Store
IN103878,2024-04-22,Kolkata,West Bengal,Home & Kitchen,2,1960.24,0.0,3920.48,1176.14,UPI,Online
IN103879,2025-12-20,Pune,Maharashtra,Electronics,4,3673.9,0.05,13960.82,3350.6,UPI,Online
IN103880,2024-08-13,Hyderabad,Telangana,Clothing,4,1659.34,0.05,6305.49,1765.54,Credit Card,Store
IN103881,2024-11-28,Jaipur,Rajasthan,Clothing,4,1114.38,0.15,3788.89,1060.89,UPI,Store
IN103882,2025-02-20,Pune,Maharashtra,Clothing,5,1730.86,0.0,8654.3,2423.2,UPI,Online
IN103883,2024-10-04,Hyderabad,Telangana,Clothing,3,1065.68,0.1,2877.34,805.66,Cash,Online
IN103884,2024-01-03,Bengaluru,Karnataka,Home & Kitchen,3,1867.91,0.1,5043.36,1513.01,Debit Card,Online
IN103885,2025-06-28,Hyderabad,Telangana,Electronics,1,3162.3,0.25,2371.73,569.22,Cash,Store
IN103886,2025-04-22,Bengaluru,Karnataka,Grocery,3,548.7,0.0,1646.1,362.14,Net Banking,Store
IN103887,2025-02-13,Delhi,Delhi,Grocery,3,582.57,0.15,1485.55,326.82,UPI,Store
IN103888,2024-11-02,Chennai,Tamil Nadu,Grocery,1,524.47,0.05,498.25,109.61,UPI,Online
IN103889,2024-08-01,Delhi,Delhi,Home & Kitchen,5,1758.1,0.1,7911.45,2373.44,UPI,Online
IN103890,2024-01-30,Pune,Maharashtra,Clothing,5,1012.31,0.1,4555.39,1275.51,Net Banking,Online
IN103891,2025-02-22,Bengaluru,Karnataka,Beauty,2,1150.02,0.0,2300.04,736.01,Debit Card,Store
IN103892,2025-06-20,Pune,Maharashtra,Grocery,5,524.07,0.1,2358.32,518.83,UPI,Online
IN103893,2024-01-28,Lucknow,Uttar Pradesh,Grocery,4,829.34,0.1,2985.62,656.84,UPI,Online
IN103894,2025-08-31,Jaipur,Rajasthan,Home & Kitchen,4,2270.39,0.05,8627.48,2588.24,Debit Card,Online
IN103895,2024-03-27,Mumbai,Maharashtra,Clothing,2,1391.03,0.05,2642.96,740.03,UPI,Online
IN103896,2024-01-26,Pune,Maharashtra,Electronics,3,3275.27,0.05,9334.52,2240.28,Credit Card,Store
IN103897,2024-04-29,Jaipur,Rajasthan,Grocery,2,582.56,0.0,1165.12,256.33,Net Banking,Online
IN103898,2025-12-13,Hyderabad,Telangana,Grocery,1,876.18,0.0,876.18,192.76,Credit Card,Online
IN103899,2025-01-26,Delhi,Delhi,Beauty,2,1022.4,0.1,1840.32,588.9,Net Banking,Online
IN103900,2024-12-22,Hyderabad,Telangana,Beauty,2,1186.81,0.05,2254.94,721.58,UPI,Store
IN103901,2024-12-18,Mumbai,Maharashtra,Clothing,4,1357.47,0.0,5429.88,1520.37,Debit Card,Online
IN103902,2024-01-15,Bengaluru,Karnataka,Clothing,1,1783.55,0.15,1516.02,424.49,Cash,Online
IN103903,2024-10-31,Lucknow,Uttar Pradesh,Clothing,1,1387.89,0.1,1249.1,349.75,Credit Card,Online
IN103904,2024-09-10,Jaipur,Rajasthan,Clothing,2,1768.81,0.25,2653.22,742.9,Debit Card,Online
IN103905,2025-09-14,Lucknow,Uttar Pradesh,Home & Kitchen,1,1413.18,0.2,1130.54,339.16,Debit Card,Store
IN103906,2025-06-03,Chennai,Tamil Nadu,Home & Kitchen,1,2005.12,0.15,1704.35,511.31,Cash,Online
IN103907,2025-10-01,Pune,Maharashtra,Grocery,5,741.75,0.0,3708.75,815.92,UPI,Store
IN103908,2024-07-04,Bengaluru,Karnataka,Electronics,1,3604.84,0.15,3064.11,735.39,UPI,Online
IN103909,2025-01-21,Chennai,Tamil Nadu,Clothing,3,1386.8,0.15,3536.34,990.18,UPI,Store
IN103910,2025-05-14,Ahmedabad,Gujarat,Clothing,1,1602.36,0.15,1362.01,381.36,Net Banking,Store
IN103911,2024-01-14,Pune,Maharashtra,Home & Kitchen,4,1540.17,0.05,5852.65,1755.8,Net Banking,Store
IN103912,2024-08-17,Hyderabad,Telangana,Electronics,5,3479.37,0.15,14787.32,3548.96,UPI,Store
IN103913,2024-03-31,Delhi,Delhi,Home & Kitchen,4,1908.45,0.15,6488.73,1946.62,UPI,Online
IN103914,2025-02-07,Jaipur,Rajasthan,Grocery,4,589.5,0.1,2122.2,466.88,Net Banking,Online
IN103915,2025-05-19,Mumbai,Maharashtra,Home & Kitchen,3,2171.27,0.15,5536.74,1661.02,UPI,Online
IN103916,2024-01-04,Mumbai,Maharashtra,Clothing,5,1053.59,0.0,5267.95,1475.03,UPI,Online
IN103917,2025-10-25,Hyderabad,Telangana,Grocery,2,527.43,0.15,896.63,197.26,UPI,Store
IN103918,2024-08-06,Kolkata,West Bengal,Grocery,1,654.06,0.15,555.95,122.31,UPI,Online
IN103919,2025-08-10,Mumbai,Maharashtra,Home & Kitchen,3,2303.33,0.05,6564.49,1969.35,Debit Card,Store
IN103920,2024-08-03,Jaipur,Rajasthan,Clothing,3,1503.4,0.2,3608.16,1010.28,Credit Card,Online
IN103921,2024-06-07,Hyderabad,Telangana,Grocery,2,810.77,0.2,1297.23,285.39,Credit Card,Online
IN103922,2025-08-01,Bengaluru,Karnataka,Grocery,3,673.67,0.05,1919.96,422.39,Net Banking,Store
IN103923,2025-12-04,Mumbai,Maharashtra,Electronics,2,3873.75,0.0,7747.5,1859.4,UPI,Store
IN103924,2025-12-31,Lucknow,Uttar Pradesh,Clothing,2,1276.48,0.15,2170.02,607.61,UPI,Store
IN103925,2025-01-07,Hyderabad,Telangana,Beauty,2,1106.86,0.1,1992.35,637.55,Cash,Store
IN103926,2024-01-17,Jaipur,Rajasthan,Electronics,3,3075.51,0.1,8303.88,1992.93,Debit Card,Store
IN103927,2025-05-09,Lucknow,Uttar Pradesh,Clothing,2,1488.54,0.15,2530.52,708.55,UPI,Online
IN103928,2025-09-10,Pune,Maharashtra,Clothing,3,1140.05,0.25,2565.11,718.23,UPI,Store
IN103929,2025-04-10,Pune,Maharashtra,Grocery,5,843.88,0.1,3797.46,835.44,UPI,Online
IN103930,2025-03-19,Mumbai,Maharashtra,Electronics,2,3699.03,0.0,7398.06,1775.53,Debit Card,Online
IN103931,2024-03-21,Lucknow,Uttar Pradesh,Grocery,3,817.87,0.1,2208.25,485.81,UPI,Online
IN103932,2024-06-14,Delhi,Delhi,Electronics,3,2672.35,0.15,6814.49,1635.48,Credit Card,Online
IN103933,2024-12-22,Pune,Maharashtra,Electronics,3,2380.78,0.2,5713.87,1371.33,UPI,Online
IN103934,2024-08-21,Delhi,Delhi,Home & Kitchen,1,1654.53,0.0,1654.53,496.36,Cash,Store
IN103935,2024-06-10,Bengaluru,Karnataka,Clothing,1,1450.18,0.1,1305.16,365.44,UPI,Store
IN103936,2024-06-23,Hyderabad,Telangana,Beauty,2,1099.39,0.1,1978.9,633.25,Credit Card,Online
IN103937,2025-11-02,Chennai,Tamil Nadu,Electronics,5,3067.27,0.15,13035.9,3128.62,UPI,Online
IN103938,2024-12-28,Jaipur,Rajasthan,Clothing,2,1225.66,0.0,2451.32,686.37,UPI,Online
IN103939,2025-01-10,Hyderabad,Telangana,Electronics,4,3014.89,0.2,9647.65,2315.44,Debit Card,Online
IN103940,2025-11-27,Jaipur,Rajasthan,Clothing,4,1620.28,0.1,5833.01,1633.24,Debit Card,Store
IN103941,2024-06-22,Lucknow,Uttar Pradesh,Beauty,5,826.69,0.2,3306.76,1058.16,Debit Card,Online
IN103942,2024-08-25,Bengaluru,Karnataka,Beauty,5,1202.81,0.05,5713.35,1828.27,Debit Card,Online
IN103943,2024-06-11,Ahmedabad,Gujarat,Electronics,5,2603.96,0.15,11066.83,2656.04,UPI,Store
IN103944,2024-08-25,Mumbai,Maharashtra,Grocery,1,773.18,0.25,579.88,127.57,Debit Card,Store
IN103945,2025-09-09,Jaipur,Rajasthan,Grocery,1,703.92,0.25,527.94,116.15,UPI,Store
IN103946,2025-09-21,Jaipur,Rajasthan,Electronics,4,2724.84,0.25,8174.52,1961.88,UPI,Store
IN103947,2024-08-19,Lucknow,Uttar Pradesh,Electronics,5,3807.52,0.0,19037.6,4569.02,Debit Card,Online
IN103948,2025-08-10,Delhi,Delhi,Beauty,3,891.81,0.1,2407.89,770.52,Cash,Online
IN103949,2025-05-31,Hyderabad,Telangana,Beauty,4,1029.2,0.0,4116.8,1317.38,Debit Card,Store
IN103950,2025-12-30,Ahmedabad,Gujarat,Beauty,5,1017.42,0.05,4832.74,1546.48,Cash,Store
IN103951,2024-08-23,Kolkata,West Bengal,Home & Kitchen,3,1389.45,0.0,4168.35,1250.51,Net Banking,Online
IN103952,2024-11-18,Mumbai,Maharashtra,Grocery,5,809.89,0.15,3442.03,757.25,UPI,Online
IN103953,2025-06-27,Chennai,Tamil Nadu,Clothing,2,1600.14,0.2,2560.22,716.86,Net Banking,Store
IN103954,2025-02-10,Kolkata,West Bengal,Electronics,3,3863.62,0.1,10431.77,2503.62,Debit Card,Online
IN103955,2024-06-25,Hyderabad,Telangana,Electronics,2,3171.35,0.2,5074.16,1217.8,Cash,Online
IN103956,2025-05-14,Mumbai,Maharashtra,Grocery,1,537.41,0.0,537.41,118.23,Debit Card,Online
IN103957,2024-04-28,Jaipur,Rajasthan,Home & Kitchen,4,1641.67,0.2,5253.34,1576.0,Credit Card,Online
IN103958,2024-07-08,Chennai,Tamil Nadu,Home & Kitchen,5,2314.72,0.0,11573.6,3472.08,Debit Card,Online
IN103959,2025-09-05,Delhi,Delhi,Beauty,4,1178.74,0.1,4243.46,1357.91,UPI,Online
IN103960,2024-12-30,Ahmedabad,Gujarat,Home & Kitchen,5,1823.78,0.1,8207.01,2462.1,Net Banking,Store
IN103961,2025-04-30,Delhi,Delhi,Beauty,2,804.8,0.2,1287.68,412.06,UPI,Online
IN103962,2024-03-19,Bengaluru,Karnataka,Clothing,3,1644.58,0.25,3700.3,1036.08,UPI,Online
IN103963,2024-11-17,Lucknow,Uttar Pradesh,Home & Kitchen,3,2156.21,0.05,6145.2,1843.56,UPI,Online
IN103964,2024-05-18,Mumbai,Maharashtra,Grocery,5,799.53,0.0,3997.65,879.48,UPI,Store
IN103965,2024-12-01,Delhi,Delhi,Clothing,2,1008.29,0.15,1714.09,479.95,UPI,Online
IN103966,2025-02-05,Kolkata,West Bengal,Beauty,5,635.69,0.1,2860.61,915.4,UPI,Online
IN103967,2024-08-13,Lucknow,Uttar Pradesh,Beauty,5,838.94,0.1,3775.23,1208.07,Credit Card,Store
IN103968,2024-09-22,Delhi,Delhi,Electronics,5,2557.19,0.0,12785.95,3068.63,Credit Card,Online
IN103969,2024-11-28,Pune,Maharashtra,Electronics,3,3914.36,0.15,9981.62,2395.59,UPI,Store
IN103970,2024-08-11,Bengaluru,Karnataka,Grocery,5,680.13,0.05,3230.62,710.74,UPI,Online
IN103971,2025-07-25,Hyderabad,Telangana,Grocery,3,803.71,0.05,2290.57,503.93,Net Banking,Store
IN103972,2025-07-13,Ahmedabad,Gujarat,Beauty,1,733.49,0.05,696.82,222.98,UPI,Store
IN103973,2025-08-15,Bengaluru,Karnataka,Clothing,2,1550.77,0.25,2326.15,651.32,UPI,Store
IN103974,2025-06-03,Lucknow,Uttar Pradesh,Electronics,1,3446.76,0.0,3446.76,827.22,UPI,Online
IN103975,2024-09-05,Pune,Maharashtra,Clothing,5,1289.74,0.15,5481.4,1534.79,UPI,Store
IN103976,2025-11-07,Mumbai,Maharashtra,Electronics,3,3315.53,0.05,9449.26,2267.82,Debit Card,Online
IN103977,2025-02-24,Kolkata,West Bengal,Electronics,2,3465.18,0.1,6237.32,1496.96,UPI,Store
IN103978,2024-07-05,Ahmedabad,Gujarat,Beauty,4,1150.35,0.3,3220.98,1030.71,Credit Card,Store
IN103979,2024-09-05,Ahmedabad,Gujarat,Clothing,2,1030.63,0.0,2061.26,577.15,UPI,Online
IN103980,2024-05-06,Bengaluru,Karnataka,Clothing,2,1729.27,0.2,2766.83,774.71,Debit Card,Store
IN103981,2024-03-28,Lucknow,Uttar Pradesh,Electronics,5,4278.73,0.25,16045.24,3850.86,Debit Card,Online
IN103982,2024-02-14,Mumbai,Maharashtra,Clothing,1,1645.92,0.15,1399.03,391.73,UPI,Online
IN103983,2024-09-02,Jaipur,Rajasthan,Home & Kitchen,1,2122.7,0.0,2122.7,636.81,UPI,Store
IN103984,2025-02-14,Pune,Maharashtra,Grocery,4,547.09,0.2,1750.69,385.15,UPI,Online
IN103985,2024-08-05,Jaipur,Rajasthan,Home & Kitchen,5,1872.0,0.2,7488.0,2246.4,Debit Card,Online
IN103986,2025-03-02,Kolkata,West Bengal,Clothing,2,1622.41,0.3,2271.37,635.98,UPI,Online
IN103987,2024-01-15,Mumbai,Maharashtra,Clothing,1,1528.08,0.2,1222.46,342.29,Credit Card,Store
IN103988,2025-11-19,Mumbai,Maharashtra,Grocery,1,617.72,0.1,555.95,122.31,UPI,Online
IN103989,2024-11-30,Pune,Maharashtra,Clothing,3,1835.51,0.15,4680.55,1310.55,UPI,Online
IN103990,2025-12-27,Chennai,Tamil Nadu,Home & Kitchen,2,1861.36,0.1,3350.45,1005.14,UPI,Store
IN103991,2025-06-20,Jaipur,Rajasthan,Clothing,5,1862.59,0.05,8847.3,2477.24,UPI,Online
IN103992,2025-05-06,Delhi,Delhi,Grocery,1,693.24,0.15,589.25,129.64,UPI,Online
IN103993,2024-10-18,Ahmedabad,Gujarat,Electronics,5,3890.24,0.15,16533.52,3968.04,UPI,Store
IN103994,2024-04-26,Chennai,Tamil Nadu,Grocery,2,768.5,0.15,1306.45,287.42,Credit Card,Online
IN103995,2025-08-14,Delhi,Delhi,Beauty,2,1016.58,0.2,1626.53,520.49,UPI,Store
IN103996,2025-11-17,Lucknow,Uttar Pradesh,Grocery,1,461.11,0.0,461.11,101.44,Debit Card,Online
IN103997,2025-04-13,Pune,Maharashtra,Grocery,4,487.71,0.05,1853.3,407.73,Debit Card,Store
IN103998,2025-07-05,Lucknow,Uttar Pradesh,Beauty,5,970.17,0.05,4608.31,1474.66,Debit Card,Store
IN103999,2025-11-13,Ahmedabad,Gujarat,Grocery,5,840.23,0.0,4201.15,924.25,Net Banking,Online
IN104000,2025-09-20,Hyderabad,Telangana,Clothing,3,1527.04,0.1,4123.01,1154.44,UPI,Online
IN104001,2025-11-26,Delhi,Delhi,Clothing,2,1194.76,0.25,1792.14,501.8,UPI,Store
IN104002,2025-08-15,Chennai,Tamil Nadu,Grocery,2,590.29,0.1,1062.52,233.75,Debit Card,Online
IN104003,2025-01-21,Delhi,Delhi,Home & Kitchen,1,1989.1,0.05,1889.64,566.89,Credit Card,Online
IN104004,2025-08-05,Delhi,Delhi,Clothing,1,1523.32,0.05,1447.15,405.2,Credit Card,Store
IN104005,2025-10-13,Pune,Maharashtra,Clothing,1,1849.69,0.15,1572.24,440.23,UPI,Store
IN104006,2024-07-11,Lucknow,Uttar Pradesh,Beauty,3,939.51,0.05,2677.6,856.83,Credit Card,Store
IN104007,2025-11-13,Jaipur,Rajasthan,Electronics,4,2978.43,0.1,10722.35,2573.36,Net Banking,Online
IN104008,2024-04-10,Hyderabad,Telangana,Clothing,1,1457.74,0.05,1384.85,387.76,UPI,Online
IN104009,2024-03-10,Pune,Maharashtra,Electronics,1,3875.37,0.05,3681.6,883.58,Net Banking,Store
IN104010,2024-06-22,Kolkata,West Bengal,Home & Kitchen,1,1892.23,0.15,1608.4,482.52,UPI,Store
IN104011,2025-03-19,Pune,Maharashtra,Electronics,3,2918.19,0.1,7879.11,1890.99,UPI,Store
IN104012,2025-12-01,Ahmedabad,Gujarat,Grocery,5,598.07,0.0,2990.35,657.88,UPI,Store
IN104013,2025-03-08,Hyderabad,Telangana,Electronics,4,3814.17,0.3,10679.68,2563.12,Credit Card,Store
IN104014,2024-08-02,Mumbai,Maharashtra,Grocery,5,483.07,0.0,2415.35,531.38,Debit Card,Online
IN104015,2025-06-20,Kolkata,West Bengal,Home & Kitchen,2,1581.46,0.0,3162.92,948.88,Credit Card,Store
IN104016,2025-08-23,Bengaluru,Karnataka,Clothing,2,1119.26,0.15,1902.74,532.77,Credit Card,Online
IN104017,2025-10-04,Pune,Maharashtra,Grocery,1,854.13,0.15,726.01,159.72,UPI,Online
IN104018,2025-12-08,Delhi,Delhi,Clothing,5,1061.99,0.0,5309.95,1486.79,UPI,Online
IN104019,2024-11-14,Jaipur,Rajasthan,Clothing,3,1669.95,0.15,4258.37,1192.34,UPI,Store
IN104020,2024-10-12,Mumbai,Maharashtra,Home & Kitchen,4,1997.6,0.0,7990.4,2397.12,Net Banking,Store
IN104021,2024-08-12,Pune,Maharashtra,Clothing,5,1555.85,0.25,5834.44,1633.64,UPI,Online
IN104022,2024-12-14,Pune,Maharashtra,Home & Kitchen,5,2153.22,0.15,9151.18,2745.35,Cash,Online
IN104023,2025-01-22,Chennai,Tamil Nadu,Electronics,4,3073.01,0.0,12292.04,2950.09,UPI,Online
IN104024,2024-12-06,Chennai,Tamil Nadu,Clothing,5,1344.68,0.0,6723.4,1882.55,UPI,Store
IN104025,2025-10-22,Mumbai,Maharashtra,Clothing,5,1242.72,0.1,5592.24,1565.83,UPI,Store
IN104026,2025-05-18,Lucknow,Uttar Pradesh,Grocery,4,707.55,0.15,2405.67,529.25,UPI,Online
IN104027,2024-03-11,Chennai,Tamil Nadu,Clothing,3,1826.12,0.2,4382.69,1227.15,Net Banking,Store
IN104028,2024-05-08,Delhi,Delhi,Home & Kitchen,4,2341.06,0.25,7023.18,2106.95,Debit Card,Online
IN104029,2025-03-19,Kolkata,West Bengal,Electronics,1,3702.16,0.1,3331.94,799.67,Net Banking,Online
IN104030,2024-10-16,Bengaluru,Karnataka,Electronics,1,4124.87,0.2,3299.9,791.98,Cash,Online
IN104031,2025-08-21,Hyderabad,Telangana,Home & Kitchen,1,2387.32,0.1,2148.59,644.58,Credit Card,Store
IN104032,2025-01-21,Bengaluru,Karnataka,Home & Kitchen,1,2190.27,0.1,1971.24,591.37,Debit Card,Online
IN104033,2024-01-18,Bengaluru,Karnataka,Electronics,2,3088.29,0.15,5250.09,1260.02,Debit Card,Store
IN104034,2025-07-08,Hyderabad,Telangana,Grocery,3,659.16,0.0,1977.48,435.05,Debit Card,Online
IN104035,2024-03-16,Chennai,Tamil Nadu,Clothing,2,1827.44,0.05,3472.14,972.2,UPI,Online
IN104036,2025-07-06,Mumbai,Maharashtra,Home & Kitchen,5,2043.91,0.2,8175.64,2452.69,UPI,Online
IN104037,2024-12-30,Hyderabad,Telangana,Home & Kitchen,5,2220.21,0.1,9990.94,2997.28,Credit Card,Online
IN104038,2024-10-06,Ahmedabad,Gujarat,Home & Kitchen,4,1395.85,0.25,4187.55,1256.27,UPI,Online
IN104039,2024-10-06,Lucknow,Uttar Pradesh,Home & Kitchen,1,1486.86,0.0,1486.86,446.06,Credit Card,Store
IN104040,2025-03-18,Kolkata,West Bengal,Clothing,4,1293.14,0.05,4913.93,1375.9,Cash,Online
IN104041,2024-11-24,Jaipur,Rajasthan,Home & Kitchen,5,1480.24,0.05,7031.14,2109.34,Credit Card,Store
IN104042,2025-06-19,Chennai,Tamil Nadu,Grocery,1,837.98,0.1,754.18,165.92,Credit Card,Online
IN104043,2025-05-22,Lucknow,Uttar Pradesh,Electronics,3,2691.13,0.3,5651.37,1356.33,UPI,Online
IN104044,2025-03-25,Hyderabad,Telangana,Clothing,5,1487.04,0.05,7063.44,1977.76,Cash,Online
IN104045,2025-01-09,Ahmedabad,Gujarat,Beauty,4,679.99,0.1,2447.96,783.35,UPI,Store
IN104046,2024-10-22,Jaipur,Rajasthan,Beauty,4,720.65,0.1,2594.34,830.19,Net Banking,Online
IN104047,2025-04-20,Kolkata,West Bengal,Electronics,5,2754.62,0.15,11707.13,2809.71,Net Banking,Online
IN104048,2025-01-27,Kolkata,West Bengal,Home & Kitchen,2,2409.99,0.1,4337.98,1301.39,Net Banking,Store
IN104049,2024-04-18,Chennai,Tamil Nadu,Home & Kitchen,3,2192.56,0.15,5591.03,1677.31,UPI,Online
IN104050,2024-12-24,Hyderabad,Telangana,Clothing,5,1592.94,0.15,6770.0,1895.6,UPI,Store
IN104051,2024-10-15,Lucknow,Uttar Pradesh,Grocery,5,842.12,0.0,4210.6,926.33,Net Banking,Online
IN104052,2025-02-21,Mumbai,Maharashtra,Home & Kitchen,4,2378.76,0.25,7136.28,2140.88,Cash,Store
IN104053,2024-11-13,Lucknow,Uttar Pradesh,Clothing,1,1392.75,0.2,1114.2,311.98,Net Banking,Online
IN104054,2024-12-06,Lucknow,Uttar Pradesh,Electronics,1,2921.59,0.1,2629.43,631.06,Credit Card,Store
IN104055,2024-11-12,Kolkata,West Bengal,Grocery,1,588.22,0.15,499.99,110.0,Credit Card,Online
IN104056,2024-12-14,Mumbai,Maharashtra,Beauty,4,650.9,0.15,2213.06,708.18,UPI,Online
IN104057,2024-01-27,Mumbai,Maharashtra,Grocery,1,573.15,0.2,458.52,100.87,Cash,Online
IN104058,2025-09-29,Chennai,Tamil Nadu,Home & Kitchen,5,1675.4,0.0,8377.0,2513.1,Debit Card,Online
IN104059,2025-02-04,Jaipur,Rajasthan,Clothing,2,1013.58,0.15,1723.09,482.47,UPI,Store
IN104060,2024-11-11,Pune,Maharashtra,Electronics,2,4075.82,0.0,8151.64,1956.39,UPI,Online
IN104061,2025-11-12,Bengaluru,Karnataka,Grocery,2,813.22,0.0,1626.44,357.82,Credit Card,Online
IN104062,2025-07-12,Bengaluru,Karnataka,Clothing,1,1208.87,0.15,1027.54,287.71,Debit Card,Online
IN104063,2025-01-02,Kolkata,West Bengal,Home & Kitchen,2,2198.99,0.2,3518.38,1055.51,UPI,Online
IN104064,2024-12-08,Pune,Maharashtra,Electronics,1,3896.12,0.1,3506.51,841.56,UPI,Online
IN104065,2025-11-23,Jaipur,Rajasthan,Clothing,5,1284.86,0.1,5781.87,1618.92,UPI,Online
IN104066,2024-12-30,Pune,Maharashtra,Clothing,5,1614.33,0.15,6860.9,1921.05,UPI,Store
IN104067,2024-03-13,Chennai,Tamil Nadu,Beauty,4,799.57,0.25,2398.71,767.59,Net Banking,Store
IN104068,2024-05-01,Lucknow,Uttar Pradesh,Electronics,4,2386.17,0.1,8590.21,2061.65,Debit Card,Online
IN104069,2024-07-04,Kolkata,West Bengal,Electronics,3,3289.98,0.0,9869.94,2368.79,Debit Card,Store
IN104070,2024-11-14,Mumbai,Maharashtra,Clothing,5,1378.88,0.2,5515.52,1544.35,Cash,Online
IN104071,2025-08-16,Kolkata,West Bengal,Home & Kitchen,1,1421.64,0.05,1350.56,405.17,UPI,Online
IN104072,2025-06-25,Bengaluru,Karnataka,Electronics,3,3260.35,0.0,9781.05,2347.45,Debit Card,Online
IN104073,2025-09-24,Jaipur,Rajasthan,Clothing,5,1843.93,0.15,7836.7,2194.28,Net Banking,Online
IN104074,2024-12-18,Pune,Maharashtra,Electronics,1,3761.3,0.1,3385.17,812.44,Debit Card,Online
IN104075,2024-12-20,Jaipur,Rajasthan,Home & Kitchen,5,2124.48,0.1,9560.16,2868.05,UPI,Store
IN104076,2024-04-15,Chennai,Tamil Nadu,Electronics,5,3815.71,0.2,15262.84,3663.08,Debit Card,Store
IN104077,2025-02-21,Kolkata,West Bengal,Clothing,1,1657.62,0.05,1574.74,440.93,Net Banking,Online
IN104078,2025-10-03,Hyderabad,Telangana,Clothing,5,998.11,0.0,4990.55,1397.35,UPI,Online
IN104079,2024-07-23,Kolkata,West Bengal,Grocery,5,845.68,0.05,4016.98,883.74,UPI,Store
IN104080,2025-07-18,Mumbai,Maharashtra,Home & Kitchen,5,2231.26,0.0,11156.3,3346.89,Net Banking,Online
IN104081,2025-01-16,Kolkata,West Bengal,Grocery,4,571.01,0.1,2055.64,452.24,Net Banking,Store
IN104082,2024-10-23,Ahmedabad,Gujarat,Beauty,2,953.35,0.05,1811.36,579.64,Credit Card,Online
IN104083,2024-10-05,Chennai,Tamil Nadu,Beauty,5,989.78,0.2,3959.12,1266.92,UPI,Online
IN104084,2024-07-07,Delhi,Delhi,Clothing,1,1100.07,0.2,880.06,246.42,UPI,Online
IN104085,2025-12-27,Chennai,Tamil Nadu,Home & Kitchen,5,1557.14,0.1,7007.13,2102.14,Credit Card,Store
IN104086,2025-06-26,Pune,Maharashtra,Home & Kitchen,4,1287.2,0.05,4891.36,1467.41,Net Banking,Store
IN104087,2025-03-25,Delhi,Delhi,Beauty,4,1135.41,0.1,4087.48,1307.99,UPI,Online
IN104088,2024-09-14,Pune,Maharashtra,Clothing,5,1002.66,0.15,4261.3,1193.16,UPI,Store
IN104089,2025-03-28,Pune,Maharashtra,Grocery,3,589.65,0.0,1768.95,389.17,Net Banking,Online
IN104090,2025-07-25,Mumbai,Maharashtra,Clothing,2,1051.2,0.15,1787.04,500.37,UPI,Online
IN104091,2024-03-18,Mumbai,Maharashtra,Home & Kitchen,1,2174.24,0.05,2065.53,619.66,Debit Card,Store
IN104092,2024-01-23,Lucknow,Uttar Pradesh,Clothing,1,1821.73,0.25,1366.3,382.56,UPI,Store
IN104093,2025-05-17,Bengaluru,Karnataka,Clothing,1,1492.16,0.1,1342.94,376.02,Cash,Online
IN104094,2024-07-03,Lucknow,Uttar Pradesh,Clothing,1,1107.01,0.2,885.61,247.97,Net Banking,Online
IN104095,2025-06-30,Lucknow,Uttar Pradesh,Clothing,4,1487.93,0.15,5058.96,1416.51,UPI,Store
IN104096,2025-05-27,Bengaluru,Karnataka,Grocery,2,780.47,0.1,1404.85,309.07,Cash,Store
IN104097,2025-09-08,Hyderabad,Telangana,Electronics,5,3734.31,0.15,15870.82,3809.0,Net Banking,Store
IN104098,2025-11-18,Delhi,Delhi,Clothing,5,1654.96,0.2,6619.84,1853.56,Net Banking,Online
IN104099,2024-02-18,Jaipur,Rajasthan,Beauty,3,793.32,0.15,2022.97,647.35,Credit Card,Store
IN104100,2024-06-16,Lucknow,Uttar Pradesh,Clothing,5,1047.1,0.2,4188.4,1172.75,Credit Card,Online
IN104101,2025-10-31,Kolkata,West Bengal,Home & Kitchen,2,1434.29,0.0,2868.58,860.57,UPI,Store
IN104102,2024-01-21,Kolkata,West Bengal,Electronics,5,4227.45,0.05,20080.39,4819.29,UPI,Online
IN104103,2025-01-26,Pune,Maharashtra,Clothing,4,1538.3,0.05,5845.54,1636.75,Credit Card,Online
IN104104,2024-04-14,Bengaluru,Karnataka,Home & Kitchen,5,2111.64,0.2,8446.56,2533.97,UPI,Online
IN104105,2024-10-16,Pune,Maharashtra,Home & Kitchen,1,2311.91,0.0,2311.91,693.57,Debit Card,Store
IN104106,2025-09-24,Ahmedabad,Gujarat,Clothing,1,1756.01,0.2,1404.81,393.35,Credit Card,Store
IN104107,2025-12-04,Ahmedabad,Gujarat,Beauty,1,757.77,0.1,681.99,218.24,Cash,Online
IN104108,2025-03-01,Jaipur,Rajasthan,Beauty,1,663.97,0.0,663.97,212.47,Cash,Online
IN104109,2024-08-16,Mumbai,Maharashtra,Beauty,4,1171.2,0.1,4216.32,1349.22,UPI,Store
IN104110,2024-06-29,Mumbai,Maharashtra,Clothing,4,1873.32,0.05,7118.62,1993.21,Credit Card,Online
IN104111,2024-12-17,Bengaluru,Karnataka,Electronics,4,3420.08,0.1,12312.29,2954.95,Debit Card,Store
IN104112,2024-08-12,Bengaluru,Karnataka,Grocery,5,830.35,0.1,3736.58,822.05,UPI,Store
IN104113,2024-08-21,Lucknow,Uttar Pradesh,Grocery,1,552.94,0.05,525.29,115.56,UPI,Online
IN104114,2024-09-22,Ahmedabad,Gujarat,Electronics,3,2470.96,0.2,5930.3,1423.27,Cash,Online
IN104115,2024-11-09,Lucknow,Uttar Pradesh,Home & Kitchen,3,1844.79,0.1,4980.93,1494.28,UPI,Online
IN104116,2025-05-13,Mumbai,Maharashtra,Electronics,1,3927.26,0.1,3534.53,848.29,Cash,Online
IN104117,2024-08-05,Delhi,Delhi,Grocery,2,731.59,0.2,1170.54,257.52,Net Banking,Online
IN104118,2024-07-29,Delhi,Delhi,Clothing,5,1559.96,0.0,7799.8,2183.94,Credit Card,Store
IN104119,2024-04-08,Bengaluru,Karnataka,Home & Kitchen,3,1280.43,0.1,3457.16,1037.15,Cash,Online
IN104120,2025-09-12,Pune,Maharashtra,Clothing,4,1268.92,0.1,4568.11,1279.07,UPI,Online
IN104121,2025-01-22,Mumbai,Maharashtra,Home & Kitchen,2,2359.21,0.1,4246.58,1273.97,Cash,Store
IN104122,2024-12-10,Delhi,Delhi,Grocery,4,511.73,0.0,2046.92,450.32,Cash,Store
IN104123,2024-09-09,Mumbai,Maharashtra,Home & Kitchen,2,2109.85,0.0,4219.7,1265.91,UPI,Store
IN104124,2025-06-07,Chennai,Tamil Nadu,Beauty,2,1074.2,0.1,1933.56,618.74,Credit Card,Online
IN104125,2024-04-27,Kolkata,West Bengal,Grocery,5,764.62,0.0,3823.1,841.08,Debit Card,Store
IN104126,2025-08-22,Ahmedabad,Gujarat,Beauty,4,1208.73,0.05,4593.17,1469.81,UPI,Store
IN104127,2024-07-27,Lucknow,Uttar Pradesh,Electronics,4,3091.15,0.05,11746.37,2819.13,Net Banking,Online
IN104128,2025-02-12,Mumbai,Maharashtra,Clothing,3,1600.8,0.1,4322.16,1210.2,UPI,Online
IN104129,2025-04-25,Kolkata,West Bengal,Electronics,1,2642.8,0.0,2642.8,634.27,Credit Card,Online
IN104130,2025-10-03,Chennai,Tamil Nadu,Clothing,1,1343.74,0.15,1142.18,319.81,UPI,Store
IN104131,2024-11-24,Lucknow,Uttar Pradesh,Home & Kitchen,3,1835.13,0.2,4404.31,1321.29,Debit Card,Online
IN104132,2024-07-01,Mumbai,Maharashtra,Electronics,2,2686.84,0.15,4567.63,1096.23,Cash,Store
IN104133,2025-02-20,Bengaluru,Karnataka,Grocery,3,838.13,0.2,2011.51,442.53,Credit Card,Store
IN104134,2024-03-23,Kolkata,West Bengal,Grocery,3,757.59,0.15,1931.85,425.01,Cash,Online
IN104135,2024-09-10,Lucknow,Uttar Pradesh,Grocery,4,574.89,0.1,2069.6,455.31,Debit Card,Online
IN104136,2024-01-05,Mumbai,Maharashtra,Grocery,3,512.02,0.05,1459.26,321.04,UPI,Online
IN104137,2024-10-29,Kolkata,West Bengal,Home & Kitchen,2,1596.8,0.05,3033.92,910.18,Credit Card,Online
IN104138,2025-06-19,Chennai,Tamil Nadu,Electronics,1,3535.81,0.05,3359.02,806.16,UPI,Store
IN104139,2025-09-24,Mumbai,Maharashtra,Clothing,5,1732.03,0.0,8660.15,2424.84,UPI,Store
IN104140,2025-08-29,Mumbai,Maharashtra,Grocery,3,667.59,0.25,1502.08,330.46,UPI,Online
IN104141,2025-03-03,Mumbai,Maharashtra,Grocery,3,498.3,0.25,1121.18,246.66,Net Banking,Store
IN104142,2024-08-14,Jaipur,Rajasthan,Clothing,4,1206.88,0.0,4827.52,1351.71,Net Banking,Online
IN104143,2025-10-15,Bengaluru,Karnataka,Home & Kitchen,4,1663.82,0.1,5989.75,1796.93,UPI,Online
IN104144,2025-07-16,Chennai,Tamil Nadu,Clothing,3,1558.88,0.1,4208.98,1178.51,UPI,Online
IN104145,2025-01-24,Lucknow,Uttar Pradesh,Clothing,3,1204.45,0.15,3071.35,859.98,UPI,Online
IN104146,2025-10-18,Jaipur,Rajasthan,Electronics,2,2726.57,0.15,4635.17,1112.44,Cash,Store
IN104147,2025-07-17,Pune,Maharashtra,Grocery,1,575.92,0.0,575.92,126.7,Credit Card,Store
IN104148,2024-01-12,Jaipur,Rajasthan,Grocery,1,705.34,0.15,599.54,131.9,Debit Card,Online
IN104149,2024-12-02,Ahmedabad,Gujarat,Electronics,5,3264.67,0.15,13874.85,3329.96,Credit Card,Online
IN104150,2025-08-29,Ahmedabad,Gujarat,Clothing,1,1745.89,0.1,1571.3,439.96,Debit Card,Online
IN104151,2024-05-08,Mumbai,Maharashtra,Home & Kitchen,5,2076.58,0.1,9344.61,2803.38,UPI,Online
IN104152,2024-01-11,Jaipur,Rajasthan,Clothing,4,1586.81,0.25,4760.43,1332.92,UPI,Store
IN104153,2025-05-04,Pune,Maharashtra,Clothing,5,1120.73,0.2,4482.92,1255.22,UPI,Store
IN104154,2024-09-28,Jaipur,Rajasthan,Grocery,5,478.33,0.1,2152.48,473.55,Credit Card,Store
IN104155,2024-12-22,Bengaluru,Karnataka,Electronics,1,3300.8,0.0,3300.8,792.19,Net Banking,Online
IN104156,2024-04-01,Bengaluru,Karnataka,Beauty,3,671.91,0.1,1814.16,580.53,UPI,Online
IN104157,2024-01-09,Pune,Maharashtra,Electronics,4,2997.16,0.15,10190.34,2445.68,UPI,Online
IN104158,2024-05-02,Jaipur,Rajasthan,Grocery,2,466.03,0.0,932.06,205.05,Net Banking,Online
IN104159,2024-10-07,Kolkata,West Bengal,Grocery,5,529.7,0.1,2383.65,524.4,UPI,Online
IN104160,2025-04-02,Bengaluru,Karnataka,Home & Kitchen,5,1389.13,0.0,6945.65,2083.7,UPI,Online
IN104161,2025-03-26,Bengaluru,Karnataka,Electronics,5,3906.05,0.05,18553.74,4452.9,Cash,Online
IN104162,2025-09-22,Delhi,Delhi,Grocery,3,601.24,0.0,1803.72,396.82,Debit Card,Store
IN104163,2025-02-10,Jaipur,Rajasthan,Grocery,2,488.31,0.0,976.62,214.86,Credit Card,Store
IN104164,2025-12-02,Bengaluru,Karnataka,Grocery,1,567.17,0.1,510.45,112.3,Debit Card,Online
IN104165,2024-02-25,Chennai,Tamil Nadu,Grocery,4,743.49,0.2,2379.17,523.42,Debit Card,Store
IN104166,2025-12-08,Jaipur,Rajasthan,Home & Kitchen,3,2132.39,0.1,5757.45,1727.24,UPI,Online
IN104167,2025-01-13,Ahmedabad,Gujarat,Beauty,2,700.12,0.1,1260.22,403.27,Debit Card,Online
IN104168,2025-05-16,Delhi,Delhi,Electronics,4,3859.42,0.2,12350.14,2964.03,Debit Card,Store
IN104169,2024-01-23,Bengaluru,Karnataka,Electronics,1,3010.76,0.05,2860.22,686.45,Net Banking,Online
IN104170,2024-09-01,Delhi,Delhi,Home & Kitchen,4,2054.88,0.0,8219.52,2465.86,Net Banking,Store
IN104171,2025-02-21,Ahmedabad,Gujarat,Electronics,5,3636.74,0.05,17274.51,4145.88,UPI,Online
IN104172,2024-08-18,Pune,Maharashtra,Beauty,5,1094.25,0.2,4377.0,1400.64,Credit Card,Store
IN104173,2024-07-28,Pune,Maharashtra,Grocery,3,749.56,0.15,1911.38,420.5,UPI,Online
IN104174,2024-06-10,Jaipur,Rajasthan,Grocery,4,471.42,0.0,1885.68,414.85,UPI,Store
IN104175,2025-01-11,Ahmedabad,Gujarat,Electronics,5,3320.52,0.15,14112.21,3386.93,Credit Card,Store
IN104176,2024-06-18,Hyderabad,Telangana,Clothing,3,1131.22,0.25,2545.24,712.67,Debit Card,Store
IN104177,2024-12-04,Hyderabad,Telangana,Grocery,3,864.81,0.0,2594.43,570.77,Credit Card,Store
IN104178,2025-04-18,Jaipur,Rajasthan,Beauty,3,779.66,0.15,1988.13,636.2,Credit Card,Online
IN104179,2024-08-14,Mumbai,Maharashtra,Beauty,1,875.76,0.05,831.97,266.23,Cash,Online
IN104180,2024-12-28,Delhi,Delhi,Electronics,5,2649.14,0.1,11921.13,2861.07,Cash,Store
IN104181,2025-04-23,Delhi,Delhi,Electronics,5,2519.95,0.1,11339.78,2721.55,Debit Card,Online
IN104182,2025-07-08,Pune,Maharashtra,Electronics,2,3489.93,0.15,5932.88,1423.89,UPI,Store
IN104183,2025-04-19,Hyderabad,Telangana,Home & Kitchen,1,1837.02,0.1,1653.32,496.0,Cash,Online
IN104184,2024-07-13,Lucknow,Uttar Pradesh,Clothing,5,1320.94,0.1,5944.23,1664.38,Net Banking,Online
IN104185,2024-01-12,Bengaluru,Karnataka,Electronics,5,2417.67,0.05,11483.93,2756.14,UPI,Online
IN104186,2025-05-09,Bengaluru,Karnataka,Clothing,2,1649.72,0.0,3299.44,923.84,UPI,Store
IN104187,2024-03-02,Bengaluru,Karnataka,Clothing,4,985.33,0.15,3350.12,938.03,Net Banking,Store
IN104188,2025-06-12,Pune,Maharashtra,Beauty,4,897.73,0.0,3590.92,1149.09,Credit Card,Online
IN104189,2024-09-27,Ahmedabad,Gujarat,Grocery,1,722.26,0.05,686.15,150.95,Credit Card,Online
IN104190,2025-06-21,Kolkata,West Bengal,Electronics,3,3135.88,0.05,8937.26,2144.94,UPI,Online
IN104191,2025-07-10,Hyderabad,Telangana,Clothing,2,1094.85,0.1,1970.73,551.8,Credit Card,Online
IN104192,2025-10-18,Hyderabad,Telangana,Clothing,2,1688.21,0.05,3207.6,898.13,Credit Card,Store
IN104193,2024-03-05,Lucknow,Uttar Pradesh,Electronics,5,2913.8,0.15,12383.65,2972.08,UPI,Online
IN104194,2025-04-24,Delhi,Delhi,Electronics,5,2520.29,0.05,11971.38,2873.13,Credit Card,Online
IN104195,2025-05-04,Mumbai,Maharashtra,Grocery,2,687.49,0.1,1237.48,272.25,UPI,Online
IN104196,2024-03-08,Jaipur,Rajasthan,Electronics,3,2279.88,0.1,6155.68,1477.36,Debit Card,Online
IN104197,2024-12-27,Delhi,Delhi,Clothing,4,1274.9,0.2,4079.68,1142.31,Net Banking,Store
IN104198,2025-08-30,Ahmedabad,Gujarat,Clothing,1,1663.08,0.1,1496.77,419.1,Credit Card,Online
IN104199,2025-07-25,Jaipur,Rajasthan,Home & Kitchen,4,2327.87,0.2,7449.18,2234.75,Debit Card,Online
IN104200,2024-01-19,Hyderabad,Telangana,Grocery,1,705.0,0.0,705.0,155.1,Credit Card,Store
IN104201,2025-06-28,Ahmedabad,Gujarat,Grocery,3,546.94,0.15,1394.7,306.83,UPI,Online
IN104202,2024-03-31,Jaipur,Rajasthan,Grocery,2,547.95,0.0,1095.9,241.1,Net Banking,Store
IN104203,2024-08-25,Lucknow,Uttar Pradesh,Grocery,3,710.14,0.15,1810.86,398.39,UPI,Online
IN104204,2025-04-06,Lucknow,Uttar Pradesh,Electronics,2,3086.06,0.05,5863.51,1407.24,UPI,Store
IN104205,2024-01-24,Chennai,Tamil Nadu,Beauty,5,733.7,0.05,3485.08,1115.23,Credit Card,Online
IN104206,2024-08-14,Kolkata,West Bengal,Electronics,1,3877.79,0.1,3490.01,837.6,Debit Card,Online
IN104207,2025-01-15,Lucknow,Uttar Pradesh,Clothing,5,1162.22,0.2,4648.88,1301.69,UPI,Online
IN104208,2024-01-06,Hyderabad,Telangana,Home & Kitchen,2,1636.32,0.0,3272.64,981.79,UPI,Online
IN104209,2025-07-23,Mumbai,Maharashtra,Clothing,1,1035.9,0.15,880.52,246.55,Cash,Online
IN104210,2025-09-03,Bengaluru,Karnataka,Beauty,1,1040.3,0.3,728.21,233.03,UPI,Online
IN104211,2025-09-25,Chennai,Tamil Nadu,Clothing,5,1230.5,0.0,6152.5,1722.7,UPI,Store
IN104212,2024-12-22,Bengaluru,Karnataka,Home & Kitchen,1,1532.45,0.25,1149.34,344.8,UPI,Store
IN104213,2024-06-05,Kolkata,West Bengal,Home & Kitchen,2,1614.93,0.0,3229.86,968.96,UPI,Online
IN104214,2024-07-19,Jaipur,Rajasthan,Beauty,2,1141.37,0.2,1826.19,584.38,Credit Card,Online
IN104215,2024-08-12,Pune,Maharashtra,Beauty,5,933.04,0.25,3498.9,1119.65,Debit Card,Store
IN104216,2025-04-07,Lucknow,Uttar Pradesh,Beauty,3,722.36,0.3,1516.96,485.43,Cash,Store
IN104217,2025-10-24,Mumbai,Maharashtra,Home & Kitchen,2,2166.14,0.1,3899.05,1169.72,UPI,Online
IN104218,2024-09-13,Kolkata,West Bengal,Clothing,2,1169.69,0.2,1871.5,524.02,UPI,Online
IN104219,2025-08-15,Bengaluru,Karnataka,Electronics,1,3097.95,0.0,3097.95,743.51,UPI,Online
IN104220,2025-03-06,Chennai,Tamil Nadu,Grocery,1,695.01,0.1,625.51,137.61,UPI,Online
IN104221,2025-02-28,Lucknow,Uttar Pradesh,Beauty,2,971.9,0.05,1846.61,590.92,UPI,Store
IN104222,2025-02-10,Hyderabad,Telangana,Home & Kitchen,5,1340.77,0.1,6033.46,1810.04,UPI,Store
IN104223,2025-09-03,Lucknow,Uttar Pradesh,Beauty,3,1119.53,0.15,2854.8,913.54,UPI,Store
IN104224,2024-04-14,Chennai,Tamil Nadu,Home & Kitchen,1,1820.93,0.0,1820.93,546.28,Credit Card,Online
IN104225,2024-09-08,Chennai,Tamil Nadu,Electronics,1,4297.66,0.3,3008.36,722.01,UPI,Online
IN104226,2025-10-06,Pune,Maharashtra,Clothing,3,1632.87,0.15,4163.82,1165.87,UPI,Store
IN104227,2024-04-08,Lucknow,Uttar Pradesh,Clothing,1,1883.24,0.2,1506.59,421.85,UPI,Online
IN104228,2024-06-26,Lucknow,Uttar Pradesh,Electronics,5,3183.23,0.2,12732.92,3055.9,UPI,Online
IN104229,2024-09-21,Pune,Maharashtra,Grocery,1,514.48,0.15,437.31,96.21,Debit Card,Online
IN104230,2024-05-11,Ahmedabad,Gujarat,Beauty,1,1055.48,0.0,1055.48,337.75,UPI,Online
IN104231,2024-07-17,Ahmedabad,Gujarat,Home & Kitchen,2,2169.98,0.1,3905.96,1171.79,UPI,Online
IN104232,2025-12-05,Jaipur,Rajasthan,Clothing,5,1756.08,0.05,8341.38,2335.59,UPI,Online
IN104233,2025-12-20,Ahmedabad,Gujarat,Electronics,5,2867.01,0.0,14335.05,3440.41,UPI,Store
IN104234,2024-02-26,Delhi,Delhi,Clothing,2,1444.72,0.05,2744.97,768.59,Cash,Store
IN104235,2025-02-12,Lucknow,Uttar Pradesh,Grocery,4,817.3,0.15,2778.82,611.34,Net Banking,Online
IN104236,2024-09-18,Mumbai,Maharashtra,Clothing,3,1766.91,0.05,5035.69,1409.99,UPI,Store
IN104237,2025-10-15,Lucknow,Uttar Pradesh,Electronics,5,2293.42,0.1,10320.39,2476.89,Debit Card,Online
IN104238,2025-07-28,Delhi,Delhi,Clothing,4,1590.53,0.1,5725.91,1603.25,UPI,Online
IN104239,2024-04-27,Delhi,Delhi,Clothing,3,1527.54,0.0,4582.62,1283.13,UPI,Store
IN104240,2025-04-29,Bengaluru,Karnataka,Beauty,5,678.75,0.15,2884.69,923.1,UPI,Online
IN104241,2024-11-16,Lucknow,Uttar Pradesh,Electronics,1,4174.68,0.15,3548.48,851.64,Cash,Online
IN104242,2024-11-03,Kolkata,West Bengal,Electronics,5,3166.37,0.25,11873.89,2849.73,UPI,Store
IN104243,2025-05-04,Delhi,Delhi,Electronics,3,3642.46,0.05,10381.01,2491.44,Net Banking,Store
IN104244,2024-11-16,Mumbai,Maharashtra,Clothing,4,1783.35,0.1,6420.06,1797.62,Credit Card,Online
IN104245,2024-12-21,Pune,Maharashtra,Grocery,1,509.98,0.1,458.98,100.98,UPI,Online
IN104246,2025-10-09,Jaipur,Rajasthan,Home & Kitchen,3,2261.34,0.25,5088.02,1526.41,Debit Card,Online
IN104247,2025-08-30,Bengaluru,Karnataka,Clothing,3,1639.12,0.1,4425.62,1239.17,Net Banking,Online
IN104248,2025-06-03,Pune,Maharashtra,Grocery,5,809.73,0.1,3643.79,801.63,Cash,Online
IN104249,2025-06-09,Bengaluru,Karnataka,Clothing,2,1430.3,0.05,2717.57,760.92,Debit Card,Online
IN104250,2024-01-24,Mumbai,Maharashtra,Grocery,2,469.15,0.0,938.3,206.43,UPI,Store
IN104251,2024-07-10,Chennai,Tamil Nadu,Electronics,1,3634.67,0.0,3634.67,872.32,UPI,Online
IN104252,2024-12-14,Lucknow,Uttar Pradesh,Clothing,3,1320.82,0.15,3368.09,943.07,UPI,Online
IN104253,2024-01-25,Hyderabad,Telangana,Home & Kitchen,4,1730.83,0.15,5884.82,1765.45,Credit Card,Online
IN104254,2025-01-24,Kolkata,West Bengal,Home & Kitchen,1,1776.28,0.05,1687.47,506.24,Net Banking,Online
IN104255,2025-10-02,Pune,Maharashtra,Home & Kitchen,1,1836.7,0.1,1653.03,495.91,Debit Card,Store
IN104256,2025-08-21,Lucknow,Uttar Pradesh,Electronics,5,3616.82,0.05,17179.9,4123.18,Cash,Online
IN104257,2025-07-21,Kolkata,West Bengal,Clothing,4,1641.37,0.15,5580.66,1562.58,UPI,Store
IN104258,2024-07-08,Chennai,Tamil Nadu,Beauty,3,1084.45,0.2,2602.68,832.86,Debit Card,Store
IN104259,2024-01-28,Hyderabad,Telangana,Electronics,3,3636.94,0.2,8728.66,2094.88,Cash,Store
IN104260,2025-06-24,Kolkata,West Bengal,Electronics,3,3911.24,0.0,11733.72,2816.09,Credit Card,Online
IN104261,2025-05-05,Kolkata,West Bengal,Electronics,1,2494.07,0.15,2119.96,508.79,Credit Card,Store
IN104262,2025-05-02,Pune,Maharashtra,Clothing,5,1741.5,0.25,6530.62,1828.57,Debit Card,Online
IN104263,2024-06-20,Ahmedabad,Gujarat,Electronics,1,3045.54,0.15,2588.71,621.29,Credit Card,Online
IN104264,2024-02-07,Hyderabad,Telangana,Grocery,2,678.41,0.05,1288.98,283.58,Net Banking,Online
IN104265,2024-10-25,Lucknow,Uttar Pradesh,Grocery,2,638.27,0.15,1085.06,238.71,Credit Card,Online
IN104266,2024-09-22,Chennai,Tamil Nadu,Beauty,3,908.29,0.15,2316.14,741.16,UPI,Online
IN104267,2024-01-27,Hyderabad,Telangana,Electronics,5,2833.69,0.1,12751.61,3060.39,Credit Card,Online
IN104268,2025-10-09,Mumbai,Maharashtra,Clothing,3,1134.66,0.0,3403.98,953.11,UPI,Online
IN104269,2025-03-27,Ahmedabad,Gujarat,Grocery,3,499.32,0.15,1273.27,280.12,Credit Card,Store
IN104270,2025-04-13,Mumbai,Maharashtra,Grocery,1,645.72,0.2,516.58,113.65,UPI,Online
IN104271,2024-03-25,Chennai,Tamil Nadu,Grocery,3,507.92,0.3,1066.63,234.66,Net Banking,Online
IN104272,2024-01-13,Pune,Maharashtra,Home & Kitchen,3,1546.64,0.05,4407.92,1322.38,Cash,Store
IN104273,2025-07-23,Pune,Maharashtra,Electronics,5,2517.92,0.15,10701.16,2568.28,UPI,Online
IN104274,2024-09-15,Chennai,Tamil Nadu,Home & Kitchen,5,1387.67,0.0,6938.35,2081.51,UPI,Store
IN104275,2024-04-09,Bengaluru,Karnataka,Grocery,5,827.84,0.25,3104.4,682.97,Credit Card,Store
IN104276,2025-09-07,Chennai,Tamil Nadu,Electronics,3,3641.97,0.0,10925.91,2622.22,Debit Card,Online
IN104277,2024-09-17,Ahmedabad,Gujarat,Beauty,5,1170.4,0.05,5559.4,1779.01,UPI,Online
IN104278,2024-10-04,Delhi,Delhi,Grocery,5,727.1,0.0,3635.5,799.81,UPI,Store
IN104279,2024-03-06,Pune,Maharashtra,Electronics,4,3995.42,0.15,13584.43,3260.26,Credit Card,Store
IN104280,2025-08-23,Jaipur,Rajasthan,Electronics,4,3395.02,0.05,12901.08,3096.26,Debit Card,Store
IN104281,2025-08-22,Ahmedabad,Gujarat,Electronics,2,3202.27,0.15,5443.86,1306.53,UPI,Online
IN104282,2025-01-12,Ahmedabad,Gujarat,Grocery,1,678.28,0.1,610.45,134.3,Debit Card,Store
IN104283,2025-05-31,Ahmedabad,Gujarat,Electronics,1,2906.07,0.1,2615.46,627.71,Net Banking,Online
IN104284,2025-10-17,Kolkata,West Bengal,Clothing,5,1578.75,0.05,7499.06,2099.74,UPI,Online
IN104285,2024-04-26,Ahmedabad,Gujarat,Electronics,2,4106.12,0.0,8212.24,1970.94,Credit Card,Online
IN104286,2025-05-13,Pune,Maharashtra,Home & Kitchen,2,2175.35,0.05,4133.16,1239.95,UPI,Online
IN104287,2024-07-23,Delhi,Delhi,Home & Kitchen,4,1800.54,0.15,6121.84,1836.55,UPI,Store
IN104288,2025-08-09,Delhi,Delhi,Home & Kitchen,2,2376.09,0.1,4276.96,1283.09,UPI,Store
IN104289,2024-03-20,Ahmedabad,Gujarat,Electronics,3,4289.68,0.0,12869.04,3088.57,UPI,Store
IN104290,2024-01-18,Mumbai,Maharashtra,Beauty,5,918.46,0.1,4133.07,1322.58,Cash,Online
IN104291,2025-12-29,Pune,Maharashtra,Grocery,3,820.31,0.0,2460.93,541.4,Credit Card,Online
IN104292,2025-09-05,Pune,Maharashtra,Beauty,1,632.79,0.1,569.51,182.24,UPI,Store
IN104293,2025-10-05,Hyderabad,Telangana,Clothing,4,1040.66,0.25,3121.98,874.15,UPI,Online
IN104294,2024-02-27,Lucknow,Uttar Pradesh,Clothing,3,1000.37,0.05,2851.05,798.29,Credit Card,Store
IN104295,2024-04-21,Bengaluru,Karnataka,Home & Kitchen,5,2164.6,0.15,9199.55,2759.86,UPI,Store
IN104296,2025-08-19,Bengaluru,Karnataka,Electronics,3,2405.94,0.15,6135.15,1472.44,UPI,Store
IN104297,2025-09-19,Mumbai,Maharashtra,Grocery,3,462.2,0.1,1247.94,274.55,Credit Card,Online
IN104298,2024-11-10,Bengaluru,Karnataka,Home & Kitchen,2,1432.48,0.1,2578.46,773.54,Net Banking,Store
IN104299,2024-06-10,Hyderabad,Telangana,Home & Kitchen,4,1618.36,0.1,5826.1,1747.83,UPI,Store
IN104300,2024-11-19,Chennai,Tamil Nadu,Beauty,1,901.85,0.05,856.76,274.16,Debit Card,Online
IN104301,2025-12-18,Bengaluru,Karnataka,Grocery,5,482.63,0.15,2051.18,451.26,UPI,Store
IN104302,2024-11-26,Pune,Maharashtra,Electronics,5,3277.88,0.15,13930.99,3343.44,Debit Card,Online
IN104303,2025-08-02,Chennai,Tamil Nadu,Electronics,1,2755.97,0.25,2066.98,496.08,Credit Card,Online
IN104304,2025-05-16,Bengaluru,Karnataka,Grocery,5,570.92,0.15,2426.41,533.81,Cash,Store
IN104305,2024-02-26,Pune,Maharashtra,Grocery,2,802.25,0.1,1444.05,317.69,Credit Card,Store
IN104306,2024-06-13,Pune,Maharashtra,Clothing,3,1878.1,0.15,4789.15,1340.96,UPI,Store
IN104307,2024-06-14,Ahmedabad,Gujarat,Electronics,2,3204.84,0.15,5448.23,1307.58,UPI,Online
IN104308,2024-10-23,Delhi,Delhi,Grocery,2,590.95,0.15,1004.62,221.02,UPI,Online
IN104309,2024-01-04,Mumbai,Maharashtra,Home & Kitchen,2,2349.79,0.2,3759.66,1127.9,Credit Card,Store
IN104310,2025-02-13,Hyderabad,Telangana,Beauty,1,922.76,0.25,692.07,221.46,Cash,Online
IN104311,2024-04-15,Kolkata,West Bengal,Home & Kitchen,4,2114.51,0.0,8458.04,2537.41,Credit Card,Online
IN104312,2025-09-11,Lucknow,Uttar Pradesh,Home & Kitchen,1,1744.08,0.05,1656.88,497.06,Debit Card,Online
IN104313,2025-11-12,Bengaluru,Karnataka,Grocery,1,540.58,0.15,459.49,101.09,UPI,Online
IN104314,2025-07-19,Bengaluru,Karnataka,Beauty,2,1013.11,0.1,1823.6,583.55,Credit Card,Store
IN104315,2024-06-14,Chennai,Tamil Nadu,Grocery,4,735.9,0.15,2502.06,550.45,UPI,Store
IN104316,2024-09-10,Chennai,Tamil Nadu,Home & Kitchen,1,1798.42,0.1,1618.58,485.57,UPI,Online
IN104317,2025-10-27,Lucknow,Uttar Pradesh,Beauty,4,787.92,0.1,2836.51,907.68,UPI,Online
IN104318,2024-05-07,Bengaluru,Karnataka,Beauty,2,1116.61,0.0,2233.22,714.63,Debit Card,Online
IN104319,2025-04-30,Jaipur,Rajasthan,Clothing,1,1230.54,0.15,1045.96,292.87,UPI,Online
IN104320,2024-03-16,Hyderabad,Telangana,Electronics,4,3610.77,0.0,14443.08,3466.34,Debit Card,Online
IN104321,2024-08-08,Bengaluru,Karnataka,Electronics,5,3038.69,0.15,12914.43,3099.46,Debit Card,Online
IN104322,2025-03-09,Delhi,Delhi,Electronics,1,3222.76,0.25,2417.07,580.1,UPI,Store
IN104323,2025-09-26,Lucknow,Uttar Pradesh,Electronics,1,2679.72,0.05,2545.73,610.98,Cash,Store
IN104324,2025-06-20,Jaipur,Rajasthan,Electronics,1,3590.92,0.0,3590.92,861.82,UPI,Online
IN104325,2025-03-14,Hyderabad,Telangana,Clothing,4,1185.5,0.0,4742.0,1327.76,UPI,Store
IN104326,2025-03-10,Bengaluru,Karnataka,Grocery,3,660.21,0.05,1881.6,413.95,UPI,Store
IN104327,2025-09-09,Kolkata,West Bengal,Home & Kitchen,1,1644.3,0.05,1562.08,468.62,UPI,Online
IN104328,2025-09-09,Ahmedabad,Gujarat,Electronics,5,4244.3,0.1,19099.35,4583.84,Debit Card,Online
IN104329,2025-09-06,Delhi,Delhi,Grocery,5,869.99,0.1,3914.96,861.29,Cash,Online
IN104330,2025-06-09,Kolkata,West Bengal,Grocery,2,773.35,0.05,1469.36,323.26,UPI,Online
IN104331,2024-05-12,Chennai,Tamil Nadu,Grocery,3,870.71,0.15,2220.31,488.47,UPI,Store
IN104332,2025-03-16,Chennai,Tamil Nadu,Beauty,3,696.43,0.25,1566.97,501.43,UPI,Store
IN104333,2025-06-17,Bengaluru,Karnataka,Electronics,4,4304.04,0.05,16355.35,3925.28,Debit Card,Online
IN104334,2025-08-09,Chennai,Tamil Nadu,Electronics,2,2455.4,0.2,3928.64,942.87,UPI,Store
IN104335,2025-01-25,Delhi,Delhi,Clothing,4,1358.06,0.0,5432.24,1521.03,Credit Card,Store
IN104336,2024-08-31,Hyderabad,Telangana,Electronics,2,2737.01,0.05,5200.32,1248.08,Debit Card,Online
IN104337,2024-05-25,Pune,Maharashtra,Grocery,3,858.0,0.1,2316.6,509.65,UPI,Online
IN104338,2025-02-18,Mumbai,Maharashtra,Clothing,4,1558.57,0.05,5922.57,1658.32,Net Banking,Store
IN104339,2025-03-02,Lucknow,Uttar Pradesh,Clothing,2,1523.39,0.0,3046.78,853.1,UPI,Store
IN104340,2024-07-30,Hyderabad,Telangana,Electronics,3,4314.67,0.05,12296.81,2951.23,Net Banking,Store
IN104341,2024-09-05,Pune,Maharashtra,Clothing,3,1537.31,0.25,3458.95,968.51,UPI,Store
IN104342,2024-02-04,Jaipur,Rajasthan,Grocery,1,728.0,0.0,728.0,160.16,UPI,Online
IN104343,2024-09-09,Delhi,Delhi,Grocery,4,473.92,0.15,1611.33,354.49,Debit Card,Online
IN104344,2024-10-12,Kolkata,West Bengal,Electronics,1,4026.83,0.15,3422.81,821.47,Debit Card,Online
IN104345,2025-11-23,Pune,Maharashtra,Electronics,3,4257.79,0.0,12773.37,3065.61,Cash,Online
IN104346,2024-07-28,Delhi,Delhi,Electronics,4,4237.45,0.05,16102.31,3864.55,UPI,Store
IN104347,2024-04-19,Ahmedabad,Gujarat,Electronics,4,2699.9,0.0,10799.6,2591.9,Net Banking,Store
IN104348,2024-11-25,Kolkata,West Bengal,Home & Kitchen,5,1524.32,0.0,7621.6,2286.48,UPI,Store
IN104349,2024-05-21,Chennai,Tamil Nadu,Electronics,2,3001.38,0.0,6002.76,1440.66,UPI,Online
IN104350,2025-11-06,Chennai,Tamil Nadu,Home & Kitchen,5,1622.95,0.05,7709.01,2312.7,UPI,Online
IN104351,2024-03-27,Kolkata,West Bengal,Home & Kitchen,5,1617.57,0.0,8087.85,2426.36,Cash,Online
IN104352,2024-05-19,Jaipur,Rajasthan,Electronics,3,3498.85,0.0,10496.55,2519.17,Debit Card,Online
IN104353,2024-11-27,Jaipur,Rajasthan,Clothing,2,1713.1,0.1,3083.58,863.4,Credit Card,Store
IN104354,2025-11-04,Jaipur,Rajasthan,Beauty,5,1178.01,0.05,5595.55,1790.58,UPI,Online
IN104355,2024-01-26,Pune,Maharashtra,Home & Kitchen,5,1339.4,0.25,5022.75,1506.83,UPI,Store
IN104356,2025-10-07,Lucknow,Uttar Pradesh,Grocery,4,572.45,0.0,2289.8,503.76,UPI,Store
IN104357,2025-09-18,Pune,Maharashtra,Home & Kitchen,3,1558.37,0.15,3973.84,1192.15,Credit Card,Online
IN104358,2025-11-23,Bengaluru,Karnataka,Home & Kitchen,5,1678.2,0.25,6293.25,1887.98,Debit Card,Online
IN104359,2024-12-27,Mumbai,Maharashtra,Clothing,2,1366.14,0.0,2732.28,765.04,Debit Card,Store
IN104360,2025-10-20,Kolkata,West Bengal,Beauty,1,857.67,0.1,771.9,247.01,Net Banking,Online
IN104361,2024-12-25,Hyderabad,Telangana,Grocery,1,857.28,0.1,771.55,169.74,UPI,Store
IN104362,2024-08-02,Mumbai,Maharashtra,Grocery,3,639.69,0.25,1439.3,316.65,UPI,Store
IN104363,2024-03-17,Ahmedabad,Gujarat,Beauty,1,952.68,0.15,809.78,259.13,Credit Card,Online
IN104364,2024-04-04,Pune,Maharashtra,Home & Kitchen,4,2135.9,0.05,8116.42,2434.93,Debit Card,Online
IN104365,2024-08-05,Pune,Maharashtra,Clothing,4,1639.83,0.15,5575.42,1561.12,Credit Card,Online
IN104366,2025-01-02,Delhi,Delhi,Electronics,2,3452.57,0.1,6214.63,1491.51,Net Banking,Store
IN104367,2024-02-21,Mumbai,Maharashtra,Grocery,3,818.7,0.05,2333.3,513.33,Debit Card,Online
IN104368,2024-09-30,Delhi,Delhi,Grocery,3,718.72,0.2,1724.93,379.48,UPI,Store
IN104369,2025-03-19,Hyderabad,Telangana,Grocery,1,824.59,0.15,700.9,154.2,UPI,Store
IN104370,2025-11-17,Delhi,Delhi,Beauty,5,807.12,0.0,4035.6,1291.39,Debit Card,Store
IN104371,2024-02-02,Mumbai,Maharashtra,Home & Kitchen,5,1414.47,0.2,5657.88,1697.36,Debit Card,Online
IN104372,2025-02-19,Kolkata,West Bengal,Clothing,5,1725.76,0.1,7765.92,2174.46,UPI,Store
IN104373,2025-10-05,Ahmedabad,Gujarat,Electronics,2,3035.64,0.15,5160.59,1238.54,UPI,Store
IN104374,2025-02-28,Pune,Maharashtra,Grocery,3,730.08,0.1,1971.22,433.67,Credit Card,Online
IN104375,2024-01-07,Hyderabad,Telangana,Grocery,1,766.51,0.2,613.21,134.91,Debit Card,Store
IN104376,2025-05-09,Pune,Maharashtra,Grocery,2,593.04,0.15,1008.17,221.8,UPI,Online
IN104377,2024-12-19,Bengaluru,Karnataka,Grocery,4,668.43,0.1,2406.35,529.4,Credit Card,Store
IN104378,2025-11-26,Ahmedabad,Gujarat,Clothing,4,1794.38,0.3,5024.26,1406.79,UPI,Online
IN104379,2024-07-17,Lucknow,Uttar Pradesh,Clothing,4,1780.61,0.05,6766.32,1894.57,Net Banking,Store
IN104380,2025-12-15,Delhi,Delhi,Clothing,3,1661.91,0.0,4985.73,1396.0,UPI,Online
IN104381,2025-03-10,Chennai,Tamil Nadu,Grocery,4,777.26,0.1,2798.14,615.59,Debit Card,Store
IN104382,2024-05-15,Mumbai,Maharashtra,Electronics,5,4107.18,0.1,18482.31,4435.75,Credit Card,Store
IN104383,2024-10-14,Pune,Maharashtra,Clothing,4,1650.06,0.1,5940.22,1663.26,UPI,Online
IN104384,2025-10-19,Delhi,Delhi,Clothing,2,1289.02,0.15,2191.33,613.57,Credit Card,Online
IN104385,2025-12-19,Hyderabad,Telangana,Grocery,4,506.03,0.15,1720.5,378.51,UPI,Store
IN104386,2025-07-20,Pune,Maharashtra,Electronics,5,3117.52,0.1,14028.84,3366.92,Debit Card,Online
IN104387,2025-02-11,Lucknow,Uttar Pradesh,Home & Kitchen,4,1362.19,0.2,4359.01,1307.7,Credit Card,Online
IN104388,2025-12-17,Ahmedabad,Gujarat,Grocery,1,503.91,0.15,428.32,94.23,UPI,Online
IN104389,2025-12-04,Ahmedabad,Gujarat,Grocery,5,856.45,0.2,3425.8,753.68,UPI,Store
IN104390,2024-12-01,Pune,Maharashtra,Grocery,3,740.56,0.25,1666.26,366.58,Debit Card,Store
IN104391,2024-01-02,Hyderabad,Telangana,Clothing,4,1754.96,0.0,7019.84,1965.56,UPI,Store
IN104392,2024-07-03,Ahmedabad,Gujarat,Grocery,2,726.62,0.15,1235.25,271.76,Credit Card,Store
IN104393,2025-11-04,Ahmedabad,Gujarat,Beauty,4,874.85,0.05,3324.43,1063.82,UPI,Store
IN104394,2025-07-14,Lucknow,Uttar Pradesh,Home & Kitchen,2,1289.44,0.2,2063.1,618.93,Net Banking,Online
IN104395,2025-08-24,Mumbai,Maharashtra,Beauty,1,1189.16,0.15,1010.79,323.45,Credit Card,Online
IN104396,2025-03-13,Hyderabad,Telangana,Home & Kitchen,3,1342.99,0.0,4028.97,1208.69,Debit Card,Online
IN104397,2024-01-22,Hyderabad,Telangana,Electronics,5,3509.14,0.25,13159.28,3158.23,UPI,Store
IN104398,2024-07-30,Kolkata,West Bengal,Electronics,5,2452.58,0.15,10423.46,2501.63,UPI,Store
IN104399,2025-04-21,Kolkata,West Bengal,Grocery,3,575.05,0.25,1293.86,284.65,UPI,Online
IN104400,2025-04-10,Ahmedabad,Gujarat,Clothing,1,1149.09,0.05,1091.64,305.66,UPI,Store
IN104401,2024-08-21,Chennai,Tamil Nadu,Clothing,1,1483.88,0.2,1187.1,332.39,Debit Card,Online
IN104402,2024-06-20,Kolkata,West Bengal,Home & Kitchen,4,2297.88,0.15,7812.79,2343.84,Credit Card,Store
IN104403,2025-08-25,Ahmedabad,Gujarat,Clothing,1,1558.42,0.1,1402.58,392.72,UPI,Online
IN104404,2025-11-05,Jaipur,Rajasthan,Clothing,4,1584.41,0.2,5070.11,1419.63,Debit Card,Online
IN104405,2025-06-01,Bengaluru,Karnataka,Home & Kitchen,2,2323.45,0.15,3949.86,1184.96,UPI,Store
IN104406,2024-08-31,Bengaluru,Karnataka,Home & Kitchen,3,2136.83,0.15,5448.92,1634.68,UPI,Store
IN104407,2025-02-24,Hyderabad,Telangana,Clothing,2,1768.02,0.05,3359.24,940.59,Cash,Online
IN104408,2025-01-13,Chennai,Tamil Nadu,Home & Kitchen,2,1747.18,0.2,2795.49,838.65,Credit Card,Online
IN104409,2025-04-17,Lucknow,Uttar Pradesh,Home & Kitchen,2,2272.47,0.15,3863.2,1158.96,Debit Card,Store
IN104410,2024-12-06,Mumbai,Maharashtra,Clothing,2,1567.73,0.2,2508.37,702.34,UPI,Store
IN104411,2025-11-01,Kolkata,West Bengal,Electronics,5,2522.06,0.05,11979.78,2875.15,UPI,Store
IN104412,2024-05-02,Jaipur,Rajasthan,Electronics,1,2320.52,0.05,2204.49,529.08,UPI,Online
IN104413,2025-03-09,Ahmedabad,Gujarat,Grocery,3,558.1,0.0,1674.3,368.35,Cash,Store
IN104414,2024-07-06,Chennai,Tamil Nadu,Clothing,3,1324.3,0.15,3376.96,945.55,Credit Card,Store
IN104415,2024-01-14,Hyderabad,Telangana,Beauty,2,1119.98,0.05,2127.96,680.95,UPI,Store
IN104416,2024-03-10,Kolkata,West Bengal,Home & Kitchen,3,2127.26,0.05,6062.69,1818.81,Cash,Store
IN104417,2025-10-12,Chennai,Tamil Nadu,Home & Kitchen,4,2377.79,0.15,8084.49,2425.35,Credit Card,Online
IN104418,2025-02-14,Kolkata,West Bengal,Beauty,3,957.12,0.05,2727.79,872.89,Debit Card,Online
IN104419,2025-08-13,Mumbai,Maharashtra,Beauty,2,1067.43,0.25,1601.14,512.36,UPI,Store
IN104420,2024-11-13,Mumbai,Maharashtra,Clothing,3,1230.51,0.1,3322.38,930.27,UPI,Online
IN104421,2025-03-12,Lucknow,Uttar Pradesh,Electronics,1,3653.52,0.25,2740.14,657.63,UPI,Store
IN104422,2025-08-14,Bengaluru,Karnataka,Home & Kitchen,2,2086.2,0.0,4172.4,1251.72,UPI,Online
IN104423,2024-05-25,Delhi,Delhi,Clothing,5,1752.06,0.05,8322.28,2330.24,Debit Card,Online
IN104424,2024-08-14,Delhi,Delhi,Grocery,1,681.63,0.1,613.47,134.96,Debit Card,Online
IN104425,2025-01-16,Kolkata,West Bengal,Grocery,3,729.2,0.15,1859.46,409.08,Debit Card,Store
IN104426,2024-06-28,Lucknow,Uttar Pradesh,Beauty,5,748.78,0.05,3556.7,1138.14,Cash,Online
IN104427,2025-06-19,Delhi,Delhi,Clothing,1,1650.45,0.05,1567.93,439.02,UPI,Store
IN104428,2024-04-08,Hyderabad,Telangana,Home & Kitchen,4,2240.94,0.25,6722.82,2016.85,Net Banking,Online
IN104429,2025-01-25,Delhi,Delhi,Clothing,1,1520.3,0.0,1520.3,425.68,Net Banking,Store
IN104430,2024-09-26,Pune,Maharashtra,Grocery,5,503.87,0.15,2141.45,471.12,Credit Card,Online
IN104431,2024-04-03,Ahmedabad,Gujarat,Electronics,4,2890.74,0.15,9828.52,2358.84,UPI,Online
IN104432,2025-04-07,Lucknow,Uttar Pradesh,Home & Kitchen,3,1816.35,0.0,5449.05,1634.72,Debit Card,Store
IN104433,2025-10-20,Hyderabad,Telangana,Electronics,2,3648.5,0.15,6202.45,1488.59,UPI,Online
IN104434,2024-10-11,Chennai,Tamil Nadu,Home & Kitchen,3,1634.78,0.1,4413.91,1324.17,Cash,Online
IN104435,2024-01-22,Hyderabad,Telangana,Electronics,2,3987.81,0.05,7576.84,1818.44,UPI,Store
IN104436,2024-01-02,Bengaluru,Karnataka,Clothing,2,1318.33,0.05,2504.83,701.35,Credit Card,Online
IN104437,2024-04-12,Chennai,Tamil Nadu,Grocery,5,473.1,0.2,1892.4,416.33,Credit Card,Online
IN104438,2024-02-05,Jaipur,Rajasthan,Clothing,4,1702.53,0.05,6469.61,1811.49,UPI,Online
IN104439,2024-09-30,Ahmedabad,Gujarat,Electronics,4,3579.98,0.1,12887.93,3093.1,UPI,Online
IN104440,2024-02-20,Ahmedabad,Gujarat,Clothing,1,1709.78,0.15,1453.31,406.93,UPI,Online
IN104441,2024-05-22,Ahmedabad,Gujarat,Home & Kitchen,3,1668.2,0.0,5004.6,1501.38,Credit Card,Online
IN104442,2025-04-27,Ahmedabad,Gujarat,Grocery,5,462.45,0.25,1734.19,381.52,Cash,Store
IN104443,2024-01-17,Kolkata,West Bengal,Electronics,3,2393.41,0.05,6821.22,1637.09,UPI,Online
IN104444,2025-08-11,Ahmedabad,Gujarat,Home & Kitchen,1,1390.81,0.05,1321.27,396.38,Debit Card,Store
IN104445,2024-10-04,Ahmedabad,Gujarat,Electronics,1,3914.71,0.15,3327.5,798.6,UPI,Online
IN104446,2025-09-26,Ahmedabad,Gujarat,Grocery,5,582.36,0.0,2911.8,640.6,Debit Card,Online
IN104447,2025-03-13,Lucknow,Uttar Pradesh,Clothing,1,1888.09,0.15,1604.88,449.37,Net Banking,Online
IN104448,2025-03-11,Kolkata,West Bengal,Grocery,5,775.42,0.25,2907.82,639.72,UPI,Store
IN104449,2025-01-18,Mumbai,Maharashtra,Clothing,1,1527.05,0.05,1450.7,406.2,Net Banking,Store
IN104450,2025-11-16,Hyderabad,Telangana,Beauty,4,1205.42,0.05,4580.6,1465.79,Credit Card,Store
IN104451,2024-05-11,Hyderabad,Telangana,Clothing,5,1267.84,0.05,6022.24,1686.23,UPI,Online
IN104452,2024-09-19,Chennai,Tamil Nadu,Clothing,4,1130.71,0.2,3618.27,1013.12,Cash,Store
IN104453,2025-01-28,Lucknow,Uttar Pradesh,Clothing,4,1650.92,0.0,6603.68,1849.03,UPI,Store
IN104454,2024-07-26,Pune,Maharashtra,Beauty,5,792.68,0.05,3765.23,1204.87,UPI,Online
IN104455,2024-08-13,Hyderabad,Telangana,Grocery,3,861.04,0.15,2195.65,483.04,Credit Card,Online
IN104456,2025-12-01,Delhi,Delhi,Home & Kitchen,2,2416.04,0.1,4348.87,1304.66,Cash,Online
IN104457,2025-04-09,Pune,Maharashtra,Beauty,1,1171.95,0.0,1171.95,375.02,Debit Card,Store
IN104458,2024-12-23,Ahmedabad,Gujarat,Beauty,1,1182.69,0.25,887.02,283.85,UPI,Online
IN104459,2024-05-23,Ahmedabad,Gujarat,Home & Kitchen,3,1980.32,0.05,5643.91,1693.17,Net Banking,Store
IN104460,2024-12-19,Kolkata,West Bengal,Electronics,2,3679.61,0.1,6623.3,1589.59,Debit Card,Online
IN104461,2024-09-07,Pune,Maharashtra,Home & Kitchen,3,1370.27,0.0,4110.81,1233.24,Net Banking,Online
IN104462,2025-01-10,Delhi,Delhi,Electronics,2,3827.14,0.2,6123.42,1469.62,UPI,Online
IN104463,2024-09-01,Kolkata,West Bengal,Home & Kitchen,5,1496.41,0.05,7107.95,2132.39,Debit Card,Store
IN104464,2024-01-18,Chennai,Tamil Nadu,Grocery,5,810.04,0.0,4050.2,891.04,Cash,Online
IN104465,2025-12-15,Pune,Maharashtra,Home & Kitchen,4,2384.99,0.05,9062.96,2718.89,UPI,Online
IN104466,2025-12-16,Lucknow,Uttar Pradesh,Grocery,4,544.73,0.3,1525.24,335.55,Net Banking,Store
IN104467,2025-04-29,Ahmedabad,Gujarat,Grocery,5,487.97,0.0,2439.85,536.77,UPI,Online
IN104468,2024-01-02,Ahmedabad,Gujarat,Beauty,4,913.08,0.0,3652.32,1168.74,UPI,Online
IN104469,2025-01-10,Bengaluru,Karnataka,Electronics,5,3886.42,0.1,17488.89,4197.33,Net Banking,Online
IN104470,2025-07-19,Kolkata,West Bengal,Clothing,3,1681.28,0.05,4791.65,1341.66,Net Banking,Online
IN104471,2024-06-14,Mumbai,Maharashtra,Grocery,1,749.41,0.2,599.53,131.9,UPI,Online
IN104472,2024-11-24,Mumbai,Maharashtra,Beauty,5,1110.11,0.15,4717.97,1509.75,UPI,Online
IN104473,2025-10-16,Kolkata,West Bengal,Electronics,5,2603.98,0.0,13019.9,3124.78,Debit Card,Online
IN104474,2025-03-23,Lucknow,Uttar Pradesh,Electronics,5,3596.03,0.1,16182.14,3883.71,Net Banking,Online
IN104475,2024-04-01,Jaipur,Rajasthan,Electronics,4,3499.81,0.0,13999.24,3359.82,Debit Card,Store
IN104476,2025-06-03,Kolkata,West Bengal,Electronics,4,2559.14,0.1,9212.9,2211.1,Debit Card,Online
IN104477,2024-09-08,Lucknow,Uttar Pradesh,Beauty,4,872.44,0.15,2966.3,949.22,Debit Card,Online
IN104478,2025-09-03,Chennai,Tamil Nadu,Home & Kitchen,4,2257.46,0.1,8126.86,2438.06,UPI,Online
IN104479,2024-02-08,Ahmedabad,Gujarat,Grocery,3,865.59,0.0,2596.77,571.29,Net Banking,Online
IN104480,2025-03-11,Delhi,Delhi,Grocery,5,736.14,0.0,3680.7,809.75,UPI,Store
IN104481,2025-10-09,Jaipur,Rajasthan,Home & Kitchen,3,2338.67,0.2,5612.81,1683.84,Debit Card,Online
IN104482,2024-12-27,Pune,Maharashtra,Electronics,4,2514.66,0.2,8046.91,1931.26,Credit Card,Online
IN104483,2025-07-15,Jaipur,Rajasthan,Clothing,3,1867.31,0.05,5321.83,1490.11,Credit Card,Store
IN104484,2024-03-23,Delhi,Delhi,Grocery,5,469.16,0.0,2345.8,516.08,Debit Card,Online
IN104485,2025-12-08,Bengaluru,Karnataka,Electronics,5,3336.7,0.3,11678.45,2802.83,Net Banking,Store
IN104486,2024-01-27,Ahmedabad,Gujarat,Clothing,4,1244.82,0.1,4481.35,1254.78,Debit Card,Store
IN104487,2025-08-11,Mumbai,Maharashtra,Clothing,5,1720.66,0.1,7742.97,2168.03,Cash,Online
IN104488,2024-01-21,Lucknow,Uttar Pradesh,Electronics,3,2692.49,0.15,6865.85,1647.8,UPI,Online
IN104489,2024-08-05,Kolkata,West Bengal,Electronics,2,2263.98,0.0,4527.96,1086.71,Cash,Online
IN104490,2024-02-14,Kolkata,West Bengal,Home & Kitchen,5,1745.09,0.1,7852.9,2355.87,UPI,Online
IN104491,2025-02-10,Mumbai,Maharashtra,Electronics,3,2373.34,0.2,5696.02,1367.04,UPI,Online
IN104492,2025-11-24,Jaipur,Rajasthan,Beauty,3,799.7,0.0,2399.1,767.71,UPI,Online
IN104493,2025-04-23,Ahmedabad,Gujarat,Electronics,3,3579.0,0.15,9126.45,2190.35,Debit Card,Store
IN104494,2025-10-17,Hyderabad,Telangana,Home & Kitchen,5,1604.8,0.1,7221.6,2166.48,Net Banking,Online
IN104495,2025-07-17,Lucknow,Uttar Pradesh,Beauty,2,773.79,0.25,1160.68,371.42,Debit Card,Store
IN104496,2025-09-09,Chennai,Tamil Nadu,Beauty,4,720.96,0.05,2739.65,876.69,UPI,Store
IN104497,2025-12-11,Delhi,Delhi,Home & Kitchen,4,1418.15,0.2,4538.08,1361.42,UPI,Store
IN104498,2024-12-02,Jaipur,Rajasthan,Clothing,5,1458.53,0.05,6928.02,1939.85,Credit Card,Online
IN104499,2024-05-27,Pune,Maharashtra,Clothing,5,1600.17,0.1,7200.76,2016.21,UPI,Online
IN104500,2025-09-06,Bengaluru,Karnataka,Clothing,1,1391.99,0.05,1322.39,370.27,UPI,Store
IN104501,2025-02-14,Kolkata,West Bengal,Electronics,2,2497.09,0.2,3995.34,958.88,Debit Card,Store
IN104502,2025-05-28,Jaipur,Rajasthan,Electronics,3,3587.33,0.0,10761.99,2582.88,Net Banking,Store
IN104503,2025-07-25,Bengaluru,Karnataka,Home & Kitchen,3,1911.83,0.2,4588.39,1376.52,Credit Card,Store
IN104504,2025-01-19,Delhi,Delhi,Grocery,4,616.09,0.1,2217.92,487.94,UPI,Online
IN104505,2025-04-26,Kolkata,West Bengal,Grocery,5,594.44,0.2,2377.76,523.11,Cash,Online
IN104506,2025-08-25,Kolkata,West Bengal,Beauty,2,737.14,0.05,1400.57,448.18,Debit Card,Online
IN104507,2024-04-10,Hyderabad,Telangana,Grocery,4,516.81,0.0,2067.24,454.79,Cash,Store
IN104508,2024-04-23,Jaipur,Rajasthan,Grocery,2,598.13,0.1,1076.63,236.86,UPI,Online
IN104509,2024-09-18,Ahmedabad,Gujarat,Home & Kitchen,5,1308.71,0.1,5889.2,1766.76,UPI,Store
IN104510,2025-02-25,Mumbai,Maharashtra,Electronics,3,3148.19,0.05,8972.34,2153.36,Net Banking,Store
IN104511,2024-02-23,Mumbai,Maharashtra,Clothing,1,1527.43,0.15,1298.32,363.53,UPI,Store
IN104512,2024-07-06,Chennai,Tamil Nadu,Beauty,2,1180.87,0.0,2361.74,755.76,Debit Card,Online
IN104513,2025-06-22,Pune,Maharashtra,Beauty,3,996.11,0.15,2540.08,812.83,UPI,Online
IN104514,2025-08-14,Bengaluru,Karnataka,Beauty,2,995.08,0.05,1890.65,605.01,Credit Card,Store
IN104515,2024-07-08,Jaipur,Rajasthan,Clothing,2,1320.72,0.0,2641.44,739.6,Cash,Online
IN104516,2025-08-25,Lucknow,Uttar Pradesh,Home & Kitchen,2,1415.98,0.25,2123.97,637.19,Credit Card,Online
IN104517,2025-06-30,Pune,Maharashtra,Electronics,5,3169.63,0.1,14263.34,3423.2,Cash,Online
IN104518,2024-02-27,Hyderabad,Telangana,Electronics,4,3485.25,0.15,11849.85,2843.96,Credit Card,Online
IN104519,2025-05-17,Kolkata,West Bengal,Clothing,2,1638.87,0.0,3277.74,917.77,Net Banking,Online
IN104520,2024-07-07,Ahmedabad,Gujarat,Grocery,5,804.02,0.0,4020.1,884.42,Credit Card,Store
IN104521,2025-07-01,Jaipur,Rajasthan,Clothing,1,1212.89,0.1,1091.6,305.65,UPI,Store
IN104522,2025-08-26,Pune,Maharashtra,Clothing,4,1199.51,0.05,4558.14,1276.28,UPI,Store
IN104523,2025-07-21,Pune,Maharashtra,Electronics,5,3415.82,0.0,17079.1,4098.98,Debit Card,Online
IN104524,2025-08-01,Ahmedabad,Gujarat,Grocery,1,694.14,0.0,694.14,152.71,Cash,Store
IN104525,2024-11-08,Chennai,Tamil Nadu,Home & Kitchen,4,1515.0,0.05,5757.0,1727.1,Credit Card,Store
IN104526,2024-06-17,Bengaluru,Karnataka,Grocery,5,703.21,0.05,3340.25,734.85,Credit Card,Store
IN104527,2024-05-10,Bengaluru,Karnataka,Electronics,1,2959.43,0.2,2367.54,568.21,Cash,Store
IN104528,2025-11-08,Pune,Maharashtra,Grocery,5,725.11,0.1,3263.0,717.86,Cash,Store
IN104529,2025-07-17,Delhi,Delhi,Grocery,1,577.97,0.15,491.27,108.08,Debit Card,Online
IN104530,2024-05-31,Pune,Maharashtra,Grocery,2,705.24,0.0,1410.48,310.31,Cash,Store
IN104531,2024-04-14,Pune,Maharashtra,Clothing,2,1679.16,0.2,2686.66,752.26,Credit Card,Online
IN104532,2025-01-01,Ahmedabad,Gujarat,Grocery,4,869.12,0.05,3302.66,726.59,UPI,Online
IN104533,2024-04-01,Kolkata,West Bengal,Beauty,1,1162.97,0.05,1104.82,353.54,UPI,Store
IN104534,2025-12-13,Ahmedabad,Gujarat,Electronics,2,3287.36,0.0,6574.72,1577.93,Net Banking,Online
IN104535,2025-12-31,Jaipur,Rajasthan,Clothing,4,1424.4,0.1,5127.84,1435.8,UPI,Online
IN104536,2025-03-07,Pune,Maharashtra,Clothing,3,1378.31,0.2,3307.94,926.22,UPI,Store
IN104537,2025-08-01,Bengaluru,Karnataka,Grocery,2,466.72,0.05,886.77,195.09,Net Banking,Store
IN104538,2025-11-11,Lucknow,Uttar Pradesh,Electronics,2,2585.19,0.25,3877.78,930.67,UPI,Online
IN104539,2024-10-31,Bengaluru,Karnataka,Electronics,5,2363.11,0.2,9452.44,2268.59,Cash,Store
IN104540,2024-01-28,Mumbai,Maharashtra,Clothing,3,1613.68,0.0,4841.04,1355.49,Cash,Online
IN104541,2024-10-14,Chennai,Tamil Nadu,Beauty,1,871.74,0.05,828.15,265.01,Net Banking,Online
IN104542,2024-12-20,Hyderabad,Telangana,Home & Kitchen,4,1334.61,0.25,4003.83,1201.15,UPI,Online
IN104543,2025-06-27,Jaipur,Rajasthan,Grocery,3,746.77,0.0,2240.31,492.87,UPI,Online
IN104544,2025-11-08,Jaipur,Rajasthan,Home & Kitchen,1,2013.99,0.15,1711.89,513.57,Net Banking,Online
IN104545,2025-02-07,Chennai,Tamil Nadu,Electronics,2,3737.52,0.25,5606.28,1345.51,UPI,Online
IN104546,2024-05-15,Lucknow,Uttar Pradesh,Home & Kitchen,4,1961.81,0.15,6670.15,2001.05,Credit Card,Store
IN104547,2024-03-08,Hyderabad,Telangana,Grocery,4,523.25,0.15,1779.05,391.39,Debit Card,Store
IN104548,2024-06-02,Kolkata,West Bengal,Clothing,3,1035.87,0.2,2486.09,696.11,UPI,Store
IN104549,2025-04-07,Pune,Maharashtra,Home & Kitchen,5,2216.05,0.15,9418.21,2825.46,Net Banking,Store
IN104550,2024-11-21,Hyderabad,Telangana,Home & Kitchen,1,1512.5,0.1,1361.25,408.38,Debit Card,Online
IN104551,2024-04-05,Lucknow,Uttar Pradesh,Home & Kitchen,3,1894.76,0.0,5684.28,1705.28,UPI,Store
IN104552,2024-07-15,Delhi,Delhi,Electronics,5,3249.25,0.2,12997.0,3119.28,UPI,Store
IN104553,2024-04-17,Mumbai,Maharashtra,Beauty,5,1168.82,0.25,4383.08,1402.59,UPI,Online
IN104554,2024-02-15,Hyderabad,Telangana,Beauty,5,953.18,0.1,4289.31,1372.58,UPI,Online
IN104555,2024-07-04,Hyderabad,Telangana,Clothing,4,1507.82,0.1,5428.15,1519.88,Debit Card,Store
IN104556,2025-03-29,Mumbai,Maharashtra,Electronics,1,2904.57,0.1,2614.11,627.39,UPI,Store
IN104557,2024-11-18,Pune,Maharashtra,Electronics,1,4234.08,0.2,3387.26,812.94,UPI,Store
IN104558,2024-10-11,Hyderabad,Telangana,Beauty,3,988.24,0.0,2964.72,948.71,Net Banking,Online
IN104559,2024-03-23,Mumbai,Maharashtra,Grocery,2,457.1,0.15,777.07,170.96,Credit Card,Online
IN104560,2025-10-11,Mumbai,Maharashtra,Clothing,3,1486.03,0.25,3343.57,936.2,UPI,Store
IN104561,2024-11-22,Mumbai,Maharashtra,Clothing,1,1311.12,0.0,1311.12,367.11,Net Banking,Store
IN104562,2025-03-24,Ahmedabad,Gujarat,Clothing,4,1009.22,0.25,3027.66,847.74,UPI,Online
IN104563,2024-11-16,Lucknow,Uttar Pradesh,Grocery,3,637.33,0.25,1433.99,315.48,Net Banking,Online
IN104564,2024-05-24,Ahmedabad,Gujarat,Clothing,2,1683.95,0.25,2525.93,707.26,Debit Card,Store
IN104565,2024-10-04,Delhi,Delhi,Beauty,3,924.72,0.1,2496.74,798.96,Debit Card,Store
IN104566,2025-09-03,Kolkata,West Bengal,Grocery,5,725.17,0.1,3263.26,717.92,Debit Card,Online
IN104567,2024-01-14,Ahmedabad,Gujarat,Home & Kitchen,2,2008.5,0.15,3414.45,1024.34,Credit Card,Online
IN104568,2024-09-18,Ahmedabad,Gujarat,Clothing,5,1590.63,0.05,7555.49,2115.54,Cash,Store
IN104569,2025-02-17,Lucknow,Uttar Pradesh,Electronics,4,3046.2,0.0,12184.8,2924.35,Cash,Store
IN104570,2025-05-08,Kolkata,West Bengal,Grocery,1,611.33,0.25,458.5,100.87,UPI,Online
IN104571,2024-02-16,Chennai,Tamil Nadu,Clothing,3,984.17,0.15,2509.63,702.7,UPI,Online
IN104572,2025-10-17,Mumbai,Maharashtra,Electronics,3,2560.78,0.05,7298.22,1751.57,Cash,Store
IN104573,2024-07-14,Jaipur,Rajasthan,Beauty,5,1186.22,0.0,5931.1,1897.95,Credit Card,Online
IN104574,2024-10-16,Kolkata,West Bengal,Clothing,5,1746.6,0.15,7423.05,2078.45,Cash,Store
IN104575,2025-03-07,Delhi,Delhi,Electronics,1,2812.23,0.2,2249.78,539.95,Debit Card,Store
IN104576,2025-06-03,Pune,Maharashtra,Electronics,3,3074.48,0.1,8301.1,1992.26,Credit Card,Online
IN104577,2024-11-19,Delhi,Delhi,Clothing,1,1835.33,0.0,1835.33,513.89,UPI,Store
IN104578,2025-03-04,Mumbai,Maharashtra,Beauty,5,776.51,0.15,3300.17,1056.05,UPI,Store
IN104579,2024-10-19,Kolkata,West Bengal,Clothing,5,1464.61,0.05,6956.9,1947.93,Credit Card,Store
IN104580,2025-01-11,Delhi,Delhi,Clothing,2,1000.09,0.0,2000.18,560.05,Credit Card,Online
IN104581,2025-06-18,Delhi,Delhi,Grocery,5,716.84,0.1,3225.78,709.67,Debit Card,Store
IN104582,2024-03-24,Chennai,Tamil Nadu,Clothing,5,1826.37,0.1,8218.66,2301.22,Debit Card,Online
IN104583,2025-01-07,Chennai,Tamil Nadu,Electronics,1,4080.27,0.1,3672.24,881.34,Debit Card,Store
IN104584,2024-01-24,Kolkata,West Bengal,Electronics,2,3284.1,0.2,5254.56,1261.09,Cash,Store
IN104585,2024-11-20,Mumbai,Maharashtra,Clothing,2,1571.17,0.1,2828.11,791.87,UPI,Online
IN104586,2024-11-11,Ahmedabad,Gujarat,Electronics,3,3425.18,0.25,7706.65,1849.6,Debit Card,Store
IN104587,2025-07-03,Bengaluru,Karnataka,Electronics,4,2379.31,0.2,7613.79,1827.31,UPI,Store
IN104588,2024-08-08,Hyderabad,Telangana,Home & Kitchen,3,1445.71,0.15,3686.56,1105.97,Credit Card,Online
IN104589,2024-08-01,Jaipur,Rajasthan,Electronics,3,4244.74,0.0,12734.22,3056.21,UPI,Online
IN104590,2025-04-16,Hyderabad,Telangana,Home & Kitchen,3,1559.48,0.2,3742.75,1122.83,UPI,Store
IN104591,2025-05-05,Lucknow,Uttar Pradesh,Home & Kitchen,2,1709.81,0.25,2564.72,769.42,UPI,Online
IN104592,2024-03-25,Chennai,Tamil Nadu,Grocery,1,670.03,0.05,636.53,140.04,UPI,Online
IN104593,2025-01-19,Kolkata,West Bengal,Clothing,5,1871.01,0.1,8419.54,2357.47,Credit Card,Store
IN104594,2024-01-04,Hyderabad,Telangana,Electronics,2,3675.19,0.05,6982.86,1675.89,Net Banking,Store
IN104595,2025-12-07,Mumbai,Maharashtra,Home & Kitchen,5,1996.63,0.0,9983.15,2994.94,UPI,Store
IN104596,2024-04-23,Jaipur,Rajasthan,Grocery,5,676.56,0.1,3044.52,669.79,Debit Card,Online
IN104597,2024-08-02,Hyderabad,Telangana,Grocery,4,751.03,0.0,3004.12,660.91,Credit Card,Online
IN104598,2024-12-01,Jaipur,Rajasthan,Electronics,3,3621.15,0.0,10863.45,2607.23,UPI,Online
IN104599,2025-10-14,Pune,Maharashtra,Beauty,4,1158.16,0.1,4169.38,1334.2,UPI,Store
IN104600,2024-06-15,Mumbai,Maharashtra,Electronics,3,3367.02,0.2,8080.85,1939.4,UPI,Store
IN104601,2024-10-13,Bengaluru,Karnataka,Clothing,2,1363.57,0.2,2181.71,610.88,Cash,Online
IN104602,2025-05-09,Delhi,Delhi,Clothing,5,1714.52,0.25,6429.45,1800.25,UPI,Online
IN104603,2025-01-18,Jaipur,Rajasthan,Electronics,4,3903.55,0.1,14052.78,3372.67,UPI,Store
IN104604,2025-05-31,Mumbai,Maharashtra,Grocery,2,526.76,0.1,948.17,208.6,UPI,Online
IN104605,2024-05-06,Jaipur,Rajasthan,Home & Kitchen,2,1537.05,0.2,2459.28,737.78,Credit Card,Online
IN104606,2025-03-08,Jaipur,Rajasthan,Home & Kitchen,3,2381.61,0.15,6073.11,1821.93,Debit Card,Store
IN104607,2024-03-26,Ahmedabad,Gujarat,Home & Kitchen,5,1779.61,0.0,8898.05,2669.42,UPI,Online
IN104608,2025-08-20,Ahmedabad,Gujarat,Grocery,3,674.56,0.1,1821.31,400.69,Credit Card,Store
IN104609,2025-06-19,Mumbai,Maharashtra,Grocery,3,586.04,0.25,1318.59,290.09,Credit Card,Store
IN104610,2024-02-14,Ahmedabad,Gujarat,Electronics,2,3240.63,0.0,6481.26,1555.5,UPI,Online
IN104611,2025-09-14,Lucknow,Uttar Pradesh,Grocery,3,769.07,0.05,2191.85,482.21,UPI,Online
IN104612,2024-10-16,Bengaluru,Karnataka,Electronics,1,3243.28,0.1,2918.95,700.55,Credit Card,Online
IN104613,2025-11-27,Kolkata,West Bengal,Clothing,5,1266.45,0.25,4749.19,1329.77,Credit Card,Store
IN104614,2024-08-22,Mumbai,Maharashtra,Clothing,3,1067.36,0.0,3202.08,896.58,Debit Card,Online
IN104615,2024-06-05,Mumbai,Maharashtra,Clothing,3,1824.72,0.15,4653.04,1302.85,Debit Card,Store
IN104616,2025-02-09,Lucknow,Uttar Pradesh,Grocery,4,823.28,0.0,3293.12,724.49,UPI,Store
IN104617,2025-11-03,Chennai,Tamil Nadu,Beauty,5,1092.95,0.1,4918.28,1573.85,UPI,Store
IN104618,2025-05-19,Chennai,Tamil Nadu,Clothing,5,1611.6,0.1,7252.2,2030.62,Credit Card,Online
IN104619,2025-12-12,Ahmedabad,Gujarat,Beauty,3,931.57,0.0,2794.71,894.31,Debit Card,Store
IN104620,2024-05-01,Kolkata,West Bengal,Home & Kitchen,1,2309.95,0.25,1732.46,519.74,UPI,Store
IN104621,2024-08-11,Ahmedabad,Gujarat,Grocery,4,789.49,0.2,2526.37,555.8,Net Banking,Online
IN104622,2024-01-23,Pune,Maharashtra,Grocery,1,799.76,0.05,759.77,167.15,Credit Card,Online
IN104623,2024-07-15,Pune,Maharashtra,Electronics,3,2883.86,0.0,8651.58,2076.38,UPI,Online
IN104624,2025-04-23,Delhi,Delhi,Home & Kitchen,5,1755.45,0.05,8338.39,2501.52,Debit Card,Online
IN104625,2024-10-11,Pune,Maharashtra,Grocery,5,753.62,0.2,3014.48,663.19,UPI,Store
IN104626,2025-06-01,Chennai,Tamil Nadu,Beauty,1,847.07,0.0,847.07,271.06,Credit Card,Store
IN104627,2024-11-03,Bengaluru,Karnataka,Grocery,2,663.7,0.05,1261.03,277.43,Credit Card,Store
IN104628,2024-12-10,Pune,Maharashtra,Home & Kitchen,3,2016.42,0.1,5444.33,1633.3,UPI,Store
IN104629,2025-08-23,Ahmedabad,Gujarat,Home & Kitchen,5,1772.18,0.0,8860.9,2658.27,Cash,Store
IN104630,2025-02-01,Jaipur,Rajasthan,Clothing,2,1701.67,0.05,3233.17,905.29,Cash,Store
IN104631,2025-04-08,Mumbai,Maharashtra,Clothing,5,1085.81,0.1,4886.14,1368.12,UPI,Online
IN104632,2024-04-24,Bengaluru,Karnataka,Clothing,5,1633.43,0.05,7758.79,2172.46,UPI,Store
IN104633,2025-09-27,Bengaluru,Karnataka,Clothing,2,1112.14,0.2,1779.42,498.24,UPI,Online
IN104634,2025-03-25,Ahmedabad,Gujarat,Clothing,1,1833.43,0.25,1375.07,385.02,Cash,Online
IN104635,2025-02-07,Mumbai,Maharashtra,Beauty,3,813.71,0.1,2197.02,703.05,UPI,Online
IN104636,2025-11-11,Chennai,Tamil Nadu,Grocery,2,791.07,0.1,1423.93,313.26,Credit Card,Store
IN104637,2025-07-01,Bengaluru,Karnataka,Beauty,2,935.03,0.15,1589.55,508.66,UPI,Store
IN104638,2024-08-16,Delhi,Delhi,Home & Kitchen,5,1366.57,0.15,5807.92,1742.38,UPI,Online
IN104639,2025-10-07,Ahmedabad,Gujarat,Grocery,2,701.14,0.0,1402.28,308.5,Debit Card,Online
IN104640,2024-08-31,Bengaluru,Karnataka,Beauty,3,1163.62,0.0,3490.86,1117.08,Debit Card,Store
IN104641,2024-03-05,Kolkata,West Bengal,Grocery,1,521.43,0.2,417.14,91.77,Credit Card,Online
IN104642,2024-08-24,Mumbai,Maharashtra,Beauty,1,817.96,0.05,777.06,248.66,Debit Card,Online
IN104643,2024-01-03,Pune,Maharashtra,Clothing,1,1379.63,0.1,1241.67,347.67,Credit Card,Store
IN104644,2025-05-14,Bengaluru,Karnataka,Clothing,3,1230.3,0.15,3137.26,878.43,UPI,Online
IN104645,2024-02-06,Ahmedabad,Gujarat,Clothing,5,1838.84,0.0,9194.2,2574.38,UPI,Online
IN104646,2025-09-12,Pune,Maharashtra,Grocery,3,614.49,0.15,1566.95,344.73,UPI,Online
IN104647,2024-09-06,Delhi,Delhi,Grocery,2,733.03,0.2,1172.85,258.03,Debit Card,Online
IN104648,2024-01-03,Pune,Maharashtra,Grocery,4,549.6,0.05,2088.48,459.47,Net Banking,Online
IN104649,2024-08-22,Kolkata,West Bengal,Clothing,4,1179.93,0.2,3775.78,1057.22,UPI,Online
IN104650,2025-02-20,Chennai,Tamil Nadu,Beauty,4,732.87,0.0,2931.48,938.07,UPI,Online
IN104651,2024-09-07,Bengaluru,Karnataka,Grocery,1,638.71,0.2,510.97,112.41,UPI,Online
IN104652,2024-05-22,Hyderabad,Telangana,Clothing,3,1464.9,0.15,3735.5,1045.94,Cash,Store
IN104653,2024-02-25,Hyderabad,Telangana,Grocery,3,459.54,0.1,1240.76,272.97,Cash,Store
IN104654,2024-03-01,Pune,Maharashtra,Home & Kitchen,1,2234.52,0.05,2122.79,636.84,UPI,Online
IN104655,2024-03-08,Lucknow,Uttar Pradesh,Beauty,2,929.96,0.05,1766.92,565.41,Debit Card,Store
IN104656,2024-03-19,Mumbai,Maharashtra,Grocery,4,521.42,0.25,1564.26,344.14,Debit Card,Online
IN104657,2024-11-22,Hyderabad,Telangana,Electronics,4,2379.97,0.1,8567.89,2056.29,UPI,Store
IN104658,2025-01-01,Lucknow,Uttar Pradesh,Clothing,1,1037.51,0.1,933.76,261.45,Credit Card,Online
IN104659,2025-12-08,Hyderabad,Telangana,Grocery,4,563.85,0.25,1691.55,372.14,Debit Card,Online
IN104660,2025-12-07,Lucknow,Uttar Pradesh,Beauty,5,922.09,0.1,4149.4,1327.81,UPI,Store
IN104661,2025-06-18,Mumbai,Maharashtra,Clothing,3,1762.82,0.1,4759.61,1332.69,UPI,Online
IN104662,2025-06-09,Jaipur,Rajasthan,Beauty,4,1158.23,0.2,3706.34,1186.03,UPI,Online
IN104663,2025-01-24,Hyderabad,Telangana,Grocery,4,806.66,0.25,2419.98,532.4,Credit Card,Store
IN104664,2024-10-15,Kolkata,West Bengal,Beauty,5,822.21,0.05,3905.5,1249.76,Cash,Online
IN104665,2025-06-04,Bengaluru,Karnataka,Electronics,2,2877.64,0.1,5179.75,1243.14,Credit Card,Online
IN104666,2025-10-13,Lucknow,Uttar Pradesh,Beauty,2,1207.66,0.25,1811.49,579.68,UPI,Online
IN104667,2024-09-09,Bengaluru,Karnataka,Beauty,5,1028.55,0.0,5142.75,1645.68,UPI,Online
IN104668,2024-04-04,Ahmedabad,Gujarat,Beauty,2,808.4,0.0,1616.8,517.38,Debit Card,Online
IN104669,2025-11-21,Ahmedabad,Gujarat,Electronics,1,2924.49,0.1,2632.04,631.69,UPI,Online
IN104670,2024-01-03,Mumbai,Maharashtra,Electronics,5,3144.06,0.05,14934.28,3584.23,Credit Card,Online
IN104671,2025-11-26,Lucknow,Uttar Pradesh,Grocery,3,717.71,0.1,1937.82,426.32,UPI,Online
IN104672,2024-02-15,Delhi,Delhi,Electronics,3,4107.8,0.15,10474.89,2513.97,Debit Card,Store
IN104673,2025-10-14,Ahmedabad,Gujarat,Electronics,3,2652.48,0.0,7957.44,1909.79,Cash,Store
IN104674,2025-06-08,Mumbai,Maharashtra,Clothing,4,1056.81,0.2,3381.79,946.9,Cash,Store
IN104675,2025-11-28,Ahmedabad,Gujarat,Grocery,5,626.43,0.05,2975.54,654.62,UPI,Store
IN104676,2025-04-26,Ahmedabad,Gujarat,Grocery,5,558.7,0.1,2514.15,553.11,Debit Card,Store
IN104677,2025-08-19,Delhi,Delhi,Electronics,2,3438.15,0.05,6532.48,1567.8,UPI,Store
IN104678,2025-02-21,Hyderabad,Telangana,Electronics,5,3694.37,0.2,14777.48,3546.6,Debit Card,Store
IN104679,2024-02-12,Pune,Maharashtra,Grocery,5,586.29,0.0,2931.45,644.92,UPI,Online
IN104680,2025-10-29,Jaipur,Rajasthan,Grocery,2,744.6,0.0,1489.2,327.62,Debit Card,Store
IN104681,2025-11-26,Ahmedabad,Gujarat,Electronics,5,2953.75,0.3,10338.12,2481.15,Credit Card,Online
IN104682,2025-07-12,Ahmedabad,Gujarat,Clothing,5,1557.82,0.3,5452.37,1526.66,Cash,Store
IN104683,2024-07-24,Kolkata,West Bengal,Beauty,1,1000.34,0.05,950.32,304.1,Debit Card,Online
IN104684,2025-12-22,Jaipur,Rajasthan,Beauty,2,792.72,0.0,1585.44,507.34,UPI,Store
IN104685,2024-10-01,Delhi,Delhi,Beauty,1,1001.9,0.15,851.62,272.52,Net Banking,Online
IN104686,2025-08-17,Bengaluru,Karnataka,Beauty,4,852.86,0.15,2899.72,927.91,UPI,Online
IN104687,2024-04-06,Lucknow,Uttar Pradesh,Clothing,2,1286.17,0.25,1929.26,540.19,Net Banking,Online
IN104688,2024-06-27,Ahmedabad,Gujarat,Grocery,5,577.22,0.05,2741.8,603.2,Debit Card,Online
IN104689,2024-05-27,Pune,Maharashtra,Clothing,5,1294.54,0.0,6472.7,1812.36,Net Banking,Online
IN104690,2025-01-18,Lucknow,Uttar Pradesh,Grocery,1,787.4,0.15,669.29,147.24,UPI,Online
IN104691,2024-03-12,Jaipur,Rajasthan,Clothing,1,1203.11,0.1,1082.8,303.18,UPI,Online
IN104692,2024-08-04,Lucknow,Uttar Pradesh,Grocery,4,743.14,0.15,2526.68,555.87,Debit Card,Online
IN104693,2025-12-21,Hyderabad,Telangana,Grocery,4,835.51,0.2,2673.63,588.2,Net Banking,Store
IN104694,2025-03-08,Ahmedabad,Gujarat,Electronics,5,2968.89,0.1,13360.0,3206.4,UPI,Online
IN104695,2025-09-27,Lucknow,Uttar Pradesh,Home & Kitchen,3,1294.53,0.0,3883.59,1165.08,UPI,Online
IN104696,2025-05-15,Bengaluru,Karnataka,Electronics,4,2291.18,0.1,8248.25,1979.58,UPI,Store
IN104697,2025-10-29,Bengaluru,Karnataka,Clothing,5,1106.95,0.05,5258.01,1472.24,Cash,Online
IN104698,2024-02-02,Ahmedabad,Gujarat,Electronics,4,2468.89,0.1,8888.0,2133.12,Debit Card,Online
IN104699,2024-08-03,Chennai,Tamil Nadu,Clothing,2,1660.76,0.25,2491.14,697.52,UPI,Online
IN104700,2024-04-10,Bengaluru,Karnataka,Electronics,1,2853.29,0.1,2567.96,616.31,UPI,Store
IN104701,2025-04-14,Lucknow,Uttar Pradesh,Beauty,5,1011.72,0.0,5058.6,1618.75,Credit Card,Online
IN104702,2024-06-28,Mumbai,Maharashtra,Clothing,4,1018.63,0.1,3667.07,1026.78,UPI,Online
IN104703,2025-09-30,Bengaluru,Karnataka,Clothing,1,1249.12,0.05,1186.66,332.26,Debit Card,Store
IN104704,2024-11-28,Jaipur,Rajasthan,Clothing,3,1193.07,0.0,3579.21,1002.18,Credit Card,Online
IN104705,2025-05-02,Chennai,Tamil Nadu,Grocery,4,571.98,0.15,1944.73,427.84,Debit Card,Store
IN104706,2025-04-04,Lucknow,Uttar Pradesh,Home & Kitchen,5,1483.14,0.15,6303.34,1891.0,Cash,Online
IN104707,2025-01-11,Delhi,Delhi,Grocery,2,716.07,0.1,1288.93,283.56,Credit Card,Store
IN104708,2025-11-11,Kolkata,West Bengal,Home & Kitchen,1,2035.33,0.1,1831.8,549.54,UPI,Store
IN104709,2024-05-14,Delhi,Delhi,Beauty,1,716.85,0.05,681.01,217.92,Debit Card,Online
IN104710,2025-08-27,Hyderabad,Telangana,Home & Kitchen,2,2127.14,0.0,4254.28,1276.28,UPI,Store
IN104711,2025-02-13,Kolkata,West Bengal,Grocery,5,560.64,0.05,2663.04,585.87,Cash,Store
IN104712,2024-06-03,Hyderabad,Telangana,Electronics,3,2828.48,0.2,6788.35,1629.2,UPI,Online
IN104713,2024-10-06,Kolkata,West Bengal,Grocery,2,805.17,0.2,1288.27,283.42,Cash,Store
IN104714,2025-04-23,Kolkata,West Bengal,Grocery,3,835.74,0.3,1755.05,386.11,UPI,Online
IN104715,2024-07-17,Mumbai,Maharashtra,Home & Kitchen,5,2224.96,0.15,9456.08,2836.82,UPI,Store
IN104716,2025-02-20,Pune,Maharashtra,Home & Kitchen,4,1432.88,0.1,5158.37,1547.51,UPI,Online
IN104717,2024-04-07,Jaipur,Rajasthan,Home & Kitchen,4,2429.14,0.05,9230.73,2769.22,Net Banking,Online
IN104718,2024-09-06,Delhi,Delhi,Home & Kitchen,5,2046.42,0.0,10232.1,3069.63,Net Banking,Online
IN104719,2024-04-14,Bengaluru,Karnataka,Electronics,3,3302.19,0.15,8420.58,2020.94,UPI,Online
IN104720,2025-10-02,Lucknow,Uttar Pradesh,Electronics,2,4226.07,0.1,7606.93,1825.66,UPI,Online
IN104721,2024-11-22,Chennai,Tamil Nadu,Clothing,5,1723.82,0.15,7326.24,2051.35,UPI,Store
IN104722,2025-04-26,Jaipur,Rajasthan,Beauty,5,1034.67,0.1,4656.02,1489.93,UPI,Store
IN104723,2025-01-11,Hyderabad,Telangana,Home & Kitchen,4,2240.92,0.3,6274.58,1882.37,Debit Card,Online
IN104724,2025-10-13,Mumbai,Maharashtra,Grocery,2,617.86,0.1,1112.15,244.67,Credit Card,Online
IN104725,2024-01-15,Hyderabad,Telangana,Grocery,4,744.18,0.05,2827.88,622.13,Debit Card,Store
IN104726,2025-11-26,Pune,Maharashtra,Home & Kitchen,3,1482.98,0.2,3559.15,1067.75,Debit Card,Online
IN104727,2025-04-25,Chennai,Tamil Nadu,Beauty,3,1207.98,0.1,3261.55,1043.7,Credit Card,Online
IN104728,2024-01-16,Mumbai,Maharashtra,Home & Kitchen,1,1949.11,0.2,1559.29,467.79,Cash,Online
IN104729,2025-07-28,Hyderabad,Telangana,Grocery,5,799.02,0.0,3995.1,878.92,UPI,Online
IN104730,2025-04-29,Pune,Maharashtra,Grocery,2,627.1,0.15,1066.07,234.54,UPI,Online
IN104731,2024-10-05,Lucknow,Uttar Pradesh,Electronics,2,3817.86,0.0,7635.72,1832.57,Debit Card,Store
IN104732,2024-11-28,Lucknow,Uttar Pradesh,Grocery,4,618.67,0.0,2474.68,544.43,UPI,Store
IN104733,2024-09-13,Hyderabad,Telangana,Clothing,4,1516.9,0.15,5157.46,1444.09,UPI,Online
IN104734,2024-07-03,Jaipur,Rajasthan,Electronics,2,3858.52,0.05,7331.19,1759.49,Net Banking,Store
IN104735,2025-08-10,Chennai,Tamil Nadu,Home & Kitchen,4,1396.27,0.05,5305.83,1591.75,Debit Card,Online
IN104736,2024-01-27,Ahmedabad,Gujarat,Grocery,1,605.74,0.2,484.59,106.61,Credit Card,Online
IN104737,2024-01-25,Jaipur,Rajasthan,Beauty,5,948.79,0.25,3557.96,1138.55,Debit Card,Online
IN104738,2024-03-02,Lucknow,Uttar Pradesh,Clothing,1,1283.94,0.05,1219.74,341.53,UPI,Online
IN104739,2025-10-19,Chennai,Tamil Nadu,Grocery,3,585.62,0.05,1669.02,367.18,Net Banking,Online
IN104740,2024-08-20,Pune,Maharashtra,Clothing,2,1236.31,0.15,2101.73,588.48,UPI,Online
IN104741,2025-04-08,Mumbai,Maharashtra,Electronics,1,2713.81,0.2,2171.05,521.05,Debit Card,Online
IN104742,2024-12-14,Kolkata,West Bengal,Clothing,1,1752.5,0.3,1226.75,343.49,Debit Card,Online
IN104743,2024-10-12,Hyderabad,Telangana,Clothing,4,1820.56,0.05,6918.13,1937.08,Credit Card,Store
IN104744,2025-02-17,Delhi,Delhi,Electronics,4,3696.35,0.1,13306.86,3193.65,Debit Card,Store
IN104745,2025-08-18,Chennai,Tamil Nadu,Clothing,4,1007.3,0.0,4029.2,1128.18,Net Banking,Online
IN104746,2025-11-17,Bengaluru,Karnataka,Clothing,3,1695.47,0.05,4832.09,1352.99,Debit Card,Store
IN104747,2025-02-09,Pune,Maharashtra,Home & Kitchen,1,1882.37,0.0,1882.37,564.71,UPI,Store
IN104748,2025-01-15,Ahmedabad,Gujarat,Electronics,5,3816.87,0.05,18130.13,4351.23,Credit Card,Store
IN104749,2024-06-18,Kolkata,West Bengal,Grocery,4,639.78,0.1,2303.21,506.71,Net Banking,Online
IN104750,2024-10-16,Bengaluru,Karnataka,Home & Kitchen,3,1308.3,0.0,3924.9,1177.47,Credit Card,Online
IN104751,2025-05-30,Ahmedabad,Gujarat,Grocery,3,743.04,0.2,1783.3,392.33,Debit Card,Store
IN104752,2024-10-13,Delhi,Delhi,Beauty,4,889.82,0.15,3025.39,968.12,Credit Card,Online
IN104753,2024-11-02,Lucknow,Uttar Pradesh,Grocery,2,824.28,0.0,1648.56,362.68,UPI,Online
IN104754,2025-07-15,Jaipur,Rajasthan,Home & Kitchen,1,2123.62,0.2,1698.9,509.67,UPI,Online
IN104755,2024-01-08,Hyderabad,Telangana,Electronics,4,2987.89,0.3,8366.09,2007.86,Net Banking,Store
IN104756,2024-12-22,Mumbai,Maharashtra,Home & Kitchen,5,2107.18,0.1,9482.31,2844.69,Debit Card,Store
IN104757,2025-08-03,Ahmedabad,Gujarat,Home & Kitchen,1,1839.39,0.05,1747.42,524.23,UPI,Online
IN104758,2024-05-18,Kolkata,West Bengal,Clothing,3,1161.49,0.05,3310.25,926.87,Cash,Online
IN104759,2025-05-25,Chennai,Tamil Nadu,Electronics,5,3113.36,0.0,15566.8,3736.03,Credit Card,Store
IN104760,2024-09-04,Lucknow,Uttar Pradesh,Clothing,1,1182.53,0.1,1064.28,298.0,Debit Card,Online
IN104761,2025-06-24,Chennai,Tamil Nadu,Home & Kitchen,5,1265.82,0.0,6329.1,1898.73,UPI,Online
IN104762,2024-07-01,Kolkata,West Bengal,Clothing,3,1204.58,0.1,3252.37,910.66,Net Banking,Online
IN104763,2025-12-25,Chennai,Tamil Nadu,Home & Kitchen,4,1505.14,0.05,5719.53,1715.86,Credit Card,Store
IN104764,2025-02-26,Ahmedabad,Gujarat,Electronics,5,2249.02,0.1,10120.59,2428.94,Debit Card,Store
IN104765,2025-01-31,Pune,Maharashtra,Home & Kitchen,4,2177.19,0.1,7837.88,2351.36,UPI,Store
IN104766,2024-10-31,Chennai,Tamil Nadu,Clothing,3,1050.06,0.05,2992.67,837.95,UPI,Online
IN104767,2024-01-19,Jaipur,Rajasthan,Clothing,3,1388.64,0.1,3749.33,1049.81,UPI,Online
IN104768,2025-01-17,Delhi,Delhi,Grocery,5,631.56,0.1,2842.02,625.24,Net Banking,Online
IN104769,2024-08-13,Mumbai,Maharashtra,Electronics,5,2617.33,0.2,10469.32,2512.64,UPI,Store
IN104770,2024-08-17,Ahmedabad,Gujarat,Electronics,3,4251.09,0.15,10840.28,2601.67,Debit Card,Online
IN104771,2025-08-30,Bengaluru,Karnataka,Clothing,5,1529.4,0.1,6882.3,1927.04,UPI,Online
IN104772,2025-05-09,Kolkata,West Bengal,Grocery,5,798.71,0.25,2995.16,658.94,UPI,Store
IN104773,2025-04-28,Lucknow,Uttar Pradesh,Beauty,5,920.24,0.15,3911.02,1251.53,UPI,Online
IN104774,2025-09-18,Ahmedabad,Gujarat,Home & Kitchen,5,2105.69,0.0,10528.45,3158.54,Cash,Online
IN104775,2024-12-24,Pune,Maharashtra,Grocery,1,864.73,0.0,864.73,190.24,Cash,Store
IN104776,2025-11-22,Lucknow,Uttar Pradesh,Electronics,3,2964.68,0.0,8894.04,2134.57,Net Banking,Online
IN104777,2025-01-07,Jaipur,Rajasthan,Grocery,3,668.05,0.05,1903.94,418.87,Net Banking,Online
IN104778,2024-03-18,Kolkata,West Bengal,Grocery,2,672.39,0.1,1210.3,266.27,UPI,Online
IN104779,2024-11-22,Lucknow,Uttar Pradesh,Clothing,4,1882.72,0.1,6777.79,1897.78,Cash,Online
IN104780,2024-10-02,Chennai,Tamil Nadu,Electronics,2,2724.85,0.2,4359.76,1046.34,Credit Card,Online
IN104781,2024-12-17,Ahmedabad,Gujarat,Clothing,5,1594.53,0.0,7972.65,2232.34,Cash,Store
IN104782,2024-06-30,Delhi,Delhi,Home & Kitchen,5,1421.73,0.1,6397.78,1919.33,UPI,Online
IN104783,2025-05-19,Kolkata,West Bengal,Clothing,1,1823.64,0.1,1641.28,459.56,Cash,Store
IN104784,2025-08-29,Hyderabad,Telangana,Home & Kitchen,1,1950.75,0.25,1463.06,438.92,UPI,Online
IN104785,2025-08-20,Jaipur,Rajasthan,Clothing,1,1762.06,0.05,1673.96,468.71,UPI,Online
IN104786,2025-01-23,Mumbai,Maharashtra,Electronics,1,4102.1,0.0,4102.1,984.5,UPI,Online
IN104787,2025-08-29,Kolkata,West Bengal,Clothing,1,1486.97,0.0,1486.97,416.35,UPI,Store
IN104788,2024-11-30,Pune,Maharashtra,Clothing,1,1600.63,0.1,1440.57,403.36,Credit Card,Online
IN104789,2025-03-21,Ahmedabad,Gujarat,Electronics,1,3693.34,0.1,3324.01,797.76,Cash,Store
IN104790,2025-05-23,Chennai,Tamil Nadu,Electronics,1,3197.8,0.15,2718.13,652.35,Debit Card,Store
IN104791,2025-10-18,Mumbai,Maharashtra,Electronics,1,3144.46,0.05,2987.24,716.94,UPI,Store
IN104792,2024-09-04,Mumbai,Maharashtra,Electronics,3,2627.27,0.0,7881.81,1891.63,UPI,Store
IN104793,2025-11-23,Jaipur,Rajasthan,Clothing,1,1329.36,0.1,1196.42,335.0,UPI,Online
IN104794,2024-10-19,Lucknow,Uttar Pradesh,Beauty,4,1209.59,0.2,3870.69,1238.62,Cash,Store
IN104795,2025-06-14,Pune,Maharashtra,Grocery,1,569.02,0.1,512.12,112.67,UPI,Store
IN104796,2024-05-17,Lucknow,Uttar Pradesh,Grocery,5,777.13,0.2,3108.52,683.87,Credit Card,Store
IN104797,2025-07-09,Chennai,Tamil Nadu,Clothing,5,1034.01,0.05,4911.55,1375.23,UPI,Online
IN104798,2024-12-10,Mumbai,Maharashtra,Clothing,1,1405.4,0.05,1335.13,373.84,Credit Card,Store
IN104799,2024-02-06,Pune,Maharashtra,Electronics,1,2361.49,0.15,2007.27,481.74,UPI,Online
IN104800,2024-11-09,Pune,Maharashtra,Grocery,5,656.03,0.05,3116.14,685.55,UPI,Online
IN104801,2024-08-07,Bengaluru,Karnataka,Grocery,4,466.64,0.05,1773.23,390.11,UPI,Store
IN104802,2025-10-01,Ahmedabad,Gujarat,Electronics,2,3515.65,0.0,7031.3,1687.51,UPI,Store
IN104803,2024-05-22,Mumbai,Maharashtra,Home & Kitchen,3,1946.22,0.0,5838.66,1751.6,UPI,Store
IN104804,2025-02-07,Mumbai,Maharashtra,Grocery,5,792.09,0.05,3762.43,827.73,Debit Card,Store
IN104805,2025-11-25,Pune,Maharashtra,Clothing,1,1510.79,0.1,1359.71,380.72,UPI,Online
IN104806,2025-02-07,Lucknow,Uttar Pradesh,Electronics,3,4166.08,0.1,11248.42,2699.62,UPI,Online
IN104807,2025-07-08,Mumbai,Maharashtra,Grocery,1,785.86,0.1,707.27,155.6,UPI,Store
IN104808,2025-04-23,Pune,Maharashtra,Home & Kitchen,2,1415.21,0.1,2547.38,764.21,Cash,Online
IN104809,2025-12-22,Mumbai,Maharashtra,Clothing,2,1221.58,0.0,2443.16,684.08,Debit Card,Store
IN104810,2025-07-13,Pune,Maharashtra,Electronics,5,2294.56,0.15,9751.88,2340.45,Debit Card,Online
IN104811,2024-08-07,Bengaluru,Karnataka,Grocery,3,618.14,0.05,1761.7,387.57,UPI,Online
IN104812,2025-01-01,Ahmedabad,Gujarat,Electronics,3,3299.84,0.15,8414.59,2019.5,UPI,Online
IN104813,2024-07-14,Pune,Maharashtra,Grocery,2,854.66,0.1,1538.39,338.45,UPI,Online
IN104814,2025-11-14,Mumbai,Maharashtra,Grocery,1,675.66,0.1,608.09,133.78,Credit Card,Store
IN104815,2025-11-17,Chennai,Tamil Nadu,Electronics,5,3864.54,0.15,16424.3,3941.83,Credit Card,Online
IN104816,2024-02-01,Ahmedabad,Gujarat,Electronics,4,2797.49,0.05,10630.46,2551.31,Cash,Online
IN104817,2024-02-23,Bengaluru,Karnataka,Grocery,2,519.71,0.1,935.48,205.81,Cash,Store
IN104818,2025-02-26,Pune,Maharashtra,Clothing,2,1717.86,0.1,3092.15,865.8,Credit Card,Online
IN104819,2025-11-28,Chennai,Tamil Nadu,Electronics,5,2754.64,0.1,12395.88,2975.01,Credit Card,Store
IN104820,2024-08-21,Pune,Maharashtra,Home & Kitchen,1,2279.46,0.1,2051.51,615.45,UPI,Online
IN104821,2024-04-19,Lucknow,Uttar Pradesh,Clothing,3,1134.56,0.05,3233.5,905.38,UPI,Online
IN104822,2024-04-09,Mumbai,Maharashtra,Clothing,2,1754.94,0.05,3334.39,933.63,Net Banking,Store
IN104823,2025-12-12,Kolkata,West Bengal,Clothing,5,1683.29,0.15,7153.98,2003.11,UPI,Store
IN104824,2024-07-29,Jaipur,Rajasthan,Grocery,5,713.24,0.0,3566.2,784.56,Net Banking,Online
IN104825,2025-02-06,Delhi,Delhi,Clothing,5,1753.7,0.0,8768.5,2455.18,Credit Card,Store
IN104826,2024-05-29,Lucknow,Uttar Pradesh,Beauty,3,823.47,0.25,1852.81,592.9,Credit Card,Store
IN104827,2025-11-05,Chennai,Tamil Nadu,Grocery,2,525.15,0.0,1050.3,231.07,UPI,Online
IN104828,2025-01-28,Lucknow,Uttar Pradesh,Electronics,5,2566.64,0.1,11549.88,2771.97,Debit Card,Online
IN104829,2025-10-16,Hyderabad,Telangana,Clothing,3,1226.03,0.2,2942.47,823.89,Credit Card,Online
IN104830,2024-09-14,Pune,Maharashtra,Clothing,1,1386.07,0.0,1386.07,388.1,UPI,Online
IN104831,2024-09-01,Pune,Maharashtra,Grocery,4,825.12,0.25,2475.36,544.58,UPI,Online
IN104832,2024-05-29,Delhi,Delhi,Home & Kitchen,2,1364.76,0.0,2729.52,818.86,UPI,Store
IN104833,2025-09-15,Delhi,Delhi,Grocery,3,841.69,0.0,2525.07,555.52,Credit Card,Online
IN104834,2024-04-08,Hyderabad,Telangana,Electronics,4,4165.03,0.0,16660.12,3998.43,UPI,Store
IN104835,2024-04-12,Mumbai,Maharashtra,Grocery,4,762.26,0.1,2744.14,603.71,Debit Card,Online
IN104836,2025-12-23,Jaipur,Rajasthan,Electronics,3,4112.59,0.25,9253.33,2220.8,Debit Card,Online
IN104837,2024-01-12,Kolkata,West Bengal,Home & Kitchen,3,2160.88,0.2,5186.11,1555.83,UPI,Store
IN104838,2024-08-13,Kolkata,West Bengal,Grocery,3,678.21,0.15,1729.44,380.48,Debit Card,Online
IN104839,2025-03-17,Bengaluru,Karnataka,Clothing,5,1526.68,0.0,7633.4,2137.35,UPI,Online
IN104840,2024-05-27,Bengaluru,Karnataka,Clothing,1,1551.68,0.2,1241.34,347.58,Debit Card,Online
IN104841,2024-06-27,Mumbai,Maharashtra,Home & Kitchen,5,1408.47,0.15,5986.0,1795.8,UPI,Store
IN104842,2024-01-07,Bengaluru,Karnataka,Home & Kitchen,4,1485.87,0.05,5646.31,1693.89,UPI,Online
IN104843,2024-05-31,Bengaluru,Karnataka,Clothing,4,1456.27,0.2,4660.06,1304.82,UPI,Online
IN104844,2025-08-04,Hyderabad,Telangana,Clothing,4,1084.86,0.2,3471.55,972.03,Debit Card,Store
IN104845,2024-12-18,Hyderabad,Telangana,Grocery,3,862.7,0.15,2199.89,483.98,UPI,Store
IN104846,2025-07-18,Bengaluru,Karnataka,Electronics,2,3294.82,0.0,6589.64,1581.51,UPI,Online
IN104847,2025-11-04,Lucknow,Uttar Pradesh,Electronics,5,3030.58,0.3,10607.03,2545.69,UPI,Online
IN104848,2025-02-20,Ahmedabad,Gujarat,Electronics,2,2567.68,0.0,5135.36,1232.49,UPI,Store
IN104849,2025-08-27,Ahmedabad,Gujarat,Electronics,1,3106.39,0.15,2640.43,633.7,Debit Card,Store
IN104850,2025-10-24,Mumbai,Maharashtra,Grocery,1,582.78,0.0,582.78,128.21,Credit Card,Online
IN104851,2025-07-23,Kolkata,West Bengal,Beauty,5,681.44,0.25,2555.4,817.73,Net Banking,Online
IN104852,2024-07-14,Delhi,Delhi,Grocery,4,863.56,0.05,3281.53,721.94,UPI,Store
IN104853,2024-11-20,Mumbai,Maharashtra,Electronics,1,2791.15,0.1,2512.04,602.89,UPI,Store
IN104854,2025-04-26,Bengaluru,Karnataka,Grocery,2,746.72,0.0,1493.44,328.56,Debit Card,Store
IN104855,2024-07-26,Hyderabad,Telangana,Grocery,2,493.58,0.1,888.44,195.46,Debit Card,Online
IN104856,2024-10-29,Pune,Maharashtra,Electronics,3,4139.39,0.25,9313.63,2235.27,UPI,Online
IN104857,2024-10-25,Lucknow,Uttar Pradesh,Beauty,4,975.59,0.25,2926.77,936.57,Credit Card,Store
IN104858,2025-03-01,Chennai,Tamil Nadu,Clothing,3,1577.75,0.0,4733.25,1325.31,Cash,Online
IN104859,2024-03-02,Hyderabad,Telangana,Beauty,5,1087.34,0.05,5164.86,1652.76,UPI,Online
IN104860,2024-07-13,Ahmedabad,Gujarat,Clothing,1,1531.38,0.05,1454.81,407.35,Debit Card,Online
IN104861,2025-07-20,Hyderabad,Telangana,Grocery,3,484.96,0.1,1309.39,288.07,UPI,Online
IN104862,2024-12-28,Lucknow,Uttar Pradesh,Electronics,3,3133.53,0.2,7520.47,1804.91,Net Banking,Online
IN104863,2025-07-14,Delhi,Delhi,Clothing,5,1218.45,0.15,5178.41,1449.95,Credit Card,Store
IN104864,2025-09-09,Bengaluru,Karnataka,Clothing,2,1422.91,0.05,2703.53,756.99,UPI,Store
IN104865,2024-03-18,Pune,Maharashtra,Home & Kitchen,2,1733.06,0.1,3119.51,935.85,UPI,Store
IN104866,2024-10-10,Ahmedabad,Gujarat,Home & Kitchen,5,2227.04,0.15,9464.92,2839.48,Net Banking,Store
IN104867,2024-02-26,Ahmedabad,Gujarat,Home & Kitchen,2,1549.05,0.0,3098.1,929.43,Debit Card,Online
IN104868,2025-11-11,Jaipur,Rajasthan,Home & Kitchen,5,1495.52,0.0,7477.6,2243.28,UPI,Online
IN104869,2025-01-10,Kolkata,West Bengal,Home & Kitchen,2,2380.96,0.05,4523.82,1357.15,Credit Card,Online
IN104870,2025-01-10,Delhi,Delhi,Electronics,5,4214.99,0.0,21074.95,5057.99,Credit Card,Online
IN104871,2025-12-19,Ahmedabad,Gujarat,Clothing,2,1884.05,0.05,3579.7,1002.32,UPI,Store
IN104872,2025-01-07,Kolkata,West Bengal,Grocery,3,695.14,0.25,1564.06,344.09,UPI,Online
IN104873,2025-11-05,Ahmedabad,Gujarat,Grocery,3,502.8,0.0,1508.4,331.85,Credit Card,Online
IN104874,2024-08-31,Bengaluru,Karnataka,Home & Kitchen,2,2289.8,0.2,3663.68,1099.1,UPI,Online
IN104875,2024-02-08,Kolkata,West Bengal,Clothing,5,1112.05,0.1,5004.23,1401.18,UPI,Online
IN104876,2024-11-04,Lucknow,Uttar Pradesh,Electronics,3,2563.64,0.15,6537.28,1568.95,Debit Card,Store
IN104877,2025-09-24,Jaipur,Rajasthan,Beauty,1,743.14,0.0,743.14,237.8,Credit Card,Online
IN104878,2024-03-26,Bengaluru,Karnataka,Grocery,2,731.07,0.0,1462.14,321.67,UPI,Online
IN104879,2024-04-08,Lucknow,Uttar Pradesh,Electronics,1,2462.97,0.0,2462.97,591.11,UPI,Online
IN104880,2025-01-08,Pune,Maharashtra,Home & Kitchen,1,2170.59,0.15,1845.0,553.5,Debit Card,Store
IN104881,2025-05-09,Delhi,Delhi,Beauty,4,664.08,0.15,2257.87,722.52,Debit Card,Online
IN104882,2024-07-26,Delhi,Delhi,Electronics,1,2469.73,0.25,1852.3,444.55,Debit Card,Online
IN104883,2025-09-16,Chennai,Tamil Nadu,Home & Kitchen,1,1768.35,0.1,1591.52,477.46,UPI,Online
IN104884,2024-03-23,Chennai,Tamil Nadu,Beauty,4,851.82,0.1,3066.55,981.3,Credit Card,Online
IN104885,2025-07-30,Kolkata,West Bengal,Beauty,4,1208.98,0.1,4352.33,1392.75,Net Banking,Online
IN104886,2024-01-01,Delhi,Delhi,Beauty,4,1195.62,0.05,4543.36,1453.88,UPI,Store
IN104887,2025-03-12,Kolkata,West Bengal,Grocery,5,535.14,0.05,2541.91,559.22,UPI,Store
IN104888,2025-11-16,Chennai,Tamil Nadu,Clothing,4,1841.47,0.2,5892.7,1649.96,Debit Card,Store
IN104889,2024-09-06,Pune,Maharashtra,Electronics,5,3679.9,0.05,17479.52,4195.08,UPI,Online
IN104890,2025-02-13,Ahmedabad,Gujarat,Electronics,2,3090.39,0.2,4944.62,1186.71,UPI,Online
IN104891,2025-01-20,Lucknow,Uttar Pradesh,Clothing,5,1653.06,0.05,7852.03,2198.57,UPI,Online
IN104892,2024-03-24,Hyderabad,Telangana,Clothing,2,1799.13,0.05,3418.35,957.14,UPI,Online
IN104893,2025-05-04,Kolkata,West Bengal,Electronics,4,2614.69,0.1,9412.88,2259.09,UPI,Online
IN104894,2024-08-26,Pune,Maharashtra,Clothing,4,1158.35,0.0,4633.4,1297.35,UPI,Online
IN104895,2025-06-23,Lucknow,Uttar Pradesh,Electronics,2,3090.14,0.25,4635.21,1112.45,Cash,Store
IN104896,2025-01-14,Delhi,Delhi,Home & Kitchen,3,1457.98,0.2,3499.15,1049.75,Credit Card,Store
IN104897,2025-01-25,Ahmedabad,Gujarat,Clothing,5,1307.96,0.15,5558.83,1556.47,Credit Card,Store
IN104898,2024-11-23,Lucknow,Uttar Pradesh,Grocery,1,727.8,0.3,509.46,112.08,UPI,Store
IN104899,2025-04-24,Jaipur,Rajasthan,Grocery,4,798.42,0.0,3193.68,702.61,Debit Card,Online
IN104900,2024-10-30,Chennai,Tamil Nadu,Electronics,5,2868.02,0.1,12906.09,3097.46,Credit Card,Online
IN104901,2024-10-08,Lucknow,Uttar Pradesh,Beauty,5,794.81,0.2,3179.24,1017.36,Debit Card,Online
IN104902,2025-11-25,Hyderabad,Telangana,Grocery,4,784.44,0.1,2823.98,621.28,Cash,Online
IN104903,2024-12-10,Pune,Maharashtra,Clothing,2,1326.73,0.0,2653.46,742.97,Debit Card,Online
IN104904,2024-05-14,Ahmedabad,Gujarat,Electronics,4,3942.43,0.0,15769.72,3784.73,Credit Card,Online
IN104905,2025-04-12,Bengaluru,Karnataka,Clothing,5,1883.98,0.1,8477.91,2373.81,Cash,Online
IN104906,2024-12-26,Lucknow,Uttar Pradesh,Electronics,3,4277.71,0.15,10908.16,2617.96,Credit Card,Store
IN104907,2025-07-22,Mumbai,Maharashtra,Clothing,2,1583.05,0.0,3166.1,886.51,UPI,Store
IN104908,2024-04-24,Hyderabad,Telangana,Grocery,4,613.53,0.1,2208.71,485.92,UPI,Online
IN104909,2024-07-04,Hyderabad,Telangana,Home & Kitchen,1,1336.62,0.0,1336.62,400.99,Net Banking,Online
IN104910,2025-04-22,Mumbai,Maharashtra,Grocery,4,766.82,0.1,2760.55,607.32,UPI,Online
IN104911,2024-01-01,Jaipur,Rajasthan,Electronics,5,4274.17,0.2,17096.68,4103.2,Cash,Store
IN104912,2025-06-24,Bengaluru,Karnataka,Electronics,5,2381.41,0.1,10716.34,2571.92,UPI,Online
IN104913,2025-10-23,Chennai,Tamil Nadu,Clothing,1,985.61,0.1,887.05,248.37,Credit Card,Store
IN104914,2025-02-27,Pune,Maharashtra,Electronics,2,3970.09,0.0,7940.18,1905.64,Debit Card,Store
IN104915,2025-12-02,Ahmedabad,Gujarat,Electronics,5,2452.7,0.05,11650.32,2796.08,UPI,Online
IN104916,2024-09-26,Pune,Maharashtra,Home & Kitchen,2,1355.5,0.0,2711.0,813.3,Debit Card,Online
IN104917,2025-02-22,Bengaluru,Karnataka,Electronics,2,4133.5,0.15,7026.95,1686.47,Debit Card,Online
IN104918,2024-11-22,Pune,Maharashtra,Home & Kitchen,4,1353.09,0.0,5412.36,1623.71,Credit Card,Online
IN104919,2024-07-13,Mumbai,Maharashtra,Electronics,2,2477.16,0.1,4458.89,1070.13,Credit Card,Store
IN104920,2024-09-11,Hyderabad,Telangana,Beauty,5,963.2,0.15,4093.6,1309.95,UPI,Online
IN104921,2024-03-19,Pune,Maharashtra,Grocery,5,774.75,0.15,3292.69,724.39,Credit Card,Online
IN104922,2024-04-07,Kolkata,West Bengal,Home & Kitchen,3,1727.5,0.1,4664.25,1399.28,UPI,Store
IN104923,2024-05-29,Lucknow,Uttar Pradesh,Electronics,2,3114.83,0.1,5606.69,1345.61,UPI,Online
IN104924,2025-03-22,Bengaluru,Karnataka,Home & Kitchen,3,2000.17,0.0,6000.51,1800.15,Net Banking,Online
IN104925,2024-05-02,Jaipur,Rajasthan,Home & Kitchen,4,1851.35,0.0,7405.4,2221.62,Credit Card,Online
IN104926,2025-09-01,Kolkata,West Bengal,Grocery,3,462.87,0.1,1249.75,274.94,Debit Card,Store
IN104927,2025-11-06,Mumbai,Maharashtra,Grocery,2,502.99,0.05,955.68,210.25,Credit Card,Store
IN104928,2025-07-11,Delhi,Delhi,Home & Kitchen,5,1940.47,0.0,9702.35,2910.71,UPI,Online
IN104929,2024-12-24,Mumbai,Maharashtra,Electronics,4,3890.82,0.2,12450.62,2988.15,Credit Card,Store
IN104930,2024-08-26,Jaipur,Rajasthan,Grocery,2,777.41,0.15,1321.6,290.75,Debit Card,Store
IN104931,2025-06-13,Jaipur,Rajasthan,Home & Kitchen,4,2125.87,0.05,8078.31,2423.49,UPI,Online
IN104932,2025-11-13,Kolkata,West Bengal,Clothing,1,1681.86,0.0,1681.86,470.92,Cash,Store
IN104933,2025-10-30,Lucknow,Uttar Pradesh,Electronics,2,2332.44,0.1,4198.39,1007.61,Credit Card,Online
IN104934,2024-07-22,Bengaluru,Karnataka,Clothing,1,1794.54,0.05,1704.81,477.35,UPI,Store
IN104935,2025-10-19,Chennai,Tamil Nadu,Home & Kitchen,3,2300.46,0.05,6556.31,1966.89,Credit Card,Online
IN104936,2024-05-22,Hyderabad,Telangana,Electronics,2,3346.4,0.15,5688.88,1365.33,UPI,Store
IN104937,2024-07-05,Kolkata,West Bengal,Electronics,1,2757.08,0.05,2619.23,628.62,UPI,Online
IN104938,2025-05-02,Jaipur,Rajasthan,Electronics,5,3471.73,0.0,17358.65,4166.08,Debit Card,Store
IN104939,2024-05-01,Delhi,Delhi,Home & Kitchen,3,1912.73,0.1,5164.37,1549.31,Cash,Online
IN104940,2024-12-15,Ahmedabad,Gujarat,Electronics,2,2703.75,0.2,4326.0,1038.24,Debit Card,Store
IN104941,2024-04-09,Jaipur,Rajasthan,Grocery,2,709.82,0.2,1135.71,249.86,Cash,Online
IN104942,2024-10-10,Lucknow,Uttar Pradesh,Clothing,5,1705.54,0.2,6822.16,1910.2,Net Banking,Store
IN104943,2025-06-10,Lucknow,Uttar Pradesh,Home & Kitchen,5,2203.15,0.1,9914.18,2974.25,Net Banking,Store
IN104944,2025-01-18,Jaipur,Rajasthan,Beauty,1,664.92,0.2,531.94,170.22,UPI,Online
IN104945,2025-07-08,Lucknow,Uttar Pradesh,Electronics,1,2650.1,0.2,2120.08,508.82,Credit Card,Store
IN104946,2024-07-05,Kolkata,West Bengal,Clothing,1,1588.08,0.1,1429.27,400.2,UPI,Online
IN104947,2024-01-08,Jaipur,Rajasthan,Home & Kitchen,4,2266.0,0.05,8610.8,2583.24,Credit Card,Store
IN104948,2025-09-15,Jaipur,Rajasthan,Clothing,3,1454.31,0.15,3708.49,1038.38,Net Banking,Store
IN104949,2025-06-28,Bengaluru,Karnataka,Electronics,2,3711.65,0.25,5567.48,1336.2,UPI,Online
IN104950,2025-02-22,Hyderabad,Telangana,Home & Kitchen,3,1284.65,0.3,2697.76,809.33,Debit Card,Store
IN104951,2024-03-30,Delhi,Delhi,Beauty,5,985.93,0.05,4683.17,1498.61,Debit Card,Online
IN104952,2025-05-10,Lucknow,Uttar Pradesh,Grocery,3,861.41,0.25,1938.17,426.4,UPI,Online
IN104953,2025-10-22,Bengaluru,Karnataka,Clothing,3,1581.52,0.1,4270.1,1195.63,UPI,Store
IN104954,2025-12-24,Chennai,Tamil Nadu,Clothing,1,1819.27,0.05,1728.31,483.93,Credit Card,Store
IN104955,2024-04-25,Chennai,Tamil Nadu,Electronics,5,3417.3,0.3,11960.55,2870.53,UPI,Online
IN104956,2025-11-15,Pune,Maharashtra,Home & Kitchen,3,2246.75,0.2,5392.2,1617.66,Credit Card,Online
IN104957,2024-01-20,Kolkata,West Bengal,Home & Kitchen,2,1405.27,0.15,2388.96,716.69,Credit Card,Store
IN104958,2024-05-11,Kolkata,West Bengal,Home & Kitchen,1,1404.51,0.2,1123.61,337.08,Credit Card,Online
IN104959,2024-10-18,Mumbai,Maharashtra,Electronics,3,2489.97,0.15,6349.42,1523.86,UPI,Store
IN104960,2024-12-19,Delhi,Delhi,Grocery,5,661.54,0.1,2976.93,654.92,Credit Card,Store
IN104961,2024-08-24,Jaipur,Rajasthan,Electronics,2,2926.95,0.25,4390.42,1053.7,UPI,Online
IN104962,2025-08-11,Lucknow,Uttar Pradesh,Clothing,5,1634.46,0.25,6129.22,1716.18,Cash,Online
IN104963,2024-08-10,Delhi,Delhi,Home & Kitchen,5,2316.07,0.05,11001.33,3300.4,UPI,Online
IN104964,2025-03-11,Pune,Maharashtra,Electronics,5,3528.3,0.05,16759.42,4022.26,Cash,Online
IN104965,2025-09-29,Mumbai,Maharashtra,Grocery,4,545.08,0.1,1962.29,431.7,Debit Card,Store
IN104966,2024-02-08,Bengaluru,Karnataka,Grocery,2,848.3,0.2,1357.28,298.6,Debit Card,Store
IN104967,2024-11-22,Delhi,Delhi,Beauty,5,938.8,0.2,3755.2,1201.66,UPI,Store
IN104968,2024-07-27,Bengaluru,Karnataka,Home & Kitchen,4,2102.34,0.3,5886.55,1765.97,UPI,Online
IN104969,2024-04-15,Chennai,Tamil Nadu,Home & Kitchen,1,2301.89,0.1,2071.7,621.51,UPI,Online
IN104970,2025-10-13,Lucknow,Uttar Pradesh,Grocery,4,873.2,0.15,2968.88,653.15,UPI,Store
IN104971,2024-09-05,Pune,Maharashtra,Electronics,1,3292.61,0.2,2634.09,632.18,Net Banking,Store
IN104972,2025-07-20,Jaipur,Rajasthan,Clothing,4,1715.34,0.05,6518.29,1825.12,UPI,Store
IN104973,2025-09-21,Lucknow,Uttar Pradesh,Grocery,5,694.5,0.15,2951.62,649.36,Net Banking,Online
IN104974,2025-11-18,Hyderabad,Telangana,Grocery,4,660.53,0.1,2377.91,523.14,Debit Card,Store
IN104975,2024-12-19,Kolkata,West Bengal,Grocery,4,682.18,0.15,2319.41,510.27,UPI,Online
IN104976,2025-04-14,Pune,Maharashtra,Clothing,5,1420.69,0.15,6037.93,1690.62,Debit Card,Store
IN104977,2025-12-25,Delhi,Delhi,Clothing,1,1363.14,0.2,1090.51,305.34,UPI,Store
IN104978,2024-09-21,Lucknow,Uttar Pradesh,Electronics,5,3745.34,0.05,17790.37,4269.69,UPI,Store
IN104979,2025-10-13,Ahmedabad,Gujarat,Grocery,2,560.49,0.05,1064.93,234.28,UPI,Online
IN104980,2025-04-08,Kolkata,West Bengal,Grocery,4,715.42,0.2,2289.34,503.65,Net Banking,Store
IN104981,2025-03-16,Kolkata,West Bengal,Grocery,2,756.23,0.05,1436.84,316.1,Credit Card,Online
IN104982,2024-10-10,Ahmedabad,Gujarat,Clothing,5,1791.8,0.05,8511.05,2383.09,Debit Card,Store
IN104983,2025-06-17,Mumbai,Maharashtra,Clothing,5,1282.01,0.05,6089.55,1705.07,UPI,Online
IN104984,2025-01-03,Mumbai,Maharashtra,Home & Kitchen,3,2266.9,0.0,6800.7,2040.21,Credit Card,Online
IN104985,2025-11-29,Ahmedabad,Gujarat,Home & Kitchen,2,2365.99,0.15,4022.18,1206.65,UPI,Online
IN104986,2025-12-19,Hyderabad,Telangana,Clothing,3,1570.3,0.15,4004.26,1121.19,UPI,Store
IN104987,2025-10-20,Chennai,Tamil Nadu,Grocery,2,780.93,0.1,1405.67,309.25,UPI,Online
IN104988,2025-05-09,Ahmedabad,Gujarat,Clothing,3,1349.19,0.15,3440.43,963.32,UPI,Store
IN104989,2024-06-02,Chennai,Tamil Nadu,Grocery,3,857.28,0.05,2443.25,537.52,Debit Card,Store
IN104990,2025-09-11,Lucknow,Uttar Pradesh,Home & Kitchen,2,2044.91,0.05,3885.33,1165.6,UPI,Store
IN104991,2024-11-11,Hyderabad,Telangana,Grocery,5,586.04,0.2,2344.16,515.72,Net Banking,Online
IN104992,2024-10-26,Pune,Maharashtra,Grocery,1,625.8,0.1,563.22,123.91,UPI,Store
IN104993,2025-03-15,Chennai,Tamil Nadu,Clothing,5,1542.16,0.0,7710.8,2159.02,Credit Card,Online
IN104994,2024-05-30,Kolkata,West Bengal,Grocery,1,553.92,0.15,470.83,103.58,UPI,Online
IN104995,2025-02-09,Lucknow,Uttar Pradesh,Grocery,2,773.53,0.05,1469.71,323.34,UPI,Online
IN104996,2024-06-23,Kolkata,West Bengal,Grocery,4,549.93,0.05,2089.73,459.74,Net Banking,Online
IN104997,2024-02-24,Hyderabad,Telangana,Grocery,5,705.03,0.0,3525.15,775.53,Cash,Online
IN104998,2024-11-06,Chennai,Tamil Nadu,Electronics,3,3689.77,0.3,7748.52,1859.64,Debit Card,Online
IN104999,2024-06-02,Bengaluru,Karnataka,Beauty,5,1132.95,0.1,5098.28,1631.45,Cash,Online
IN105000,2025-05-14,Hyderabad,Telangana,Home & Kitchen,2,2118.66,0.0,4237.32,1271.2,Cash,Online
